gene_id	gene_symbol	gene_type	chrom	start1	end1	strand	panel_overlap_loci	panel_uniquely_assigned_loci
ENSG00000001617.12	SEMA3F	protein_coding	chr3	50155045	50189075	+	17	15
ENSG00000002834.18	LASP1	protein_coding	chr17	38869859	38921770	+	25	22
ENSG00000002919.15	SNX11	protein_coding	chr17	48103357	48123601	+	19	19
ENSG00000003137.9	CYP26B1	protein_coding	chr2	72129238	72147862	-	12	12
ENSG00000003393.16	ALS2	protein_coding	chr2	201700267	201782112	-	79	79
ENSG00000003400.15	CASP10	protein_coding	chr2	201182898	201229406	+	19	18
ENSG00000003402.20	CFLAR	protein_coding	chr2	201116154	201176687	+	42	26
ENSG00000003436.16	TFPI	protein_coding	chr2	187464230	187565760	-	27	1
ENSG00000003509.16	NDUFAF7	protein_coding	chr2	37231631	37253403	+	15	6
ENSG00000003756.17	RBM5	protein_coding	chr3	50088919	50119021	+	12	5
ENSG00000003987.14	MTMR7	protein_coding	chr8	17296794	17413528	-	51	33
ENSG00000003989.18	SLC7A2	protein_coding	chr8	17497088	17570573	+	51	51
ENSG00000004139.14	SARM1	protein_coding	chr17	28364356	28404049	+	23	2
ENSG00000004142.12	POLDIP2	protein_coding	chr17	28346633	28357527	-	2	2
ENSG00000004399.13	PLXND1	protein_coding	chr3	129555214	129606676	-	52	52
ENSG00000004534.15	RBM6	protein_coding	chr3	49940007	50100045	+	25	19
ENSG00000004660.15	CAMKK1	protein_coding	chr17	3860315	3894891	-	29	29
ENSG00000004838.14	ZMYND10	protein_coding	chr3	50341110	50345732	-	3	0
ENSG00000004897.12	CDC27	protein_coding	chr17	47117703	47189422	-	20	19
ENSG00000004939.15	SLC4A1	protein_coding	chr17	44248390	44268141	-	14	14
ENSG00000004975.12	DVL2	protein_coding	chr17	7225342	7234517	-	9	9
ENSG00000005100.13	DHX33	protein_coding	chr17	5440917	5468982	-	14	8
ENSG00000005102.14	MEOX1	protein_coding	chr17	43640389	43661922	-	4	4
ENSG00000005156.12	LIG3	protein_coding	chr17	34980512	35009743	+	16	13
ENSG00000005238.20	FAM214B	protein_coding	chr9	35104112	35116341	-	7	7
ENSG00000005243.10	COPZ2	protein_coding	chr17	48026167	48038030	-	9	9
ENSG00000005379.17	TSPOAP1	protein_coding	chr17	58301228	58328795	-	35	33
ENSG00000005381.8	MPO	protein_coding	chr17	58269855	58280935	-	5	5
ENSG00000005436.14	GCFC2	protein_coding	chr2	75652000	75710985	-	47	12
ENSG00000005448.17	WDR54	protein_coding	chr2	74421678	74425755	+	1	1
ENSG00000005882.12	PDK2	protein_coding	chr17	50094737	50112152	+	23	15
ENSG00000005884.18	ITGA3	protein_coding	chr17	50055968	50090481	+	27	27
ENSG00000005961.19	ITGA2B	protein_coding	chr17	44372180	44389649	-	7	7
ENSG00000006025.12	OSBPL7	protein_coding	chr17	47807372	47821834	-	25	25
ENSG00000006042.12	TMEM98	protein_coding	chr17	32927910	32945106	+	21	21
ENSG00000006047.13	YBX2	protein_coding	chr17	7288263	7294639	-	9	9
ENSG00000006059.4	KRT33A	protein_coding	chr17	41346092	41350828	-	3	3
ENSG00000006062.18	MAP3K14	protein_coding	chr17	45263119	45317029	-	17	10
ENSG00000006125.18	AP2B1	protein_coding	chr17	35578046	35726413	+	33	24
ENSG00000006282.21	SPATA20	protein_coding	chr17	50543058	50555852	+	20	19
ENSG00000006283.18	CACNA1G	protein_coding	chr17	50560715	50627474	+	24	21
ENSG00000006607.14	FARP2	protein_coding	chr2	241356285	241494841	+	60	55
ENSG00000006695.12	COX10	protein_coding	chr17	14069490	14231736	+	38	38
ENSG00000006740.17	ARHGAP44	protein_coding	chr17	12789498	12991643	+	48	44
ENSG00000006744.19	ELAC2	protein_coding	chr17	12991612	13018065	-	44	44
ENSG00000006788.14	MYH13	protein_coding	chr17	10300865	10373130	-	29	13
ENSG00000006837.12	CDKL3	protein_coding	chr5	134286350	134371047	-	6	0
ENSG00000007001.13	UPP2	protein_coding	chr2	157876702	158136154	+	35	33
ENSG00000007168.14	PAFAH1B1	protein_coding	chr17	2593210	2685615	+	29	26
ENSG00000007171.18	NOS2	protein_coding	chr17	27756766	27800529	-	16	14
ENSG00000007174.18	DNAH9	protein_coding	chr17	11598470	11969748	+	94	87
ENSG00000007202.15	KIAA0100	protein_coding	chr17	28614446	28645454	-	5	5
ENSG00000007216.15	SLC13A2	protein_coding	chr17	28473293	28497781	+	6	0
ENSG00000007237.19	GAS7	protein_coding	chr17	9910606	10198606	-	75	75
ENSG00000007312.13	CD79B	protein_coding	chr17	63928740	63932336	-	8	0
ENSG00000007314.12	SCN4A	protein_coding	chr17	63938554	63972918	-	25	25
ENSG00000007402.12	CACNA2D2	protein_coding	chr3	50362613	50504244	-	16	13
ENSG00000008226.20	DLEC1	protein_coding	chr3	38039205	38124025	+	25	17
ENSG00000008283.16	CYB561	protein_coding	chr17	63432304	63446354	-	10	10
ENSG00000008294.21	SPAG9	protein_coding	chr17	50962174	51120868	-	27	23
ENSG00000008300.17	CELSR3	protein_coding	chr3	48636463	48662886	-	11	11
ENSG00000008324.12	SS18L2	protein_coding	chr3	42581840	42596934	+	8	0
ENSG00000008513.16	ST3GAL1	protein_coding	chr8	133454848	133571940	-	39	39
ENSG00000008838.20	MED24	protein_coding	chr17	40019097	40061215	-	30	30
ENSG00000008853.17	RHOBTB2	protein_coding	chr8	22987417	23020199	+	20	1
ENSG00000008869.12	HEATR5B	protein_coding	chr2	36968383	37084372	-	30	30
ENSG00000008952.17	SEC62	protein_coding	chr3	169966635	169998373	+	15	10
ENSG00000008988.11	RPS20	protein_coding	chr8	56067254	56074510	-	29	28
ENSG00000010244.19	ZNF207	protein_coding	chr17	32350132	32381885	+	15	13
ENSG00000010256.11	UQCRC1	protein_coding	chr3	48599002	48610976	-	1	1
ENSG00000010282.15	HHATL	protein_coding	chr3	42692663	42702824	-	7	0
ENSG00000010318.21	PHF7	protein_coding	chr3	52410660	52423641	+	3	3
ENSG00000010319.7	SEMA3G	protein_coding	chr3	52433035	52445103	-	7	7
ENSG00000010322.16	NISCH	protein_coding	chr3	52455118	52493068	+	17	17
ENSG00000010327.10	STAB1	protein_coding	chr3	52495338	52524495	+	32	32
ENSG00000010438.17	PRSS3	protein_coding	chr9	33750679	33799231	+	11	5
ENSG00000011028.14	MRC2	protein_coding	chr17	62627670	62693597	+	31	29
ENSG00000011052.21	NME1-NME2	protein_coding	chr17	51153590	51171744	+	24	1
ENSG00000011083.9	SLC6A7	protein_coding	chr5	150190062	150222788	+	41	28
ENSG00000011143.19	MKS1	protein_coding	chr17	58205441	58219605	-	14	13
ENSG00000011198.10	ABHD5	protein_coding	chr3	43690108	43734371	+	21	19
ENSG00000011258.16	MBTD1	protein_coding	chr17	51177425	51260163	-	20	19
ENSG00000011260.14	UTP18	protein_coding	chr17	51260546	51297936	+	9	9
ENSG00000011295.16	TTC19	protein_coding	chr17	15999784	16045015	+	25	16
ENSG00000011376.12	LARS2	protein_coding	chr3	45388561	45554726	+	49	44
ENSG00000011454.18	RABGAP1	protein_coding	chr9	122940833	123104866	+	29	27
ENSG00000011523.14	CEP68	protein_coding	chr2	65056366	65087004	+	26	4
ENSG00000011566.15	MAP4K3	protein_coding	chr2	39249266	39437301	-	36	34
ENSG00000012048.23	BRCA1	protein_coding	chr17	43044295	43170245	-	31	26
ENSG00000012171.20	SEMA3B	protein_coding	chr3	50267558	50277546	+	6	6
ENSG00000012223.13	LTF	protein_coding	chr3	46435645	46485234	-	37	37
ENSG00000012232.9	EXTL3	protein_coding	chr8	28600469	28755599	+	37	35
ENSG00000013016.16	EHD3	protein_coding	chr2	31234152	31269451	+	13	13
ENSG00000013293.6	SLC7A14	protein_coding	chr3	170459548	170586075	-	34	0
ENSG00000013297.12	CLDN11	protein_coding	chr3	170418868	170454733	+	9	0
ENSG00000013306.16	SLC25A39	protein_coding	chr17	44319625	44324870	-	7	7
ENSG00000013441.16	CLK1	protein_coding	chr2	200853009	200864744	-	2	2
ENSG00000013561.18	RNF14	protein_coding	chr5	141958328	141990292	+	16	11
ENSG00000014164.7	ZC3H3	protein_coding	chr8	143437659	143541447	-	25	25
ENSG00000014257.16	ACP3	protein_coding	chr3	132317369	132368298	+	26	26
ENSG00000014641.21	MDH1	protein_coding	chr2	63588609	63607197	+	10	0
ENSG00000015479.20	MATR3	protein_coding	chr5	139293674	139331677	+	6	0
ENSG00000015532.10	XYLT2	protein_coding	chr17	50346126	50363138	+	20	20
ENSG00000015592.16	STMN4	protein_coding	chr8	27235323	27258420	-	10	10
ENSG00000016082.15	ISL1	protein_coding	chr5	51383448	51394730	+	6	6
ENSG00000016391.11	CHDH	protein_coding	chr3	53812335	53846419	-	29	25
ENSG00000016864.19	GLT8D1	protein_coding	chr3	52694486	52706032	-	6	5
ENSG00000017260.20	ATP2C1	protein_coding	chr3	130850595	131016712	+	26	22
ENSG00000018280.17	SLC11A1	protein_coding	chr2	218382029	218396894	+	18	18
ENSG00000018408.15	WWTR1	protein_coding	chr3	149517235	149736714	-	43	39
ENSG00000018510.18	AGPS	protein_coding	chr2	177392746	177567024	+	41	38
ENSG00000018607.7	ZNF806	transcribed_unprocessed_pseudogene	chr2	132304806	132326855	+	2	2
ENSG00000018699.13	TTC27	protein_coding	chr2	32628032	32821051	+	28	28
ENSG00000019169.11	MARCO	protein_coding	chr2	118942194	118994660	+	14	14
ENSG00000019582.16	CD74	protein_coding	chr5	150400041	150412969	-	11	11
ENSG00000020181.18	ADGRA2	protein_coding	chr8	37784191	37844896	+	14	14
ENSG00000021574.13	SPAST	protein_coding	chr2	32063556	32157637	+	25	25
ENSG00000021826.17	CPS1	protein_coding	chr2	210477682	210679107	+	41	41
ENSG00000022355.18	GABRA1	protein_coding	chr5	161847063	161899981	+	23	23
ENSG00000022567.10	SLC45A4	protein_coding	chr8	141207166	141308305	-	34	32
ENSG00000023228.14	NDUFS1	protein_coding	chr2	206114817	206159509	-	31	13
ENSG00000023287.13	RB1CC1	protein_coding	chr8	52622458	52745843	-	13	13
ENSG00000023318.8	ERP44	protein_coding	chr9	99979185	100099000	-	16	16
ENSG00000023330.15	ALAS1	protein_coding	chr3	52198086	52214327	+	14	14
ENSG00000027847.14	B4GALT7	protein_coding	chr5	177600132	177610330	+	17	17
ENSG00000028116.18	VRK2	protein_coding	chr2	57907629	58159920	+	27	25
ENSG00000028310.18	BRD9	protein_coding	chr5	850291	892801	-	27	21
ENSG00000029534.21	ANK1	protein_coding	chr8	41653220	41896762	-	58	54
ENSG00000029725.17	RABEP1	protein_coding	chr17	5282265	5386340	+	37	11
ENSG00000030304.14	MUSK	protein_coding	chr9	110668779	110806558	+	36	36
ENSG00000030419.16	IKZF2	protein_coding	chr2	212999691	213152427	-	40	20
ENSG00000030582.18	GRN	protein_coding	chr17	44345246	44353106	+	6	6
ENSG00000031003.10	FAM13B	protein_coding	chr5	137937960	138051961	-	18	16
ENSG00000031081.11	ARHGAP31	protein_coding	chr3	119294383	119420714	+	32	32
ENSG00000032389.13	EIPR1	protein_coding	chr2	3188925	3377830	-	60	60
ENSG00000033627.17	ATP6V0A1	protein_coding	chr17	42458844	42522582	+	17	16
ENSG00000033867.16	SLC4A7	protein_coding	chr3	27372721	27484420	-	37	28
ENSG00000034152.19	MAP2K3	protein_coding	chr17	21284672	21315232	+	33	33
ENSG00000034239.11	EFCAB1	protein_coding	chr8	48710789	48735311	-	11	11
ENSG00000034510.6	TMSB10	protein_coding	chr2	84905656	84906671	+	1	0
ENSG00000034533.12	ASTE1	protein_coding	chr3	131013875	131027649	-	8	4
ENSG00000034677.13	RNF19A	protein_coding	chr8	100257060	100336218	-	16	16
ENSG00000035115.22	SH3YL1	protein_coding	chr2	217730	266398	-	38	34
ENSG00000035141.8	FAM136A	protein_coding	chr2	70295975	70302090	-	8	6
ENSG00000035499.13	DEPDC1B	protein_coding	chr5	60596912	60700190	-	16	15
ENSG00000035681.9	NSMAF	protein_coding	chr8	58583508	58659853	-	30	30
ENSG00000035862.12	TIMP2	protein_coding	chr17	78852977	78925387	-	28	8
ENSG00000036054.13	TBC1D23	protein_coding	chr3	100260992	100325251	+	11	11
ENSG00000036257.13	CUL3	protein_coding	chr2	224470150	224585397	-	37	26
ENSG00000036448.10	MYOM2	protein_coding	chr8	2045046	2165552	+	81	80
ENSG00000036565.15	SLC18A1	protein_coding	chr8	20144855	20183206	-	33	33
ENSG00000036828.17	CASR	protein_coding	chr3	122183668	122291629	+	53	53
ENSG00000037042.9	TUBG2	protein_coding	chr17	42659284	42667006	+	3	3
ENSG00000037241.7	RPL26L1	protein_coding	chr5	172958729	172969771	+	5	2
ENSG00000037280.16	FLT4	protein_coding	chr5	180601506	180649624	-	56	56
ENSG00000037474.15	NSUN2	protein_coding	chr5	6599239	6633291	-	35	32
ENSG00000037749.13	MFAP3	protein_coding	chr5	154038959	154220478	+	46	37
ENSG00000038274.17	MAT2B	protein_coding	chr5	163503114	163519354	+	11	11
ENSG00000038382.20	TRIO	protein_coding	chr5	14143342	14532128	+	71	71
ENSG00000038427.16	VCAN	protein_coding	chr5	83471618	83582303	+	31	10
ENSG00000038945.15	MSR1	protein_coding	chr8	16107878	16567490	-	94	94
ENSG00000039123.16	MTREX	protein_coding	chr5	55307989	55425579	+	26	26
ENSG00000039139.10	DNAH5	protein_coding	chr5	13690328	14011818	-	107	89
ENSG00000039319.17	ZFYVE16	protein_coding	chr5	80408013	80483379	+	32	1
ENSG00000039537.14	C6	protein_coding	chr5	41142116	41261438	-	19	19
ENSG00000039560.14	RAI14	protein_coding	chr5	34656328	34832612	+	50	49
ENSG00000039600.11	SOX30	protein_coding	chr5	157625679	157671480	-	12	12
ENSG00000040275.17	SPDL1	protein_coding	chr5	169583636	169604778	+	10	10
ENSG00000040341.18	STAU2	protein_coding	chr8	73420369	73747708	-	52	38
ENSG00000040531.16	CTNS	protein_coding	chr17	3636459	3663103	+	37	31
ENSG00000040633.13	PHF23	protein_coding	chr17	7235029	7239722	-	4	4
ENSG00000040731.10	CDH10	protein_coding	chr5	24487100	24644978	-	22	16
ENSG00000040933.16	INPP4A	protein_coding	chr2	98444854	98594392	+	26	26
ENSG00000041802.11	LSG1	protein_coding	chr3	194640791	194672463	-	35	26
ENSG00000041880.15	PARP3	protein_coding	chr3	51942345	51948867	+	4	4
ENSG00000041982.16	TNC	protein_coding	chr9	115019575	115118257	-	49	0
ENSG00000042304.13	C2orf83	transcribed_unprocessed_pseudogene	chr2	227610090	227648606	-	25	6
ENSG00000042445.14	RETSAT	protein_coding	chr2	85341955	85354531	-	15	15
ENSG00000042493.16	CAPG	protein_coding	chr2	85394753	85418432	-	13	13
ENSG00000042832.12	TG	protein_coding	chr8	132866958	133134903	+	109	65
ENSG00000042980.13	ADAM28	protein_coding	chr8	24294069	24359014	+	37	0
ENSG00000043093.15	DCUN1D1	protein_coding	chr3	182938074	182985953	-	13	12
ENSG00000043143.21	JADE2	protein_coding	chr5	134524312	134583230	+	33	33
ENSG00000043462.13	LCP2	protein_coding	chr5	170246233	170297815	-	24	16
ENSG00000044115.21	CTNNA1	protein_coding	chr5	138610967	138935034	+	48	40
ENSG00000044459.15	CNTLN	protein_coding	chr9	17134982	17503923	+	95	95
ENSG00000044524.11	EPHA3	protein_coding	chr3	89107621	89482134	+	52	49
ENSG00000044574.9	HSPA5	protein_coding	chr9	125234853	125241382	-	4	4
ENSG00000046889.19	PREX2	protein_coding	chr8	67952046	68237032	+	92	84
ENSG00000047188.16	YTHDC2	protein_coding	chr5	113513694	113595285	+	55	55
ENSG00000047249.18	ATP6V1H	protein_coding	chr8	53715543	53843558	-	18	18
ENSG00000047457.14	CP	protein_coding	chr3	149162410	149221829	-	21	13
ENSG00000047849.21	MAP4	protein_coding	chr3	47850690	48089272	-	31	31
ENSG00000048140.18	TSPAN17	protein_coding	chr5	176647387	176659054	+	18	18
ENSG00000048162.21	NOP16	protein_coding	chr5	176383938	176388927	-	9	0
ENSG00000048392.12	RRM2B	protein_coding	chr8	102204502	102238961	-	22	22
ENSG00000048828.17	FAM120A	protein_coding	chr9	93451685	93566112	+	18	17
ENSG00000048991.16	R3HDM1	protein_coding	chr2	135531455	135725270	+	23	23
ENSG00000049167.15	ERCC8	protein_coding	chr5	60866454	60945073	-	44	41
ENSG00000049192.15	ADAMTS6	protein_coding	chr5	65148738	65481920	-	40	40
ENSG00000049283.18	EPN3	protein_coding	chr17	50532682	50543750	+	11	5
ENSG00000049323.16	LTBP1	protein_coding	chr2	32946953	33399509	+	78	75
ENSG00000049656.14	CLPTM1L	protein_coding	chr5	1317752	1345099	-	18	18
ENSG00000049860.14	HEXB	protein_coding	chr5	74640023	74722647	+	15	14
ENSG00000049883.15	PTCD2	protein_coding	chr5	72320367	72368395	+	22	22
ENSG00000050555.19	LAMC3	protein_coding	chr9	131009174	131094473	+	61	61
ENSG00000050748.18	MAPK9	protein_coding	chr5	180233143	180292099	-	25	25
ENSG00000050767.18	COL23A1	protein_coding	chr5	178237476	178590393	-	73	73
ENSG00000051341.14	POLQ	protein_coding	chr3	121431427	121546641	-	23	23
ENSG00000051382.9	PIK3CB	protein_coding	chr3	138652698	138834928	-	24	24
ENSG00000051596.10	THOC3	protein_coding	chr5	175917873	176034680	-	5	2
ENSG00000053108.17	FSTL4	protein_coding	chr5	133196455	133612541	-	60	41
ENSG00000053524.12	MCF2L2	protein_coding	chr3	183178043	183428778	-	112	96
ENSG00000054148.18	PHPT1	protein_coding	chr9	136848724	136851027	+	3	3
ENSG00000054179.12	ENTPD2	protein_coding	chr9	137048107	137054061	-	9	9
ENSG00000054219.11	LY75	protein_coding	chr2	159803355	159904756	-	49	0
ENSG00000054356.14	PTPRN	protein_coding	chr2	219289623	219309648	-	25	22
ENSG00000055044.11	NOP58	protein_coding	chr2	202265736	202303661	+	12	10
ENSG00000055147.19	FAM114A2	protein_coding	chr5	153990148	154038936	-	25	25
ENSG00000055163.20	CYFIP2	protein_coding	chr5	157266079	157395595	+	66	32
ENSG00000055332.19	EIF2AK2	protein_coding	chr2	37099210	37157522	-	21	18
ENSG00000055483.19	USP36	protein_coding	chr17	78787381	78841441	-	45	45
ENSG00000055813.6	CCDC85A	protein_coding	chr2	56183990	56386172	+	26	0
ENSG00000055917.16	PUM2	protein_coding	chr2	20248691	20352234	-	13	13
ENSG00000055955.17	ITIH4	protein_coding	chr3	52812962	52830688	-	54	0
ENSG00000055957.11	ITIH1	protein_coding	chr3	52777595	52792068	+	16	16
ENSG00000056097.16	ZFR	protein_coding	chr5	32354350	32444740	-	17	17
ENSG00000056558.11	TRAF1	protein_coding	chr9	120902393	120929173	-	18	18
ENSG00000056586.16	RC3H2	protein_coding	chr9	122844556	122905359	-	16	16
ENSG00000056736.10	IL17RB	protein_coding	chr3	53846568	53865794	+	17	17
ENSG00000057019.16	DCBLD2	protein_coding	chr3	98795941	98901695	-	32	15
ENSG00000057935.14	MTA3	protein_coding	chr2	42494569	42756947	+	47	47
ENSG00000058056.10	USP13	protein_coding	chr3	179653032	179804366	+	68	7
ENSG00000058063.16	ATP11B	protein_coding	chr3	182793503	182921629	+	28	27
ENSG00000058262.10	SEC61A1	protein_coding	chr3	128051641	128071683	+	13	3
ENSG00000058729.11	RIOK2	protein_coding	chr5	97160867	97183247	-	18	0
ENSG00000058866.15	DGKG	protein_coding	chr3	186105668	186362234	-	58	55
ENSG00000059728.11	MXD1	protein_coding	chr2	69897688	69942945	+	16	10
ENSG00000059769.20	DNAJC25	protein_coding	chr9	111631334	111654351	+	12	0
ENSG00000060971.19	ACAA1	protein_coding	chr3	38103129	38137242	-	16	8
ENSG00000061337.15	LZTS1	protein_coding	chr8	20246165	20303963	-	15	14
ENSG00000061455.11	PRDM6	protein_coding	chr5	123089241	123194266	+	27	25
ENSG00000061492.12	WNT8A	protein_coding	chr5	138083990	138092365	+	7	7
ENSG00000061676.15	NCKAP1	protein_coding	chr2	182909115	183038858	-	44	44
ENSG00000061938.20	TNK2	protein_coding	chr3	195863364	195911945	-	33	31
ENSG00000062194.16	GPBP1	protein_coding	chr5	57173948	57264679	+	16	16
ENSG00000062716.13	VMP1	protein_coding	chr17	59707192	59842255	+	20	20
ENSG00000062725.10	APPBP2	protein_coding	chr17	60443158	60526242	-	41	41
ENSG00000063015.20	SEZ6	protein_coding	chr17	28954901	29006440	-	7	0
ENSG00000063438.19	AHRR	protein_coding	chr5	321759	438291	+	59	0
ENSG00000063660.9	GPC1	protein_coding	chr2	240435663	240468076	+	37	35
ENSG00000064012.22	CASP8	protein_coding	chr2	201233443	201287711	+	25	25
ENSG00000064195.7	DLX3	protein_coding	chr17	49990005	49995224	-	14	14
ENSG00000064218.5	DMRT3	protein_coding	chr9	976655	991732	+	11	11
ENSG00000064225.12	ST3GAL6	protein_coding	chr3	98732236	98821201	+	43	21
ENSG00000064300.9	NGFR	protein_coding	chr17	49495293	49515008	+	22	1
ENSG00000064313.12	TAF2	protein_coding	chr8	119730774	119832841	-	29	29
ENSG00000064651.14	SLC12A2	protein_coding	chr5	128083766	128189677	+	23	23
ENSG00000064652.11	SNX24	protein_coding	chr5	122843439	123029354	+	26	23
ENSG00000064692.20	SNCAIP	protein_coding	chr5	122311354	122464219	+	22	15
ENSG00000064835.11	POU1F1	protein_coding	chr3	87259404	87276584	-	4	4
ENSG00000064933.18	PMS1	protein_coding	chr2	189784085	189877629	+	13	13
ENSG00000064989.13	CALCRL	protein_coding	chr2	187341964	187448460	-	32	0
ENSG00000065320.9	NTN1	protein_coding	chr17	9021510	9244000	+	45	45
ENSG00000065325.13	GLP2R	protein_coding	chr17	9822206	9892099	+	42	42
ENSG00000065371.17	ROPN1	protein_coding	chr3	123968521	123992178	-	11	11
ENSG00000065413.20	ANKRD44	protein_coding	chr2	196967017	197311173	-	65	60
ENSG00000065485.20	PDIA5	protein_coding	chr3	123067025	123225227	+	33	27
ENSG00000065518.8	NDUFB4	protein_coding	chr3	120596328	120602507	+	3	3
ENSG00000065534.19	MYLK	protein_coding	chr3	123610049	123884332	-	85	56
ENSG00000065548.18	ZC3H15	protein_coding	chr2	186486253	186509361	+	7	7
ENSG00000065559.15	MAP2K4	protein_coding	chr17	12020829	12143830	+	14	14
ENSG00000065802.12	ASB1	protein_coding	chr2	238426742	238452250	+	29	28
ENSG00000065911.13	MTHFD2	protein_coding	chr2	74186172	74217565	+	31	22
ENSG00000066032.19	CTNNA2	protein_coding	chr2	79185231	80648861	+	172	150
ENSG00000066230.12	SLC9A3	protein_coding	chr5	470456	524449	-	36	12
ENSG00000066248.15	NGEF	protein_coding	chr2	232878701	233013256	-	46	46
ENSG00000066405.13	CLDN18	protein_coding	chr3	137998735	138033655	+	18	18
ENSG00000066422.5	ZBTB11	protein_coding	chr3	101648889	101677132	-	18	18
ENSG00000066583.12	ISOC1	protein_coding	chr5	129094749	129114028	+	8	8
ENSG00000066697.15	MSANTD3	protein_coding	chr9	100427143	100451734	+	9	3
ENSG00000066777.9	ARFGEF1	protein_coding	chr8	67173511	67343781	-	25	19
ENSG00000066827.16	ZFAT	protein_coding	chr8	134477788	134713049	-	63	52
ENSG00000066855.16	MTFR1	protein_coding	chr8	65644734	65771261	+	23	8
ENSG00000067066.17	SP100	protein_coding	chr2	230415942	230545606	+	76	49
ENSG00000067113.17	PLPP1	protein_coding	chr5	55424854	55534969	-	13	11
ENSG00000067167.8	TRAM1	protein_coding	chr8	70573218	70608416	-	12	12
ENSG00000067191.16	CACNB1	protein_coding	chr17	39173453	39197703	-	13	9
ENSG00000067248.10	DHX29	protein_coding	chr5	55256055	55307694	-	13	2
ENSG00000067560.14	RHOA	protein_coding	chr3	49359139	49412998	-	10	10
ENSG00000067596.12	DHX8	protein_coding	chr17	43483865	43610338	+	37	25
ENSG00000068001.14	HYAL2	protein_coding	chr3	50317790	50322782	-	4	1
ENSG00000068024.17	HDAC4	protein_coding	chr2	239048168	239401654	-	82	79
ENSG00000068028.17	RASSF1	protein_coding	chr3	50329782	50340980	-	8	7
ENSG00000068079.8	IFI35	protein_coding	chr17	43006740	43014456	+	4	4
ENSG00000068097.15	HEATR6	protein_coding	chr17	60041008	60078922	-	11	10
ENSG00000068120.15	COASY	protein_coding	chr17	42561467	42566277	+	7	5
ENSG00000068137.15	PLEKHH3	protein_coding	chr17	42667914	42676994	-	3	3
ENSG00000068489.13	PRR11	protein_coding	chr17	59155732	59206709	+	19	5
ENSG00000068615.19	REEP1	protein_coding	chr2	86213993	86338083	-	31	31
ENSG00000068654.16	POLR1A	protein_coding	chr2	86020216	86106155	-	37	37
ENSG00000068697.7	LAPTM4A	protein_coding	chr2	20032650	20051628	-	4	4
ENSG00000068724.17	TTC7A	protein_coding	chr2	46916157	47076137	+	57	24
ENSG00000068745.15	IP6K2	protein_coding	chr3	48688003	48740353	-	10	10
ENSG00000068781.21	STON1-GTF2A1L	protein_coding	chr2	48529925	48776517	+	73	9
ENSG00000068784.13	SRBD1	protein_coding	chr2	45388680	45612165	-	40	40
ENSG00000068796.19	KIF2A	protein_coding	chr5	62306162	62391025	+	52	0
ENSG00000068878.15	PSME4	protein_coding	chr2	53864069	53970993	-	45	45
ENSG00000068885.15	IFT80	protein_coding	chr3	160256986	160399880	-	18	0
ENSG00000068912.14	ERLEC1	protein_coding	chr2	53787044	53818819	+	12	0
ENSG00000069011.16	PITX1	protein_coding	chr5	135027734	135034813	-	14	12
ENSG00000069018.19	TRPC7	protein_coding	chr5	136212745	136365545	-	16	14
ENSG00000069020.18	MAST4	protein_coding	chr5	66596361	67169595	+	71	70
ENSG00000069188.17	SDK2	protein_coding	chr17	73334384	73644445	-	81	80
ENSG00000069206.15	ADAM7	protein_coding	chr8	24440930	24526970	+	24	0
ENSG00000069849.11	ATP1B3	protein_coding	chr3	141876124	141926549	+	15	15
ENSG00000070061.16	ELP1	protein_coding	chr9	108866898	108934328	-	96	96
ENSG00000070087.14	PFN2	protein_coding	chr3	149964904	150050788	-	14	10
ENSG00000070159.14	PTPN3	protein_coding	chr9	109375466	109498313	-	34	34
ENSG00000070193.5	FGF10	protein_coding	chr5	44300247	44389706	-	20	20
ENSG00000070214.16	SLC44A1	protein_coding	chr9	105244622	105439171	+	24	24
ENSG00000070366.14	SMG6	protein_coding	chr17	2059839	2303785	-	51	38
ENSG00000070444.15	MNT	protein_coding	chr17	2384073	2401104	-	24	21
ENSG00000070476.15	ZXDC	protein_coding	chr3	126437601	126475891	-	26	26
ENSG00000070495.15	JMJD6	protein_coding	chr17	76712832	76726799	-	8	8
ENSG00000070501.12	POLB	protein_coding	chr8	42338454	42371808	+	8	8
ENSG00000070526.15	ST6GALNAC1	protein_coding	chr17	76624761	76643786	-	16	16
ENSG00000070540.13	WIPI1	protein_coding	chr17	68420948	68457513	-	17	0
ENSG00000070601.10	FRMPD1	protein_coding	chr9	37650954	37746904	+	33	0
ENSG00000070610.14	GBA2	protein_coding	chr9	35736866	35749228	-	2	2
ENSG00000070614.15	NDST1	protein_coding	chr5	150485818	150558211	+	30	30
ENSG00000070718.12	AP3M2	protein_coding	chr8	42152946	42171673	+	12	12
ENSG00000070731.11	ST6GALNAC2	protein_coding	chr17	76565377	76586956	-	30	16
ENSG00000070756.17	PABPC1	protein_coding	chr8	100685816	100722809	-	59	59
ENSG00000070808.16	CAMK2A	protein_coding	chr5	150219491	150290291	-	32	19
ENSG00000070814.22	TCOF1	protein_coding	chr5	150357629	150400308	+	18	18
ENSG00000070950.10	RAD18	protein_coding	chr3	8775402	8963773	-	41	30
ENSG00000071051.14	NCK2	protein_coding	chr2	105744912	105894274	+	17	12
ENSG00000071054.16	MAP4K4	protein_coding	chr2	101696850	101894689	+	34	34
ENSG00000071073.13	MGAT4A	protein_coding	chr2	98619106	98731132	-	24	24
ENSG00000071082.11	RPL31	protein_coding	chr2	101002229	101024032	+	21	10
ENSG00000071282.12	LMCD1	protein_coding	chr3	8501807	8574668	+	34	0
ENSG00000071539.14	TRIP13	protein_coding	chr5	892884	919357	+	14	8
ENSG00000071575.11	TRIB2	protein_coding	chr2	12716889	12742734	+	9	9
ENSG00000071794.16	HLTF	protein_coding	chr3	149030127	149086554	-	16	14
ENSG00000071894.17	CPSF1	protein_coding	chr8	144393229	144409335	-	10	9
ENSG00000071909.19	MYO3B	protein_coding	chr2	170178145	170655171	+	88	58
ENSG00000071967.12	CYBRD1	protein_coding	chr2	171522247	171558129	+	31	31
ENSG00000072080.11	SPP2	protein_coding	chr2	234050679	234077134	+	8	8
ENSG00000072134.15	EPN2	protein_coding	chr17	19215615	19336715	+	27	24
ENSG00000072135.13	PTPN18	protein_coding	chr2	130356045	130375405	+	19	19
ENSG00000072163.20	LIMS2	protein_coding	chr2	127638381	127681786	-	39	30
ENSG00000072182.13	ASIC4	protein_coding	chr2	219514170	219538772	+	18	16
ENSG00000072195.15	SPEG	protein_coding	chr2	219434843	219493629	+	40	27
ENSG00000072210.19	ALDH3A2	protein_coding	chr17	19648136	19685760	+	30	25
ENSG00000072274.13	TFRC	protein_coding	chr3	196027183	196082096	-	32	31
ENSG00000072310.17	SREBF1	protein_coding	chr17	17810399	17837011	-	9	9
ENSG00000072364.13	AFF4	protein_coding	chr5	132875395	132963634	-	24	24
ENSG00000072571.20	HMMR	protein_coding	chr5	163460203	163491941	+	17	13
ENSG00000072682.20	P4HA2	protein_coding	chr5	132190147	132295315	-	53	27
ENSG00000072756.17	TRNT1	protein_coding	chr3	3126933	3150879	+	43	22
ENSG00000072778.20	ACADVL	protein_coding	chr17	7217125	7225266	+	8	4
ENSG00000072786.13	STK10	protein_coding	chr5	172042079	172188224	-	58	58
ENSG00000072803.18	FBXW11	protein_coding	chr5	171861549	172006873	-	12	12
ENSG00000072818.12	ACAP1	protein_coding	chr17	7336529	7351477	+	11	11
ENSG00000072849.11	DERL2	protein_coding	chr17	5471254	5486811	-	9	5
ENSG00000072858.11	SIDT1	protein_coding	chr3	113532555	113629575	+	29	29
ENSG00000073111.14	MCM2	protein_coding	chr3	127598410	127622436	+	8	7
ENSG00000073282.14	TP63	protein_coding	chr3	189631389	189897276	+	41	41
ENSG00000073350.14	LLGL2	protein_coding	chr17	75525080	75575209	+	52	52
ENSG00000073536.18	NLE1	protein_coding	chr17	35128730	35142304	-	6	4
ENSG00000073578.17	SDHA	protein_coding	chr5	218241	257082	+	68	1
ENSG00000073584.20	SMARCE1	protein_coding	chr17	40624962	40648654	-	23	6
ENSG00000073598.6	FNDC8	protein_coding	chr17	35121615	35130732	+	4	2
ENSG00000073605.18	GSDMB	protein_coding	chr17	39904595	39919854	-	21	21
ENSG00000073670.14	ADAM11	protein_coding	chr17	44758988	44781846	+	20	20
ENSG00000073711.11	PPP2R3A	protein_coding	chr3	135965728	136147894	+	25	25
ENSG00000073734.10	ABCB11	protein_coding	chr2	168915498	169031324	-	51	51
ENSG00000073737.17	DHRS9	protein_coding	chr2	169064789	169096167	+	10	10
ENSG00000073792.16	IGF2BP2	protein_coding	chr3	185643130	185825042	-	17	16
ENSG00000073803.14	MAP3K13	protein_coding	chr3	185282941	185489094	+	34	25
ENSG00000073849.16	ST6GAL1	protein_coding	chr3	186930325	187078553	+	58	58
ENSG00000073861.3	TBX21	protein_coding	chr17	47733236	47746122	+	8	8
ENSG00000073969.18	NSF	protein_coding	chr17	46590669	46757464	+	9	9
ENSG00000074047.22	GLI2	protein_coding	chr2	120735623	120992653	+	40	40
ENSG00000074054.20	CLASP1	protein_coding	chr2	121337776	121649476	-	52	47
ENSG00000074276.10	CDHR2	protein_coding	chr5	176542511	176595974	+	36	36
ENSG00000074317.11	SNCB	protein_coding	chr5	176620082	176630556	-	7	7
ENSG00000074356.17	NCBP3	protein_coding	chr17	3802158	3846246	-	40	40
ENSG00000074370.18	ATP2A3	protein_coding	chr17	3923870	3964464	-	43	43
ENSG00000074416.14	MGLL	protein_coding	chr3	127689062	128052190	-	85	64
ENSG00000074582.15	BCS1L	protein_coding	chr2	218658764	218663443	+	10	7
ENSG00000074660.16	SCARF1	protein_coding	chr17	1633858	1645744	-	10	10
ENSG00000074755.15	ZZEF1	protein_coding	chr17	4004445	4143030	-	83	83
ENSG00000075292.19	ZNF638	protein_coding	chr2	71276561	71435069	+	44	42
ENSG00000075340.23	ADD2	protein_coding	chr2	70607618	70768225	-	61	49
ENSG00000075420.13	FNDC3B	protein_coding	chr3	172039578	172401669	+	69	69
ENSG00000075426.12	FOSL2	protein_coding	chr2	28392448	28417317	+	8	8
ENSG00000075429.9	CACNG5	protein_coding	chr17	66835117	66894751	+	43	43
ENSG00000075461.6	CACNG4	protein_coding	chr17	66964707	67033398	+	16	14
ENSG00000075568.17	TMEM131	protein_coding	chr2	97756333	97995948	-	41	41
ENSG00000075651.16	PLD1	protein_coding	chr3	171600404	171810950	-	61	61
ENSG00000075711.21	DLG1	protein_coding	chr3	197042560	197299330	-	57	57
ENSG00000075785.14	RAB7A	protein_coding	chr3	128693669	128825942	+	24	24
ENSG00000075884.14	ARHGAP15	protein_coding	chr2	143091362	143768352	+	78	34
ENSG00000075886.11	TUBA3D	protein_coding	chr2	131476119	131482934	+	11	0
ENSG00000075914.13	EXOSC7	protein_coding	chr3	44975241	45036066	+	20	8
ENSG00000075975.17	MKRN2	protein_coding	chr3	12557057	12586208	+	26	18
ENSG00000076003.5	MCM6	protein_coding	chr2	135839626	135876443	-	14	14
ENSG00000076201.15	PTPN23	protein_coding	chr3	47381011	47413435	+	7	7
ENSG00000076242.16	MLH1	protein_coding	chr3	36993350	37050846	+	17	17
ENSG00000076351.13	SLC46A1	protein_coding	chr17	28394642	28407197	-	12	0
ENSG00000076382.17	SPAG5	protein_coding	chr17	28577565	28599025	-	2	0
ENSG00000076554.15	TPD52	protein_coding	chr8	80034745	80231232	-	36	28
ENSG00000076604.15	TRAF4	protein_coding	chr17	28744005	28750956	+	5	3
ENSG00000076641.4	PAG1	protein_coding	chr8	80967810	81112068	-	34	32
ENSG00000077044.11	DGKD	protein_coding	chr2	233354494	233472104	+	36	36
ENSG00000077092.19	RARB	protein_coding	chr3	25174332	25597932	+	42	42
ENSG00000077097.15	TOP2B	protein_coding	chr3	25597905	25664907	-	15	15
ENSG00000077232.19	DNAJC10	protein_coding	chr2	182716255	182794464	+	44	44
ENSG00000077380.16	DYNC1I2	protein_coding	chr2	171687409	171750158	+	13	13
ENSG00000077782.21	FGFR1	protein_coding	chr8	38400215	38468834	-	23	15
ENSG00000078018.20	MAP2	protein_coding	chr2	209424058	209734118	+	47	47
ENSG00000078070.13	MCCC1	protein_coding	chr3	183015218	183116075	-	19	17
ENSG00000078081.8	LAMP3	protein_coding	chr3	183122215	183163839	-	18	18
ENSG00000078098.14	FAP	protein_coding	chr2	162170684	162245151	-	12	12
ENSG00000078295.17	ADCY2	protein_coding	chr5	7396138	7830081	+	110	100
ENSG00000078579.9	FGF20	protein_coding	chr8	16992181	17002345	-	8	8
ENSG00000078668.14	VDAC3	protein_coding	chr8	42391624	42405937	+	6	6
ENSG00000078674.18	PCM1	protein_coding	chr8	17922840	18027975	+	67	67
ENSG00000078687.17	TNRC6C	protein_coding	chr17	77959240	78108835	+	27	25
ENSG00000078725.13	BRINP1	protein_coding	chr9	119153458	119369435	-	28	28
ENSG00000078795.17	PKD2L2	protein_coding	chr5	137887968	137942747	+	8	5
ENSG00000079102.16	RUNX1T1	protein_coding	chr8	91954967	92103286	-	28	28
ENSG00000079112.10	CDH17	protein_coding	chr8	94127162	94217303	-	30	30
ENSG00000079150.18	FKBP7	protein_coding	chr2	178463664	178478600	-	2	2
ENSG00000079156.17	OSBPL6	protein_coding	chr2	178194481	178402893	+	52	52
ENSG00000079215.15	SLC1A3	protein_coding	chr5	36596588	36688334	+	52	15
ENSG00000079246.16	XRCC5	protein_coding	chr2	216107464	216206303	+	30	30
ENSG00000079257.8	LXN	protein_coding	chr3	158645822	158672648	-	33	0
ENSG00000079263.19	SP140	protein_coding	chr2	230203110	230313215	+	38	23
ENSG00000079308.19	TNS1	protein_coding	chr2	217799588	218033982	-	85	83
ENSG00000079459.13	FDFT1	protein_coding	chr8	11795573	11839304	+	34	31
ENSG00000079785.16	DDX1	protein_coding	chr2	15591178	15634346	+	42	42
ENSG00000080200.10	CRYBG3	protein_coding	chr3	97822011	97944984	+	22	16
ENSG00000080224.17	EPHA6	protein_coding	chr3	96814581	97752460	+	79	79
ENSG00000080293.10	SCTR	protein_coding	chr2	119439843	119525301	-	23	18
ENSG00000080298.15	RFX3	protein_coding	chr9	3218297	3526004	-	47	47
ENSG00000080345.18	RIF1	protein_coding	chr2	151409883	151508013	+	61	41
ENSG00000080503.24	SMARCA2	protein_coding	chr9	1980290	2193624	+	76	65
ENSG00000080608.10	PUM3	protein_coding	chr9	2720469	2844095	-	25	20
ENSG00000080709.16	KCNN2	protein_coding	chr5	114055926	114496500	+	56	53
ENSG00000080819.9	CPOX	protein_coding	chr3	98579446	98593648	-	10	7
ENSG00000080822.17	CLDND1	protein_coding	chr3	98497912	98523066	-	6	3
ENSG00000081052.13	COL4A4	protein_coding	chr2	227002714	227164453	-	48	48
ENSG00000081059.20	TCF7	protein_coding	chr5	134114681	134151865	+	30	23
ENSG00000081148.12	IMPG2	protein_coding	chr3	101222546	101320575	-	20	20
ENSG00000081154.12	PCNP	protein_coding	chr3	101574180	101594465	+	8	7
ENSG00000081189.16	MEF2C	protein_coding	chr5	88717117	88904257	-	26	13
ENSG00000081307.14	UBA5	protein_coding	chr3	132654446	132679794	+	10	0
ENSG00000081320.11	STK17B	protein_coding	chr2	196133583	196176503	-	24	24
ENSG00000081377.17	CDC14B	protein_coding	chr9	96490241	96619843	-	27	26
ENSG00000081386.13	ZNF510	protein_coding	chr9	96754553	96778129	-	30	8
ENSG00000081479.15	LRP2	protein_coding	chr2	169127109	169362534	-	65	65
ENSG00000081791.9	DELE1	protein_coding	chr5	141923855	141942047	+	35	35
ENSG00000081818.4	PCDHB4	protein_coding	chr5	141121818	141125623	+	8	0
ENSG00000081842.18	PCDHA6	protein_coding	chr5	140827958	141012347	+	80	0
ENSG00000081853.15	PCDHGA2	protein_coding	chr5	141338760	141512975	+	99	0
ENSG00000082068.9	WDR70	protein_coding	chr5	37379285	37753435	+	49	49
ENSG00000082074.19	FYB1	protein_coding	chr5	39105252	39274528	-	50	50
ENSG00000082126.18	MPP4	protein_coding	chr2	201644870	201698694	-	18	16
ENSG00000082146.13	STRADB	protein_coding	chr2	201387858	201480846	+	20	7
ENSG00000082153.18	BZW1	protein_coding	chr2	200810594	200827338	+	16	14
ENSG00000082196.21	C1QTNF3	protein_coding	chr5	34017858	34043213	-	13	0
ENSG00000082213.18	C5orf22	protein_coding	chr5	31532287	31555053	+	18	18
ENSG00000082258.13	CCNT2	protein_coding	chr2	134918235	134959342	+	18	15
ENSG00000082438.18	COBLL1	protein_coding	chr2	164653624	164843679	-	57	54
ENSG00000082515.18	MRPL22	protein_coding	chr5	154941073	154969411	+	10	10
ENSG00000082516.9	GEMIN5	protein_coding	chr5	154887411	154938211	-	21	21
ENSG00000082556.14	OPRK1	protein_coding	chr8	53225724	53251637	-	32	7
ENSG00000082641.16	NFE2L1	protein_coding	chr17	48048329	48061545	+	7	7
ENSG00000082684.16	SEMA5B	protein_coding	chr3	122909082	123028605	-	44	44
ENSG00000082701.17	GSK3B	protein_coding	chr3	119821321	120094994	-	52	34
ENSG00000082781.12	ITGB5	protein_coding	chr3	124761948	124901418	-	40	39
ENSG00000082898.19	XPO1	protein_coding	chr2	61476032	61538741	-	45	33
ENSG00000082996.20	RNF13	protein_coding	chr3	149812770	149962139	+	15	0
ENSG00000083067.24	TRPM3	protein_coding	chr9	70529060	71446904	-	132	132
ENSG00000083168.11	KAT6A	protein_coding	chr8	41929479	42051994	-	42	42
ENSG00000083223.18	TUT7	protein_coding	chr9	86287733	86354454	-	16	16
ENSG00000083290.20	ULK2	protein_coding	chr17	19770829	19867936	-	26	26
ENSG00000083307.12	GRHL2	protein_coding	chr8	101492439	101669726	+	36	36
ENSG00000083312.18	TNPO1	protein_coding	chr5	72816312	72916733	+	22	22
ENSG00000083454.22	P2RX5	protein_coding	chr17	3672199	3696240	-	13	0
ENSG00000083457.12	ITGAE	protein_coding	chr17	3714628	3801188	-	52	42
ENSG00000083720.13	OXCT1	protein_coding	chr5	41730065	41870425	-	13	13
ENSG00000083937.10	CHMP2B	protein_coding	chr3	87227271	87255556	+	18	18
ENSG00000084090.14	STARD7	protein_coding	chr2	96184859	96208827	-	10	10
ENSG00000084674.15	APOB	protein_coding	chr2	21001429	21044073	-	18	18
ENSG00000084676.15	NCOA1	protein_coding	chr2	24491914	24770702	+	33	33
ENSG00000084693.16	AGBL5	protein_coding	chr2	27042364	27070622	+	11	11
ENSG00000084710.14	EFR3B	protein_coding	chr2	25042076	25159135	+	37	37
ENSG00000084731.15	KIF3C	protein_coding	chr2	25926598	25982749	-	13	13
ENSG00000084733.11	RAB10	protein_coding	chr2	26034084	26137454	+	13	12
ENSG00000084734.9	GCKR	protein_coding	chr2	27496839	27523684	+	10	10
ENSG00000084754.12	HADHA	protein_coding	chr2	26190635	26244672	-	18	17
ENSG00000084764.12	MAPRE3	protein_coding	chr2	26970637	27027219	+	8	5
ENSG00000084774.14	CAD	protein_coding	chr2	27217369	27243943	+	20	20
ENSG00000085231.14	AK6	protein_coding	chr5	69350984	69370013	-	5	1
ENSG00000085265.11	FCN1	protein_coding	chr9	134903232	134917912	-	43	43
ENSG00000085274.16	MYNN	protein_coding	chr3	169773396	169789716	+	8	8
ENSG00000085276.19	MECOM	protein_coding	chr3	169083499	169663775	-	72	69
ENSG00000085365.18	SCAMP1	protein_coding	chr5	78360611	78480739	+	24	24
ENSG00000085449.15	WDFY1	protein_coding	chr2	223855716	223945357	-	28	0
ENSG00000085719.13	CPNE3	protein_coding	chr8	86514435	86561498	+	27	12
ENSG00000085760.15	MTIF2	protein_coding	chr2	55236595	55269347	-	11	11
ENSG00000085788.14	DDHD2	protein_coding	chr8	38225218	38275558	+	18	11
ENSG00000085978.22	ATG16L1	protein_coding	chr2	233210051	233295674	+	31	31
ENSG00000085982.14	USP40	protein_coding	chr2	233475520	233566782	-	36	36
ENSG00000086061.16	DNAJA1	protein_coding	chr9	33025273	33039907	+	13	13
ENSG00000086062.13	B4GALT1	protein_coding	chr9	33104082	33167356	-	24	24
ENSG00000086065.14	CHMP5	protein_coding	chr9	33264879	33282070	+	3	3
ENSG00000086102.19	NFX1	protein_coding	chr9	33290512	33371157	+	12	12
ENSG00000086189.11	DIMT1	protein_coding	chr5	62347284	62403943	-	60	0
ENSG00000086200.17	IPO11	protein_coding	chr5	62403972	62628582	+	29	7
ENSG00000086570.12	FAT2	protein_coding	chr5	151504093	151568944	-	53	49
ENSG00000086589.12	RBM22	protein_coding	chr5	150690792	150701077	-	7	7
ENSG00000087095.13	NLK	protein_coding	chr17	28041737	28196381	+	8	8
ENSG00000087111.21	PIGS	protein_coding	chr17	28553383	28571794	-	5	0
ENSG00000087116.16	ADAMTS2	protein_coding	chr5	179110853	179345461	-	59	59
ENSG00000087152.15	ATXN7L3	protein_coding	chr17	44191805	44200113	-	2	2
ENSG00000087157.19	PGS1	protein_coding	chr17	78378649	78425114	+	32	25
ENSG00000087191.13	PSMC5	protein_coding	chr17	63827152	63832026	+	8	3
ENSG00000087206.17	UIMC1	protein_coding	chr5	176905005	177022633	-	21	21
ENSG00000087338.5	GMCL1	protein_coding	chr2	69829660	69881384	+	18	18
ENSG00000087995.16	METTL2A	protein_coding	chr17	62423875	62453385	+	13	13
ENSG00000088179.9	PTPN4	protein_coding	chr2	119759922	119984899	+	30	30
ENSG00000088205.13	DDX18	protein_coding	chr2	117814691	117832377	+	22	22
ENSG00000088538.13	DOCK3	protein_coding	chr3	50674927	51384198	+	59	58
ENSG00000088543.15	C3orf18	protein_coding	chr3	50558025	50571027	-	5	3
ENSG00000088726.16	TMEM40	protein_coding	chr3	12733528	12769457	-	16	16
ENSG00000088727.13	KIF9	protein_coding	chr3	47228395	47283451	-	13	6
ENSG00000089558.9	KCNH4	protein_coding	chr17	42156891	42181142	-	5	5
ENSG00000089685.15	BIRC5	protein_coding	chr17	78214186	78225636	+	16	16
ENSG00000090054.15	SPTLC1	protein_coding	chr9	92000087	92115413	-	28	27
ENSG00000090097.22	PCBP4	protein_coding	chr3	51957454	51974016	-	3	3
ENSG00000090402.8	SI	protein_coding	chr3	164978898	165078496	-	42	42
ENSG00000090512.12	FETUB	protein_coding	chr3	186635969	186653141	+	8	0
ENSG00000090520.12	DNAJB11	protein_coding	chr3	186567403	186585800	+	25	11
ENSG00000090530.10	P3H2	protein_coding	chr3	189956728	190122437	-	37	29
ENSG00000090534.20	THPO	protein_coding	chr3	184371935	184381968	-	11	6
ENSG00000090539.15	CHRD	protein_coding	chr3	184380073	184390736	+	14	9
ENSG00000091009.8	RBM27	protein_coding	chr5	146203605	146289223	+	15	0
ENSG00000091010.6	POU4F3	protein_coding	chr5	146338839	146341728	+	5	0
ENSG00000091106.19	NLRC4	protein_coding	chr2	32224453	32265732	-	11	11
ENSG00000091181.20	IL5RA	protein_coding	chr3	3066324	3126613	-	27	20
ENSG00000091317.8	CMTM6	protein_coding	chr3	32481312	32502852	-	10	6
ENSG00000091409.15	ITGA6	protein_coding	chr2	172427354	172506459	+	25	12
ENSG00000091428.18	RAPGEF4	protein_coding	chr2	172735274	173052893	+	41	40
ENSG00000091436.17	MAP3K20	protein_coding	chr2	173075435	173268015	+	55	11
ENSG00000091513.16	TF	protein_coding	chr3	133746040	133796641	+	58	23
ENSG00000091527.16	CDV3	protein_coding	chr3	133573686	133590261	+	8	8
ENSG00000091536.19	MYO15A	protein_coding	chr17	18108706	18179802	+	55	52
ENSG00000091542.9	ALKBH5	protein_coding	chr17	18183078	18209954	+	9	8
ENSG00000091583.11	APOH	protein_coding	chr17	66212033	66256525	-	13	13
ENSG00000091592.16	NLRP1	protein_coding	chr17	5499427	5619424	-	71	63
ENSG00000091622.16	PITPNM3	protein_coding	chr17	6451263	6556555	-	50	49
ENSG00000091640.8	SPAG7	protein_coding	chr17	4959226	4967817	-	7	7
ENSG00000091656.19	ZFHX4	protein_coding	chr8	76681239	76867281	+	26	26
ENSG00000091879.14	ANGPT2	protein_coding	chr8	6499632	6563409	-	48	0
ENSG00000091947.10	TMEM101	protein_coding	chr17	44011188	44023946	-	10	10
ENSG00000091972.18	CD200	protein_coding	chr3	112332347	112362812	+	11	10
ENSG00000091986.16	CCDC80	protein_coding	chr3	112596797	112649530	-	26	26
ENSG00000092345.14	DAZL	protein_coding	chr3	16586792	16670306	-	21	21
ENSG00000092421.17	SEMA6A	protein_coding	chr5	116443555	116574823	-	40	13
ENSG00000092871.17	RFFL	protein_coding	chr17	35005990	35089319	-	14	3
ENSG00000092929.12	UNC13D	protein_coding	chr17	75827225	75844552	-	29	29
ENSG00000092931.11	MFSD11	protein_coding	chr17	76735865	76781449	+	17	11
ENSG00000092964.18	DPYSL2	protein_coding	chr8	26514031	26658178	+	31	31
ENSG00000093167.18	LRRFIP2	protein_coding	chr3	37052626	37183689	-	29	29
ENSG00000093183.14	SEC22C	protein_coding	chr3	42547969	42601080	-	34	26
ENSG00000093217.11	XYLB	protein_coding	chr3	38346760	38421348	+	40	40
ENSG00000094755.17	GABRP	protein_coding	chr5	170763350	170814047	+	26	11
ENSG00000094796.5	KRT31	protein_coding	chr17	41393721	41397608	-	4	4
ENSG00000094804.12	CDC6	protein_coding	chr17	40287879	40304657	+	4	4
ENSG00000094880.11	CDC23	protein_coding	chr5	138187650	138213343	-	5	5
ENSG00000095002.15	MSH2	protein_coding	chr2	47403067	47663146	+	79	40
ENSG00000095015.6	MAP3K1	protein_coding	chr5	56815549	56896152	+	25	22
ENSG00000095203.15	EPB41L4B	protein_coding	chr9	109171974	109321059	-	29	29
ENSG00000095209.12	TMEM38B	protein_coding	chr9	105694541	105776629	+	20	20
ENSG00000095261.14	PSMD5	protein_coding	chr9	120815496	120842951	-	6	3
ENSG00000095303.17	PTGS1	protein_coding	chr9	122370530	122395703	+	26	26
ENSG00000095319.14	NUP188	protein_coding	chr9	128947699	129007096	+	15	12
ENSG00000095321.18	CRAT	protein_coding	chr9	129094142	129111189	-	22	19
ENSG00000095370.20	SH2D3C	protein_coding	chr9	127738317	127778710	-	12	9
ENSG00000095380.11	NANS	protein_coding	chr9	98056732	98083077	+	13	7
ENSG00000095383.20	TBC1D2	protein_coding	chr9	98199011	98255649	-	22	22
ENSG00000095397.16	WHRN	protein_coding	chr9	114402080	114505473	-	27	27
ENSG00000096872.17	IFT74	protein_coding	chr9	26947039	27066134	+	35	25
ENSG00000096968.14	JAK2	protein_coding	chr9	4984390	5129948	+	29	22
ENSG00000097007.19	ABL1	protein_coding	chr9	130713016	130887675	+	29	29
ENSG00000099139.14	PCSK5	protein_coding	chr9	75890644	76362975	+	115	115
ENSG00000099219.14	ERMP1	protein_coding	chr9	5765076	5833117	-	20	11
ENSG00000099810.21	MTAP	protein_coding	chr9	21802636	21937651	+	274	0
ENSG00000104205.16	SGK3	protein_coding	chr8	66712734	66862022	+	12	1
ENSG00000104213.13	PDGFRL	protein_coding	chr8	17576433	17644071	+	19	17
ENSG00000104218.16	CSPP1	protein_coding	chr8	67062417	67196778	+	36	20
ENSG00000104219.13	ZDHHC2	protein_coding	chr8	17156482	17224799	+	18	18
ENSG00000104221.13	BRF2	protein_coding	chr8	37843268	37849861	-	2	2
ENSG00000104228.13	TRIM35	protein_coding	chr8	27284886	27311272	-	7	7
ENSG00000104231.11	ZFAND1	protein_coding	chr8	81701334	81732903	-	11	10
ENSG00000104237.11	RP1	protein_coding	chr8	54509422	54871720	+	69	69
ENSG00000104267.10	CA2	protein_coding	chr8	85463968	85481493	+	3	2
ENSG00000104290.11	FZD3	protein_coding	chr8	28494205	28574267	+	28	28
ENSG00000104299.15	INTS9	protein_coding	chr8	28767661	28890242	-	20	20
ENSG00000104312.8	RIPK2	protein_coding	chr8	89757806	89791064	+	16	16
ENSG00000104313.20	EYA1	protein_coding	chr8	71197433	71592025	-	70	56
ENSG00000104320.14	NBN	protein_coding	chr8	89933331	90003228	-	32	32
ENSG00000104321.11	TRPA1	protein_coding	chr8	72019917	72075584	-	51	0
ENSG00000104324.16	CPQ	protein_coding	chr8	96645242	97149654	+	47	47
ENSG00000104325.7	DECR1	protein_coding	chr8	90001405	90053633	+	17	17
ENSG00000104327.7	CALB1	protein_coding	chr8	90058608	90095475	-	12	12
ENSG00000104331.9	BPNT2	protein_coding	chr8	56957931	56993867	-	20	20
ENSG00000104332.12	SFRP1	protein_coding	chr8	41261962	41309473	-	12	12
ENSG00000104341.17	LAPTM4B	protein_coding	chr8	97775057	97853013	+	21	21
ENSG00000104343.21	UBE2W	protein_coding	chr8	73780097	73878910	-	23	0
ENSG00000104356.11	POP1	protein_coding	chr8	98117293	98159835	+	24	24
ENSG00000104361.10	NIPAL2	protein_coding	chr8	98189826	98294393	-	24	24
ENSG00000104365.16	IKBKB	protein_coding	chr8	42271302	42332460	+	16	16
ENSG00000104368.19	PLAT	protein_coding	chr8	42174718	42207709	-	20	20
ENSG00000104369.5	JPH1	protein_coding	chr8	74234700	74321540	-	15	14
ENSG00000104371.5	DKK4	protein_coding	chr8	42374063	42377229	-	3	3
ENSG00000104375.17	STK3	protein_coding	chr8	98371228	98942827	-	66	62
ENSG00000104381.14	GDAP1	protein_coding	chr8	74320613	74518007	+	68	67
ENSG00000104388.15	RAB2A	protein_coding	chr8	60516936	60623644	+	26	26
ENSG00000104408.11	EIF3E	protein_coding	chr8	108162787	108443496	-	120	115
ENSG00000104412.8	EMC2	protein_coding	chr8	108443601	108489196	+	18	18
ENSG00000104413.18	ESRP1	protein_coding	chr8	94641074	94707466	+	28	28
ENSG00000104415.14	CCN4	protein_coding	chr8	133191039	133231690	+	17	17
ENSG00000104419.17	NDRG1	protein_coding	chr8	133237175	133302022	-	52	52
ENSG00000104427.12	ZC2HC1A	protein_coding	chr8	78666089	78719765	+	10	1
ENSG00000104432.14	IL7	protein_coding	chr8	78675743	78805523	-	19	10
ENSG00000104435.14	STMN2	protein_coding	chr8	79611117	79666158	+	8	8
ENSG00000104442.10	ARMC1	protein_coding	chr8	65602458	65634217	-	13	13
ENSG00000104447.13	TRPS1	protein_coding	chr8	115408496	115809673	-	45	45
ENSG00000104450.13	SPAG1	protein_coding	chr8	100157906	100259278	+	25	25
ENSG00000104472.10	CHRAC1	protein_coding	chr8	140511311	140517154	+	4	4
ENSG00000104490.18	NCALD	protein_coding	chr8	101686542	102124907	-	68	63
ENSG00000104497.14	SNX16	protein_coding	chr8	81799581	81842866	-	22	8
ENSG00000104499.7	GML	protein_coding	chr8	142834247	142916506	+	67	11
ENSG00000104517.13	UBR5	protein_coding	chr8	102252273	102412759	-	33	32
ENSG00000104518.11	GSDMD	protein_coding	chr8	143553207	143563062	+	19	19
ENSG00000104522.16	GFUS	protein_coding	chr8	143612618	143618048	-	12	12
ENSG00000104524.14	PYCR3	protein_coding	chr8	143603210	143609773	-	9	9
ENSG00000104529.17	EEF1D	protein_coding	chr8	143579697	143599541	-	44	30
ENSG00000104537.17	ANXA13	protein_coding	chr8	123680794	123737402	-	25	25
ENSG00000104549.12	SQLE	protein_coding	chr8	124998497	125022283	+	17	17
ENSG00000104611.12	SH2D4A	protein_coding	chr8	19313693	19396218	+	24	24
ENSG00000104613.12	INTS10	protein_coding	chr8	19817391	19852083	+	17	17
ENSG00000104626.15	ERI1	protein_coding	chr8	9002147	9116746	+	43	43
ENSG00000104635.15	SLC39A14	protein_coding	chr8	22367278	22434129	+	35	35
ENSG00000104643.10	MTMR9	protein_coding	chr8	11284816	11328146	+	33	21
ENSG00000104660.19	LEPROTL1	protein_coding	chr8	30095408	30177208	+	21	10
ENSG00000104671.8	DCTN6	protein_coding	chr8	30156319	30183639	+	4	2
ENSG00000104679.12	R3HCC1	protein_coding	chr8	23270120	23296279	+	15	15
ENSG00000104687.14	GSR	protein_coding	chr8	30678066	30727846	-	16	16
ENSG00000104689.10	TNFRSF10A	protein_coding	chr8	23190452	23225102	-	11	10
ENSG00000104691.16	UBXN8	protein_coding	chr8	30729131	30767006	+	25	25
ENSG00000104695.13	PPP2CB	protein_coding	chr8	30774457	30814314	-	17	17
ENSG00000104714.14	ERICH1	protein_coding	chr8	614746	738106	-	71	70
ENSG00000104722.14	NEFM	protein_coding	chr8	24913758	24919098	+	3	3
ENSG00000104723.21	TUSC3	protein_coding	chr8	15417215	15766649	+	56	56
ENSG00000104728.16	ARHGEF10	protein_coding	chr8	1823926	1958641	+	91	0
ENSG00000104738.18	MCM4	protein_coding	chr8	47960185	47978160	+	5	5
ENSG00000104755.15	ADAM2	protein_coding	chr8	39743735	39838289	-	14	14
ENSG00000104756.16	KCTD9	protein_coding	chr8	25427847	25458476	-	11	11
ENSG00000104760.17	FGL1	protein_coding	chr8	17864380	17910365	-	28	27
ENSG00000104763.20	ASAH1	protein_coding	chr8	18055992	18084998	-	102	100
ENSG00000104765.16	BNIP3L	protein_coding	chr8	26383054	26505636	+	22	20
ENSG00000105339.11	DENND3	protein_coding	chr8	141117278	141195808	+	62	60
ENSG00000106686.16	SPATA6L	protein_coding	chr9	4553386	4666674	-	70	43
ENSG00000106688.12	SLC1A1	protein_coding	chr9	4490468	4587469	+	28	7
ENSG00000106689.11	LHX2	protein_coding	chr9	124001670	124033301	+	7	6
ENSG00000106692.15	FKTN	protein_coding	chr9	105558122	105653820	+	36	36
ENSG00000106701.13	FSD1L	protein_coding	chr9	105447796	105552433	+	27	26
ENSG00000106714.17	CNTNAP3	protein_coding	chr9	39072767	39288315	-	22	22
ENSG00000106723.17	SPIN1	protein_coding	chr9	88388430	88478694	+	12	11
ENSG00000106733.21	NMRK1	protein_coding	chr9	75060573	75088217	-	18	18
ENSG00000106771.13	TMEM245	protein_coding	chr9	109015135	109119947	-	47	47
ENSG00000106772.18	PRUNE2	protein_coding	chr9	76611376	76906114	-	63	8
ENSG00000106780.9	MEGF9	protein_coding	chr9	120600811	120714470	-	15	15
ENSG00000106785.15	TRIM14	protein_coding	chr9	98069275	98119222	-	18	12
ENSG00000106789.13	CORO2A	protein_coding	chr9	98120975	98192637	-	20	20
ENSG00000106799.13	TGFBR1	protein_coding	chr9	99104038	99154192	+	14	14
ENSG00000106803.10	SEC61B	protein_coding	chr9	99222064	99230615	+	2	2
ENSG00000106804.8	C5	protein_coding	chr9	120952335	121050275	-	33	33
ENSG00000106809.11	OGN	protein_coding	chr9	92383268	92404696	-	5	0
ENSG00000106819.13	ASPN	protein_coding	chr9	92456205	92482506	-	5	0
ENSG00000106823.12	ECM2	protein_coding	chr9	92493554	92536655	-	12	0
ENSG00000106829.20	TLE4	protein_coding	chr9	79571773	79726882	+	22	22
ENSG00000106852.15	LHX6	protein_coding	chr9	122202577	122229626	-	8	8
ENSG00000106853.20	PTGR1	protein_coding	chr9	111549722	111599893	-	33	12
ENSG00000106868.17	SUSD1	protein_coding	chr9	112040783	112175297	-	22	22
ENSG00000106927.12	AMBP	protein_coding	chr9	114060127	114078328	-	8	8
ENSG00000106948.17	AKNA	protein_coding	chr9	114334156	114394405	-	43	43
ENSG00000106952.8	TNFSF8	protein_coding	chr9	114893343	114930595	-	20	0
ENSG00000106976.21	DNM1	protein_coding	chr9	128191655	128255248	+	37	22
ENSG00000106991.14	ENG	protein_coding	chr9	127815013	127854658	-	8	5
ENSG00000106992.19	AK1	protein_coding	chr9	127866486	127877675	-	9	4
ENSG00000106993.12	CDC37L1	protein_coding	chr9	4679559	4708399	+	11	11
ENSG00000107018.8	RLN1	protein_coding	chr9	5334930	5339876	-	5	5
ENSG00000107020.10	PLGRKT	protein_coding	chr9	5357971	5437925	-	12	12
ENSG00000107021.16	TBC1D13	protein_coding	chr9	128787253	128810430	+	15	15
ENSG00000107036.12	RIC1	protein_coding	chr9	5629025	5776557	+	28	17
ENSG00000107077.19	KDM4C	protein_coding	chr9	6720863	7175648	+	90	67
ENSG00000107099.16	DOCK8	protein_coding	chr9	214854	465259	+	111	100
ENSG00000107104.20	KANK1	protein_coding	chr9	470291	746106	+	87	75
ENSG00000107105.15	ELAVL2	protein_coding	chr9	23690104	23826337	-	20	20
ENSG00000107130.10	NCS1	protein_coding	chr9	130172404	130237303	+	28	28
ENSG00000107140.16	TESK1	protein_coding	chr9	35605262	35610041	+	2	2
ENSG00000107147.14	KCNT1	protein_coding	chr9	135702185	135795508	+	89	83
ENSG00000107159.13	CA9	protein_coding	chr9	35673918	35681159	+	10	3
ENSG00000107164.16	FUBP3	protein_coding	chr9	130578965	130638352	+	12	12
ENSG00000107165.13	TYRP1	protein_coding	chr9	12685439	12710285	+	11	3
ENSG00000107175.12	CREB3	protein_coding	chr9	35732598	35736999	+	1	1
ENSG00000107185.10	RGP1	protein_coding	chr9	35749287	35758585	+	16	6
ENSG00000107186.17	MPDZ	protein_coding	chr9	13105706	13279692	-	34	34
ENSG00000107187.17	LHX3	protein_coding	chr9	136196250	136205128	-	7	7
ENSG00000107201.11	DDX58	protein_coding	chr9	32455302	32526208	-	41	1
ENSG00000107242.20	PIP5K1B	protein_coding	chr9	68705240	69009176	+	55	44
ENSG00000107249.23	GLIS3	protein_coding	chr9	3824127	4348392	-	102	101
ENSG00000107262.26	BAG1	protein_coding	chr9	33247820	33264720	-	10	10
ENSG00000107263.18	RAPGEF1	protein_coding	chr9	131576770	131740074	-	37	37
ENSG00000107281.10	NPDC1	protein_coding	chr9	137039463	137046179	-	4	2
ENSG00000107282.8	APBA1	protein_coding	chr9	69427532	69672371	-	53	49
ENSG00000107290.14	SETX	protein_coding	chr9	132261356	132354986	-	42	42
ENSG00000107295.10	SH3GL2	protein_coding	chr9	17579066	17797124	+	28	27
ENSG00000107317.13	PTGDS	protein_coding	chr9	136975092	136981742	+	7	4
ENSG00000107331.17	ABCA2	protein_coding	chr9	137007234	137028922	-	24	23
ENSG00000107338.10	SHB	protein_coding	chr9	37915898	38069227	-	24	0
ENSG00000107341.5	UBE2R2	protein_coding	chr9	33817160	33920399	+	16	14
ENSG00000107362.14	ABHD17B	protein_coding	chr9	71862452	71911193	-	2	2
ENSG00000107371.14	EXOSC3	protein_coding	chr9	37759234	37832117	-	18	0
ENSG00000107372.13	ZFAND5	protein_coding	chr9	72351413	72365235	-	11	6
ENSG00000108244.17	KRT23	protein_coding	chr17	40922700	40937646	-	17	0
ENSG00000108255.8	CRYBA1	protein_coding	chr17	29246859	29254494	+	3	3
ENSG00000108256.9	NUFIP2	protein_coding	chr17	29255839	29294148	-	8	8
ENSG00000108262.16	GIT1	protein_coding	chr17	29573475	29594054	-	6	0
ENSG00000108298.12	RPL19	protein_coding	chr17	39200283	39204840	+	6	6
ENSG00000108306.13	FBXL20	protein_coding	chr17	39252663	39402523	-	30	29
ENSG00000108309.14	RUNDC3A	protein_coding	chr17	44308413	44318670	+	4	1
ENSG00000108312.15	UBTF	protein_coding	chr17	44205033	44221626	-	5	0
ENSG00000108342.13	CSF3	protein_coding	chr17	40015361	40017813	+	10	10
ENSG00000108344.15	PSMD3	protein_coding	chr17	39980807	39997959	+	21	21
ENSG00000108349.17	CASC3	protein_coding	chr17	40140318	40172171	+	5	5
ENSG00000108352.13	RAPGEFL1	protein_coding	chr17	40177010	40195656	+	6	6
ENSG00000108370.17	RGS9	protein_coding	chr17	65100812	65227703	+	46	46
ENSG00000108375.13	RNF43	protein_coding	chr17	58353676	58417595	-	19	0
ENSG00000108379.10	WNT3	protein_coding	chr17	46762506	46833154	-	12	12
ENSG00000108381.11	ASPA	protein_coding	chr17	3472374	3503405	+	17	0
ENSG00000108384.15	RAD51C	protein_coding	chr17	58692573	58735611	+	11	11
ENSG00000108387.15	SEPTIN4	protein_coding	chr17	58520250	58544368	-	16	0
ENSG00000108389.9	MTMR4	protein_coding	chr17	58489529	58517905	-	7	7
ENSG00000108395.14	TRIM37	protein_coding	chr17	58982638	59106921	-	20	17
ENSG00000108405.4	P2RX1	protein_coding	chr17	3896592	3916476	-	20	20
ENSG00000108406.10	DHX40	protein_coding	chr17	59565558	59608345	+	6	6
ENSG00000108417.4	KRT37	protein_coding	chr17	41420547	41424585	-	8	0
ENSG00000108423.15	TUBD1	protein_coding	chr17	59859479	59892945	-	11	11
ENSG00000108424.11	KPNB1	protein_coding	chr17	47649476	47685505	+	13	13
ENSG00000108433.17	GOSR2	protein_coding	chr17	46923075	46975524	+	40	0
ENSG00000108439.11	PNPO	protein_coding	chr17	47941506	47949308	+	9	2
ENSG00000108443.14	RPS6KB1	protein_coding	chr17	59893046	59950574	+	13	10
ENSG00000108448.22	TRIM16L	transcribed_unprocessed_pseudogene	chr17	18697998	18736118	+	4	4
ENSG00000108465.15	CDK5RAP3	protein_coding	chr17	47967810	47981781	+	14	0
ENSG00000108468.15	CBX1	protein_coding	chr17	48070052	48101478	-	14	14
ENSG00000108469.15	RECQL5	protein_coding	chr17	75626845	75667189	-	18	14
ENSG00000108474.17	PIGL	protein_coding	chr17	16217191	16351797	+	29	22
ENSG00000108479.12	GALK1	protein_coding	chr17	75751594	75765236	-	9	2
ENSG00000108506.13	INTS2	protein_coding	chr17	61865367	61928016	-	14	14
ENSG00000108509.21	CAMTA2	protein_coding	chr17	4967992	4987675	-	20	15
ENSG00000108510.10	MED13	protein_coding	chr17	61942605	62065278	-	16	15
ENSG00000108511.10	HOXB6	protein_coding	chr17	48595751	48604992	-	7	0
ENSG00000108515.18	ENO3	protein_coding	chr17	4948092	4957131	+	6	5
ENSG00000108518.8	PFN1	protein_coding	chr17	4945652	4949061	-	5	4
ENSG00000108523.16	RNF167	protein_coding	chr17	4940008	4945222	+	3	3
ENSG00000108528.14	SLC25A11	protein_coding	chr17	4937130	4940053	-	1	1
ENSG00000108551.5	RASD1	protein_coding	chr17	17494437	17496395	-	5	5
ENSG00000108556.10	CHRNE	protein_coding	chr17	4897771	4934438	-	29	13
ENSG00000108557.19	RAI1	protein_coding	chr17	17681458	17811453	+	22	22
ENSG00000108559.12	NUP88	protein_coding	chr17	5360963	5419676	-	52	26
ENSG00000108561.8	C1QBP	protein_coding	chr17	5432777	5448830	-	13	6
ENSG00000108576.10	SLC6A4	protein_coding	chr17	30194319	30236002	-	12	12
ENSG00000108578.15	BLMH	protein_coding	chr17	30248203	30292056	-	8	6
ENSG00000108582.12	CPD	protein_coding	chr17	30378927	30469989	+	11	11
ENSG00000108587.16	GOSR1	protein_coding	chr17	30477362	30527592	+	16	16
ENSG00000108588.14	CCDC47	protein_coding	chr17	63745255	63776351	-	17	5
ENSG00000108590.11	MED31	protein_coding	chr17	6643311	6651634	-	8	6
ENSG00000108591.10	DRG2	protein_coding	chr17	18087892	18107970	+	16	15
ENSG00000108592.17	FTSJ3	protein_coding	chr17	63819433	63830012	-	16	11
ENSG00000108599.15	AKAP10	protein_coding	chr17	19904302	19978343	-	13	13
ENSG00000108602.18	ALDH3A1	protein_coding	chr17	19737984	19748943	-	6	5
ENSG00000108604.16	SMARCD2	protein_coding	chr17	63832081	63843065	-	6	6
ENSG00000108622.11	ICAM2	protein_coding	chr17	64002594	64020634	-	7	3
ENSG00000108639.8	SYNGR2	protein_coding	chr17	78168581	78173527	+	18	18
ENSG00000108641.19	B9D1	protein_coding	chr17	19334308	19378193	-	20	17
ENSG00000108651.10	UTP6	protein_coding	chr17	31860904	31901708	-	11	7
ENSG00000108654.16	DDX5	protein_coding	chr17	64498254	64508199	-	15	14
ENSG00000108666.10	C17orf75	protein_coding	chr17	32324565	32350023	-	5	0
ENSG00000108669.16	CYTH1	protein_coding	chr17	78674048	78782297	-	22	22
ENSG00000108671.11	PSMD11	protein_coding	chr17	32444379	32483319	+	6	6
ENSG00000108679.13	LGALS3BP	protein_coding	chr17	78971238	78979947	-	7	7
ENSG00000108684.15	ASIC2	protein_coding	chr17	33013087	34174964	-	123	78
ENSG00000108688.11	CCL7	protein_coding	chr17	34270221	34272242	+	1	1
ENSG00000108691.9	CCL2	protein_coding	chr17	34255218	34257203	+	3	3
ENSG00000108700.5	CCL8	protein_coding	chr17	34319435	34321402	+	3	3
ENSG00000108702.4	CCL1	protein_coding	chr17	34360328	34363233	-	1	1
ENSG00000108733.11	PEX12	protein_coding	chr17	35574795	35578863	-	6	3
ENSG00000108759.4	KRT32	protein_coding	chr17	41459513	41467386	-	17	17
ENSG00000108771.13	DHX58	protein_coding	chr17	42101404	42112714	-	6	6
ENSG00000108773.11	KAT2A	protein_coding	chr17	42113111	42121367	-	6	4
ENSG00000108774.15	RAB5C	protein_coding	chr17	42124978	42155044	-	7	0
ENSG00000108784.10	NAGLU	protein_coding	chr17	42536241	42544449	+	6	0
ENSG00000108786.11	HSD17B1	protein_coding	chr17	42552922	42555214	+	6	0
ENSG00000108788.12	MLX	protein_coding	chr17	42567072	42573239	+	9	9
ENSG00000108797.12	CNTNAP1	protein_coding	chr17	42682531	42699993	+	9	0
ENSG00000108798.9	ABI3	protein_coding	chr17	49210411	49223225	+	6	6
ENSG00000108799.13	EZH1	protein_coding	chr17	42700275	42745049	-	10	10
ENSG00000108813.11	DLX4	protein_coding	chr17	49968970	49974959	+	5	5
ENSG00000108819.11	PPP1R9B	protein_coding	chr17	50133737	50150677	-	5	3
ENSG00000108821.14	COL1A1	protein_coding	chr17	50184101	50201632	-	30	30
ENSG00000108823.16	SGCA	protein_coding	chr17	50164214	50175928	+	9	5
ENSG00000108825.18	PTGES3L-AARSD1	protein_coding	chr17	42950526	42980528	-	19	1
ENSG00000108826.16	MRPL27	protein_coding	chr17	50367857	50373207	-	12	12
ENSG00000108828.16	VAT1	protein_coding	chr17	43014607	43025123	-	4	4
ENSG00000108829.10	LRRC59	protein_coding	chr17	50375059	50397523	-	23	13
ENSG00000108830.10	RND2	protein_coding	chr17	43025231	43032041	+	8	8
ENSG00000108839.12	ALOX12	protein_coding	chr17	6996049	7010754	+	14	0
ENSG00000108840.15	HDAC5	protein_coding	chr17	44076746	44123702	-	17	16
ENSG00000108846.16	ABCC3	protein_coding	chr17	50634777	50692253	+	30	30
ENSG00000108848.16	LUC7L3	protein_coding	chr17	50719565	50756219	+	17	14
ENSG00000108849.8	PPY	protein_coding	chr17	43940804	43942476	-	2	2
ENSG00000108852.15	MPP2	protein_coding	chr17	43875357	43909711	-	21	21
ENSG00000108854.16	SMURF2	protein_coding	chr17	64542282	64662307	-	16	16
ENSG00000108861.9	DUSP3	protein_coding	chr17	43766125	43778977	-	13	13
ENSG00000108878.5	CACNG1	protein_coding	chr17	67044554	67056797	+	6	6
ENSG00000108883.13	EFTUD2	protein_coding	chr17	44849948	44899445	-	41	38
ENSG00000108924.14	HLF	protein_coding	chr17	55264960	55325187	+	13	13
ENSG00000108932.12	SLC16A6	protein_coding	chr17	68267026	68291267	-	15	0
ENSG00000108946.15	PRKAR1A	protein_coding	chr17	68511780	68551319	+	28	11
ENSG00000108947.5	EFNB3	protein_coding	chr17	7705202	7711372	+	3	3
ENSG00000108950.12	FAM20A	protein_coding	chr17	68535113	68601367	-	19	3
ENSG00000108953.17	YWHAE	protein_coding	chr17	1344275	1400222	-	11	11
ENSG00000108960.9	MMD	protein_coding	chr17	55392622	55421924	-	11	11
ENSG00000108961.14	RANGRF	protein_coding	chr17	8288654	8290092	+	1	0
ENSG00000108963.19	DPH1	protein_coding	chr17	2030137	2043898	+	15	7
ENSG00000108984.15	MAP2K6	protein_coding	chr17	69414697	69553865	+	54	51
ENSG00000109016.17	DHRS7B	protein_coding	chr17	21123364	21193265	+	17	17
ENSG00000109046.15	WSB1	protein_coding	chr17	27294076	27315926	+	11	11
ENSG00000109047.8	RCVRN	protein_coding	chr17	9896320	9905271	-	21	21
ENSG00000109061.10	MYH1	protein_coding	chr17	10492307	10518542	-	14	0
ENSG00000109062.12	SLC9A3R1	protein_coding	chr17	74748628	74769353	+	5	4
ENSG00000109063.15	MYH3	protein_coding	chr17	10628526	10657309	-	31	31
ENSG00000109065.12	NAT9	protein_coding	chr17	74770529	74776367	-	14	14
ENSG00000109066.14	TMEM104	protein_coding	chr17	74776499	74839753	+	19	19
ENSG00000109072.14	VTN	protein_coding	chr17	28367284	28373091	-	7	0
ENSG00000109079.10	TNFAIP1	protein_coding	chr17	28335602	28347009	+	3	3
ENSG00000109083.14	IFT20	protein_coding	chr17	28328325	28335489	-	1	1
ENSG00000109084.14	TMEM97	protein_coding	chr17	28319200	28328685	+	1	1
ENSG00000109089.7	CDR2L	protein_coding	chr17	74987632	75005800	+	11	11
ENSG00000109099.16	PMP22	protein_coding	chr17	15229773	15272292	-	30	26
ENSG00000109101.8	FOXN1	protein_coding	chr17	28506243	28538900	+	14	0
ENSG00000109103.12	UNC119	protein_coding	chr17	28546708	28552631	-	1	0
ENSG00000109111.15	SUPT6H	protein_coding	chr17	28662198	28702679	+	13	13
ENSG00000109113.20	RAB34	protein_coding	chr17	28714281	28718429	-	1	1
ENSG00000109118.14	PHF12	protein_coding	chr17	28905250	28951771	-	8	5
ENSG00000112851.15	ERBIN	protein_coding	chr5	65926556	66082546	+	26	26
ENSG00000112852.7	PCDHB2	protein_coding	chr5	141094606	141098703	+	9	7
ENSG00000112855.17	HARS2	protein_coding	chr5	140691430	140699305	+	5	5
ENSG00000112874.10	NUDT12	protein_coding	chr5	103548855	103562790	-	14	14
ENSG00000112877.8	CEP72	protein_coding	chr5	612340	667168	+	48	13
ENSG00000112893.10	MAN2A1	protein_coding	chr5	109689927	109869625	+	47	47
ENSG00000112902.12	SEMA5A	protein_coding	chr5	9035033	9546075	-	81	61
ENSG00000112936.19	C7	protein_coding	chr5	40909497	40984643	+	40	40
ENSG00000112941.14	TENT4A	protein_coding	chr5	6713432	6757044	+	19	19
ENSG00000112964.14	GHR	protein_coding	chr5	42423439	42721878	+	40	40
ENSG00000112972.15	HMGCS1	protein_coding	chr5	43287470	43313512	-	16	12
ENSG00000112977.16	DAP	protein_coding	chr5	10679230	10761234	-	23	22
ENSG00000112981.5	NME5	protein_coding	chr5	138115175	138139443	-	2	2
ENSG00000112983.18	BRD8	protein_coding	chr5	138139770	138178953	-	11	10
ENSG00000112984.12	KIF20A	protein_coding	chr5	138178719	138187723	+	3	2
ENSG00000112992.18	NNT	protein_coding	chr5	43602692	43707405	+	24	24
ENSG00000112996.11	MRPS30	protein_coding	chr5	44808947	44820428	+	6	6
ENSG00000113013.16	HSPA9	protein_coding	chr5	138553756	138575675	-	16	16
ENSG00000113048.17	MRPS27	protein_coding	chr5	72219403	72320646	-	16	16
ENSG00000113068.10	PFDN1	protein_coding	chr5	140245035	140303113	-	12	3
ENSG00000113070.8	HBEGF	protein_coding	chr5	140332843	140346603	-	8	8
ENSG00000113073.15	SLC4A9	protein_coding	chr5	140360194	140375141	+	5	4
ENSG00000113083.15	LOX	protein_coding	chr5	122063195	122078413	-	6	2
ENSG00000113088.6	GZMK	protein_coding	chr5	55024256	55034570	+	4	0
ENSG00000113100.10	CDH9	protein_coding	chr5	26880597	27121150	-	28	28
ENSG00000113108.20	APBB3	protein_coding	chr5	140558268	140564781	-	5	5
ENSG00000113119.13	TMCO6	protein_coding	chr5	140639435	140645408	+	7	0
ENSG00000113140.11	SPARC	protein_coding	chr5	151661096	151686975	-	26	22
ENSG00000113141.18	IK	protein_coding	chr5	140647058	140662480	+	8	6
ENSG00000113161.17	HMGCR	protein_coding	chr5	75336329	75364001	+	19	8
ENSG00000113163.18	CERT1	protein_coding	chr5	75356345	75512138	-	37	26
ENSG00000113194.13	FAF2	protein_coding	chr5	176447628	176510074	+	14	14
ENSG00000113196.3	HAND1	protein_coding	chr5	154474972	154478227	-	4	4
ENSG00000113205.5	PCDHB3	protein_coding	chr5	141100473	141103827	+	13	0
ENSG00000113209.9	PCDHB5	protein_coding	chr5	141135206	141138615	+	3	0
ENSG00000113211.6	PCDHB6	protein_coding	chr5	141150057	141153287	+	8	0
ENSG00000113212.7	PCDHB7	protein_coding	chr5	141172644	141176383	+	16	0
ENSG00000113231.14	PDE8B	protein_coding	chr5	77210449	77428256	+	40	0
ENSG00000113240.13	CLK4	protein_coding	chr5	178602664	178630615	-	11	11
ENSG00000113248.6	PCDHB15	protein_coding	chr5	141245395	141249365	+	7	7
ENSG00000113249.13	HAVCR1	protein_coding	chr5	157029413	157059119	-	14	14
ENSG00000113262.16	GRM6	protein_coding	chr5	178977587	178996206	-	47	5
ENSG00000113263.13	ITK	protein_coding	chr5	157142933	157255185	+	31	21
ENSG00000113269.14	RNF130	protein_coding	chr5	179911651	180072113	-	37	31
ENSG00000113272.14	THG1L	protein_coding	chr5	157731420	157741449	+	11	11
ENSG00000113273.17	ARSB	protein_coding	chr5	78777209	78986087	-	50	50
ENSG00000113282.14	CLINT1	protein_coding	chr5	157785743	157859145	-	17	17
ENSG00000113296.14	THBS4	protein_coding	chr5	79991311	80083287	+	29	8
ENSG00000113300.13	CNOT6	protein_coding	chr5	180494379	180578358	+	18	18
ENSG00000113302.5	IL12B	protein_coding	chr5	159314780	159330487	-	7	0
ENSG00000113303.12	BTNL8	protein_coding	chr5	180899077	180950906	+	24	24
ENSG00000113312.11	TTC1	protein_coding	chr5	160009113	160065543	+	10	8
ENSG00000113318.11	MSH3	protein_coding	chr5	80654652	80876815	+	55	47
ENSG00000113319.13	RASGRF2	protein_coding	chr5	80960363	81230162	+	60	43
ENSG00000113327.17	GABRG2	protein_coding	chr5	162000057	162162977	+	54	54
ENSG00000113328.19	CCNG1	protein_coding	chr5	163437569	163446151	+	4	4
ENSG00000113356.13	POLR3G	protein_coding	chr5	90471748	90514557	+	18	12
ENSG00000113360.17	DROSHA	protein_coding	chr5	31400494	31532196	-	37	37
ENSG00000113361.13	CDH6	protein_coding	chr5	31193686	31329146	+	30	18
ENSG00000113368.12	LMNB1	protein_coding	chr5	126776623	126837020	+	11	11
ENSG00000113369.9	ARRDC3	protein_coding	chr5	91368631	91383317	-	3	3
ENSG00000113384.14	GOLPH3	protein_coding	chr5	32124716	32174319	-	4	4
ENSG00000113387.12	SUB1	protein_coding	chr5	32531633	32604079	+	29	29
ENSG00000113389.16	NPR3	protein_coding	chr5	32689070	32791724	+	34	34
ENSG00000113391.19	FAM172A	protein_coding	chr5	93617725	94111699	-	41	30
ENSG00000113396.13	SLC27A6	protein_coding	chr5	128538013	129033642	+	75	45
ENSG00000113407.14	TARS1	protein_coding	chr5	33440696	33468091	+	24	24
ENSG00000113430.10	IRX4	protein_coding	chr5	1877413	1887236	-	15	15
ENSG00000113441.16	LNPEP	protein_coding	chr5	96935394	97037513	+	37	34
ENSG00000113448.19	PDE4D	protein_coding	chr5	58969038	60522120	-	188	180
ENSG00000113456.19	RAD1	protein_coding	chr5	34905260	34918989	-	6	3
ENSG00000113460.13	BRIX1	protein_coding	chr5	34915677	34925996	+	9	6
ENSG00000113492.14	AGXT2	protein_coding	chr5	34998101	35048135	-	28	28
ENSG00000113494.17	PRLR	protein_coding	chr5	35048756	35230487	-	38	38
ENSG00000113504.21	SLC12A7	protein_coding	chr5	1050384	1112063	-	40	40
ENSG00000113520.11	IL4	protein_coding	chr5	132673986	132682678	+	4	4
ENSG00000113522.14	RAD50	protein_coding	chr5	132556019	132646349	+	14	0
ENSG00000113525.10	IL5	protein_coding	chr5	132541445	132556838	-	1	0
ENSG00000113532.13	ST8SIA4	protein_coding	chr5	100806933	100903282	-	24	24
ENSG00000113552.16	GNPDA1	protein_coding	chr5	141991749	142013041	-	10	10
ENSG00000113555.6	PCDH12	protein_coding	chr5	141943581	141969741	-	12	8
ENSG00000113558.19	SKP1	protein_coding	chr5	134148935	134176964	-	41	21
ENSG00000113569.16	NUP155	protein_coding	chr5	37288137	37371106	-	22	22
ENSG00000113575.10	PPP2CA	protein_coding	chr5	134194332	134226073	-	12	0
ENSG00000113578.18	FGF1	protein_coding	chr5	142592178	142698070	-	23	7
ENSG00000113580.15	NR3C1	protein_coding	chr5	143277931	143435512	-	18	17
ENSG00000113583.8	C5orf15	protein_coding	chr5	133955510	133968674	-	2	2
ENSG00000113593.12	PPWD1	protein_coding	chr5	65563236	65587549	+	13	13
ENSG00000113594.10	LIFR	protein_coding	chr5	38474668	38608354	-	41	34
ENSG00000113595.15	TRIM23	protein_coding	chr5	65589690	65625975	-	15	14
ENSG00000113597.18	TRAPPC13	protein_coding	chr5	65625004	65666233	+	24	16
ENSG00000113600.11	C9	protein_coding	chr5	39284140	39424868	-	33	13
ENSG00000113615.13	SEC24A	protein_coding	chr5	134648785	134727909	+	7	6
ENSG00000113621.15	TXNDC15	protein_coding	chr5	134874371	134901635	+	5	5
ENSG00000113638.14	TTC33	protein_coding	chr5	40512333	40755963	-	38	34
ENSG00000113643.9	RARS1	protein_coding	chr5	168486451	168519301	+	31	31
ENSG00000113645.15	WWC1	protein_coding	chr5	168291645	168472303	+	59	59
ENSG00000113648.16	MACROH2A1	protein_coding	chr5	135333900	135399914	-	16	6
ENSG00000113649.12	TCERG1	protein_coding	chr5	146447311	146511961	+	24	24
ENSG00000113657.13	DPYSL3	protein_coding	chr5	147390808	147510068	-	23	23
ENSG00000113658.18	SMAD5	protein_coding	chr5	136132845	136188747	+	28	24
ENSG00000113712.19	CSNK1A1	protein_coding	chr5	149492982	149551471	-	16	11
ENSG00000113716.13	HMGXB3	protein_coding	chr5	150000046	150053142	+	26	23
ENSG00000113719.16	ERGIC1	protein_coding	chr5	172834251	172952683	+	40	40
ENSG00000113721.14	PDGFRB	protein_coding	chr5	150113839	150155872	-	31	31
ENSG00000113722.17	CDX1	protein_coding	chr5	150166778	150184558	+	4	4
ENSG00000113732.9	ATP6V0E1	protein_coding	chr5	172983771	173035445	+	6	6
ENSG00000113734.18	BNIP1	protein_coding	chr5	173144442	173164387	+	3	3
ENSG00000113739.11	STC2	protein_coding	chr5	173314723	173328447	-	7	7
ENSG00000113742.14	CPEB4	protein_coding	chr5	173888349	173961980	+	22	22
ENSG00000113749.7	HRH2	protein_coding	chr5	175658030	175710756	+	15	15
ENSG00000113758.13	DBN1	protein_coding	chr5	177456608	177474401	-	8	8
ENSG00000113761.12	ZNF346	protein_coding	chr5	177022696	177081189	+	21	21
ENSG00000113763.12	UNC5A	protein_coding	chr5	176810519	176880898	+	14	14
ENSG00000113790.11	EHHADH	protein_coding	chr3	185190624	185281990	-	14	13
ENSG00000113805.8	CNTN3	protein_coding	chr3	74262568	74521140	-	31	31
ENSG00000113810.16	SMC4	protein_coding	chr3	160399274	160434954	+	15	0
ENSG00000113811.11	SELENOK	protein_coding	chr3	53884417	53891962	-	11	11
ENSG00000113812.14	ACTR8	protein_coding	chr3	53867066	53882152	-	18	18
ENSG00000113838.13	TBCCD1	protein_coding	chr3	186546067	186570543	-	10	6
ENSG00000113845.10	TIMMDC1	protein_coding	chr3	119498547	119525090	+	17	13
ENSG00000113851.15	CRBN	protein_coding	chr3	3144628	3179727	-	37	16
ENSG00000113889.14	KNG1	protein_coding	chr3	186717348	186744410	+	22	0
ENSG00000113905.5	HRG	protein_coding	chr3	186660216	186678234	+	15	0
ENSG00000113916.18	BCL6	protein_coding	chr3	187721377	187745725	-	14	4
ENSG00000113924.12	HGD	protein_coding	chr3	120628172	120682269	-	13	13
ENSG00000113946.4	CLDN16	protein_coding	chr3	190322541	190412138	+	19	19
ENSG00000113966.10	ARL6	protein_coding	chr3	97764521	97801229	+	13	13
ENSG00000113971.20	NPHP3	protein_coding	chr3	132680609	132722414	-	20	0
ENSG00000114013.16	CD86	protein_coding	chr3	122055362	122121139	+	10	10
ENSG00000114019.15	AMOTL2	protein_coding	chr3	134355347	134375479	-	14	11
ENSG00000114021.12	NIT2	protein_coding	chr3	100334739	100361635	+	15	15
ENSG00000114023.15	FAM162A	protein_coding	chr3	122384176	122412334	+	8	6
ENSG00000114026.22	OGG1	protein_coding	chr3	9749944	9788219	+	19	2
ENSG00000114030.13	KPNA1	protein_coding	chr3	122421902	122514945	-	22	14
ENSG00000114054.14	PCCB	protein_coding	chr3	136250340	136337896	+	18	16
ENSG00000114098.18	ARMC8	protein_coding	chr3	138187248	138298384	+	13	9
ENSG00000114107.9	CEP70	protein_coding	chr3	138494344	138594538	-	23	23
ENSG00000114113.6	RBP2	protein_coding	chr3	139452884	139480747	-	5	0
ENSG00000114115.10	RBP1	protein_coding	chr3	139517434	139539829	-	15	0
ENSG00000114120.14	SLC25A36	protein_coding	chr3	140941830	140980995	+	26	26
ENSG00000114124.2	GRK7	protein_coding	chr3	141778148	141818490	+	10	6
ENSG00000114125.14	RNF7	protein_coding	chr3	141738249	141747560	+	9	0
ENSG00000114126.18	TFDP2	protein_coding	chr3	141944428	142149544	-	40	40
ENSG00000114127.11	XRN1	protein_coding	chr3	142306607	142448062	-	25	25
ENSG00000114166.8	KAT2B	protein_coding	chr3	20040446	20154404	+	39	39
ENSG00000114200.10	BCHE	protein_coding	chr3	165772904	165837462	-	12	0
ENSG00000114204.15	SERPINI2	protein_coding	chr3	167441789	167479004	-	19	19
ENSG00000114209.15	PDCD10	protein_coding	chr3	167683298	167734939	-	7	7
ENSG00000114248.10	LRRC31	protein_coding	chr3	169839172	169869935	-	7	7
ENSG00000114251.15	WNT5A	protein_coding	chr3	55465715	55490539	-	14	14
ENSG00000114268.12	PFKFB4	protein_coding	chr3	48517684	48562015	-	9	8
ENSG00000114270.18	COL7A1	protein_coding	chr3	48564073	48595329	-	14	14
ENSG00000114279.14	FGF12	protein_coding	chr3	192139390	192767764	-	71	65
ENSG00000114302.16	PRKAR2A	protein_coding	chr3	48744597	48847874	-	9	9
ENSG00000114315.4	HES1	protein_coding	chr3	194136148	194138732	+	4	4
ENSG00000114316.13	USP4	protein_coding	chr3	49277144	49340712	-	15	15
ENSG00000114331.15	ACAP2	protein_coding	chr3	195274745	195443044	-	52	52
ENSG00000114346.14	ECT2	protein_coding	chr3	172750682	172821474	+	26	26
ENSG00000114349.10	GNAT1	protein_coding	chr3	50191610	50197696	+	3	3
ENSG00000114353.17	GNAI2	protein_coding	chr3	50226292	50259362	+	8	8
ENSG00000114354.15	TFG	protein_coding	chr3	100709295	100748964	+	31	31
ENSG00000114378.17	HYAL1	protein_coding	chr3	50299890	50312381	-	5	5
ENSG00000114383.10	TUSC2	protein_coding	chr3	50320027	50328251	-	4	1
ENSG00000114388.14	NPRL2	protein_coding	chr3	50347330	50350826	-	1	1
ENSG00000114391.13	RPL24	protein_coding	chr3	101681091	101686718	-	6	6
ENSG00000114395.11	CYB561D2	protein_coding	chr3	50350845	50358460	+	3	0
ENSG00000114405.11	C3orf14	protein_coding	chr3	62319015	62336213	+	3	0
ENSG00000114416.18	FXR1	protein_coding	chr3	180868141	180982753	+	20	18
ENSG00000114423.23	CBLB	protein_coding	chr3	105655461	105869552	-	48	48
ENSG00000114439.19	BBX	protein_coding	chr3	107522936	107811339	+	38	38
ENSG00000114446.5	IFT57	protein_coding	chr3	108160812	108222435	-	24	24
ENSG00000114450.11	GNB4	protein_coding	chr3	179396088	179451476	-	28	21
ENSG00000114455.13	HHLA2	protein_coding	chr3	108296490	108378285	+	32	32
ENSG00000114473.14	IQCG	protein_coding	chr3	197889077	197960142	-	35	26
ENSG00000114480.13	GBE1	protein_coding	chr3	81489703	81761645	-	36	36
ENSG00000114487.10	MORC1	protein_coding	chr3	108958248	109118134	-	38	37
ENSG00000114491.14	UMPS	protein_coding	chr3	124730433	124749273	+	28	28
ENSG00000114503.11	NCBP2	protein_coding	chr3	196935402	196942594	-	18	15
ENSG00000114520.11	SNX4	protein_coding	chr3	125446650	125520202	-	12	12
ENSG00000114529.13	C3orf52	protein_coding	chr3	112086335	112131004	+	26	12
ENSG00000114541.15	FRMD4B	protein_coding	chr3	69168782	69542583	-	96	96
ENSG00000114544.17	SLC41A3	protein_coding	chr3	126006357	126101561	-	44	40
ENSG00000114547.10	ROPN1B	protein_coding	chr3	125969160	125983454	+	6	6
ENSG00000114554.11	PLXNA1	protein_coding	chr3	126988594	127037392	+	40	40
ENSG00000114573.10	ATP6V1A	protein_coding	chr3	113747033	113812056	+	11	11
ENSG00000114626.18	ABTB1	protein_coding	chr3	127672935	127680926	+	9	9
ENSG00000114631.11	PODXL2	protein_coding	chr3	127629185	127672802	+	10	10
ENSG00000114638.8	UPK1B	protein_coding	chr3	119173517	119205143	+	12	7
ENSG00000114646.10	CSPG5	protein_coding	chr3	47562238	47580792	-	4	4
ENSG00000114648.12	KLHL18	protein_coding	chr3	47282917	47346816	+	12	12
ENSG00000114650.20	SCAP	protein_coding	chr3	47413681	47477126	-	11	11
ENSG00000114654.7	EFCC1	protein_coding	chr3	129001629	129040742	+	13	9
ENSG00000114656.12	CFAP92	protein_coding	chr3	128909866	129002690	-	59	37
ENSG00000114670.14	NEK11	protein_coding	chr3	131026850	131350465	+	42	36
ENSG00000114686.9	MRPL3	protein_coding	chr3	131462212	131502983	-	8	8
ENSG00000114698.15	PLSCR4	protein_coding	chr3	146192335	146251179	-	28	28
ENSG00000114735.10	HEMK1	protein_coding	chr3	50569152	50596168	+	27	25
ENSG00000114737.16	CISH	protein_coding	chr3	50606489	50611774	-	6	6
ENSG00000114738.11	MAPKAPK3	protein_coding	chr3	50611520	50649291	+	11	11
ENSG00000114739.14	ACVR2B	protein_coding	chr3	38453890	38493142	+	35	35
ENSG00000114742.14	WDR48	protein_coding	chr3	39052013	39096671	+	25	25
ENSG00000114744.9	COMMD2	protein_coding	chr3	149738472	149752495	-	9	9
ENSG00000114745.14	GORASP1	protein_coding	chr3	39096599	39107863	-	17	15
ENSG00000114757.19	PEX5L	protein_coding	chr3	179794958	180037053	-	42	21
ENSG00000114767.7	RRP9	protein_coding	chr3	51933429	51941904	-	4	4
ENSG00000114770.17	ABCC5	protein_coding	chr3	183919934	184017939	-	40	39
ENSG00000114771.14	AADAC	protein_coding	chr3	151814073	151828488	+	10	0
ENSG00000114779.20	ABHD14B	protein_coding	chr3	51968510	51983409	-	5	0
ENSG00000114784.4	EIF1B	protein_coding	chr3	40309707	40312424	+	8	8
ENSG00000114786.16	ABHD14A-ACY1	protein_coding	chr3	51974706	51989183	+	12	0
ENSG00000114790.13	ARHGEF26	protein_coding	chr3	154121003	154257827	+	25	24
ENSG00000114796.16	KLHL24	protein_coding	chr3	183635610	183684519	+	46	46
ENSG00000114805.18	PLCH1	protein_coding	chr3	155375580	155745071	-	40	38
ENSG00000114812.13	VIPR1	protein_coding	chr3	42489299	42537573	+	26	15
ENSG00000114841.17	DNAH1	protein_coding	chr3	52316319	52400491	+	71	70
ENSG00000114850.7	SSR3	protein_coding	chr3	156539553	156555149	-	24	21
ENSG00000114853.15	ZBTB47	protein_coding	chr3	42653697	42667580	+	12	7
ENSG00000114857.18	NKTR	protein_coding	chr3	42600655	42648735	+	30	1
ENSG00000114859.16	CLCN2	protein_coding	chr3	184346185	184361650	-	23	18
ENSG00000114861.23	FOXP1	protein_coding	chr3	70954708	71583989	-	104	1
ENSG00000114867.22	EIF4G1	protein_coding	chr3	184314495	184335358	+	12	12
ENSG00000114902.14	SPCS1	protein_coding	chr3	52704955	52711148	+	9	3
ENSG00000114904.13	NEK4	protein_coding	chr3	52708444	52770946	-	18	13
ENSG00000114923.17	SLC4A3	protein_coding	chr2	219627394	219641980	+	11	11
ENSG00000114933.16	INO80D	protein_coding	chr2	205993721	206086303	-	19	14
ENSG00000114942.14	EEF1B2	protein_coding	chr2	206159585	206162928	+	1	1
ENSG00000114948.13	ADAM23	protein_coding	chr2	206443532	206621127	+	18	18
ENSG00000114956.20	DGUOK	protein_coding	chr2	73926826	73958961	+	6	4
ENSG00000114978.18	MOB1A	protein_coding	chr2	74152528	74178898	-	11	11
ENSG00000114982.19	KANSL3	protein_coding	chr2	96593170	96642787	-	8	8
ENSG00000114988.12	LMAN2L	protein_coding	chr2	96705929	96740064	-	2	2
ENSG00000114993.17	RTKN	protein_coding	chr2	74425835	74442422	-	5	5
ENSG00000114999.8	TTL	protein_coding	chr2	112482156	112541739	+	45	45
ENSG00000115008.6	IL1A	protein_coding	chr2	112773925	112784493	-	9	9
ENSG00000115009.13	CCL20	protein_coding	chr2	227805739	227817564	+	10	10
ENSG00000115020.17	PIKFYVE	protein_coding	chr2	208266255	208358746	+	36	36
ENSG00000115041.13	KCNIP3	protein_coding	chr2	95297327	95386077	+	16	15
ENSG00000115042.10	FAHD2A	protein_coding	chr2	95402708	95416616	+	2	2
ENSG00000115053.17	NCL	protein_coding	chr2	231453531	231483641	-	24	23
ENSG00000115073.8	ACTR1B	protein_coding	chr2	97655939	97664044	-	8	8
ENSG00000115084.15	SLC35F5	protein_coding	chr2	113705011	113756693	-	41	41
ENSG00000115085.14	ZAP70	protein_coding	chr2	97713576	97739862	+	12	12
ENSG00000115091.12	ACTR3	protein_coding	chr2	113890063	113962596	+	32	32
ENSG00000115107.20	STEAP3	protein_coding	chr2	119223831	119265652	+	18	5
ENSG00000115109.14	EPB41L5	protein_coding	chr2	120013077	120179119	+	27	25
ENSG00000115112.8	TFCP2L1	protein_coding	chr2	121216587	121285202	-	30	30
ENSG00000115128.7	SF3B6	protein_coding	chr2	24067586	24076373	-	4	4
ENSG00000115129.14	TP53I3	protein_coding	chr2	24077433	24085861	-	9	0
ENSG00000115137.12	DNAJC27	protein_coding	chr2	24943636	24972094	-	9	8
ENSG00000115138.11	POMC	protein_coding	chr2	25160853	25168903	-	4	4
ENSG00000115145.10	STAM2	protein_coding	chr2	152116801	152175763	-	15	15
ENSG00000115155.19	OTOF	protein_coding	chr2	26457203	26558756	-	32	32
ENSG00000115159.16	GPD2	protein_coding	chr2	156435290	156613735	+	24	24
ENSG00000115163.15	CENPA	protein_coding	chr2	26764289	26801067	+	14	7
ENSG00000115165.10	CYTIP	protein_coding	chr2	157414619	157488961	-	13	13
ENSG00000115170.15	ACVR1	protein_coding	chr2	157736444	157876330	-	18	18
ENSG00000115183.15	TANC1	protein_coding	chr2	158968640	159232659	+	74	74
ENSG00000115194.11	SLC30A3	protein_coding	chr2	27253684	27275817	-	11	11
ENSG00000115204.15	MPV17	protein_coding	chr2	27309492	27325680	-	2	2
ENSG00000115207.13	GTF3C2	protein_coding	chr2	27325849	27357034	-	8	6
ENSG00000115211.16	EIF2B4	protein_coding	chr2	27364352	27370457	-	4	3
ENSG00000115216.14	NRBP1	protein_coding	chr2	27427790	27442259	+	10	10
ENSG00000115221.12	ITGB6	protein_coding	chr2	160099667	160200313	-	28	14
ENSG00000115226.10	FNDC4	protein_coding	chr2	27491883	27495200	-	2	2
ENSG00000115232.14	ITGA4	protein_coding	chr2	181457202	181538940	+	32	27
ENSG00000115233.12	PSMD14	protein_coding	chr2	161308425	161411717	+	16	16
ENSG00000115234.11	SNX17	protein_coding	chr2	27370496	27377535	+	7	6
ENSG00000115239.24	ASB3	protein_coding	chr2	53532672	53860160	-	67	52
ENSG00000115241.11	PPM1G	protein_coding	chr2	27381195	27409591	-	4	4
ENSG00000115252.18	PDE1A	protein_coding	chr2	182140036	182523192	-	52	52
ENSG00000115263.15	GCG	protein_coding	chr2	162142882	162152404	-	6	6
ENSG00000115267.9	IFIH1	protein_coding	chr2	162267074	162318684	-	12	12
ENSG00000115271.11	GCA	protein_coding	chr2	162318840	162371595	+	8	8
ENSG00000115274.15	INO80B	protein_coding	chr2	74455087	74457944	+	1	0
ENSG00000115275.14	MOGS	protein_coding	chr2	74461057	74465410	-	2	2
ENSG00000115282.21	TTC31	protein_coding	chr2	74483073	74494559	+	3	2
ENSG00000115289.14	PCGF1	protein_coding	chr2	74505043	74507695	-	3	3
ENSG00000115290.10	GRB14	protein_coding	chr2	164492417	164621482	-	25	25
ENSG00000115295.20	CLIP4	protein_coding	chr2	29097705	29189643	+	27	27
ENSG00000115297.11	TLX2	protein_coding	chr2	74513463	74517148	+	1	1
ENSG00000115306.16	SPTBN1	protein_coding	chr2	54456317	54671446	+	65	40
ENSG00000115307.17	AUP1	protein_coding	chr2	74526645	74529760	-	3	3
ENSG00000115310.18	RTN4	protein_coding	chr2	54972187	55112621	-	29	29
ENSG00000115317.12	HTRA2	protein_coding	chr2	74529725	74533332	+	3	3
ENSG00000115318.12	LOXL3	protein_coding	chr2	74532258	74555690	-	6	4
ENSG00000115325.14	DOK1	protein_coding	chr2	74549026	74557551	+	3	1
ENSG00000115339.14	GALNT3	protein_coding	chr2	165747588	165794659	-	8	8
ENSG00000115350.12	POLE4	protein_coding	chr2	74958643	74970128	+	4	4
ENSG00000115353.11	TACR1	protein_coding	chr2	75046463	75199520	-	23	19
ENSG00000115355.17	CCDC88A	protein_coding	chr2	55287842	55419895	-	126	56
ENSG00000115361.8	ACADL	protein_coding	chr2	210187126	210225447	-	3	0
ENSG00000115363.14	EVA1A	protein_coding	chr2	75469302	75569722	-	22	19
ENSG00000115364.14	MRPL19	protein_coding	chr2	75646783	75690851	+	37	2
ENSG00000115365.12	LANCL1	protein_coding	chr2	210431249	210477652	-	17	5
ENSG00000115368.10	WDR75	protein_coding	chr2	189441446	189475552	+	37	37
ENSG00000115380.20	EFEMP1	protein_coding	chr2	55865967	55924139	-	15	15
ENSG00000115386.6	REG1A	protein_coding	chr2	79120362	79123409	+	7	7
ENSG00000115392.12	FANCL	protein_coding	chr2	58159243	58241372	-	14	13
ENSG00000115414.21	FN1	protein_coding	chr2	215360440	215436073	-	60	60
ENSG00000115415.20	STAT1	protein_coding	chr2	190908460	191020960	-	45	26
ENSG00000115419.13	GLS	protein_coding	chr2	190880821	190965552	+	23	3
ENSG00000115421.13	PAPOLG	protein_coding	chr2	60756253	60802086	+	19	19
ENSG00000115423.19	DNAH6	protein_coding	chr2	84516455	84819589	+	51	51
ENSG00000115425.14	PECR	protein_coding	chr2	215996329	216082955	-	18	9
ENSG00000115446.12	UNC50	protein_coding	chr2	98608579	98618515	+	7	7
ENSG00000115457.10	IGFBP2	protein_coding	chr2	216632828	216664436	+	6	6
ENSG00000115459.18	ELMOD3	protein_coding	chr2	85354394	85391752	+	11	11
ENSG00000115461.5	IGFBP5	protein_coding	chr2	216672105	216695549	-	23	23
ENSG00000115464.15	USP34	protein_coding	chr2	61187463	61471087	-	52	46
ENSG00000115468.12	EFHD1	protein_coding	chr2	232606057	232682780	+	22	20
ENSG00000115474.7	KCNJ13	protein_coding	chr2	232765802	232776565	-	5	0
ENSG00000115484.15	CCT4	protein_coding	chr2	61868085	61888671	-	7	1
ENSG00000115486.12	GGCX	protein_coding	chr2	85544720	85561547	-	21	21
ENSG00000115488.3	NEU2	protein_coding	chr2	233032672	233035057	+	3	3
ENSG00000115504.15	EHBP1	protein_coding	chr2	62673851	63046487	+	32	22
ENSG00000115507.10	OTX1	protein_coding	chr2	63050057	63057836	+	4	4
ENSG00000115514.12	TXNDC9	protein_coding	chr2	99318982	99340702	-	5	1
ENSG00000115520.8	COQ10B	protein_coding	chr2	197453423	197475308	+	3	3
ENSG00000115523.17	GNLY	protein_coding	chr2	85685175	85698852	+	21	21
ENSG00000115524.17	SF3B1	protein_coding	chr2	197388515	197435079	-	10	10
ENSG00000115525.18	ST3GAL5	protein_coding	chr2	85837120	85905199	-	51	51
ENSG00000115526.11	CHST10	protein_coding	chr2	100391860	100417668	-	21	21
ENSG00000115539.14	PDCL3	protein_coding	chr2	100562993	100576739	+	5	5
ENSG00000115540.15	MOB4	protein_coding	chr2	197515571	197553699	+	5	2
ENSG00000115541.11	HSPE1	protein_coding	chr2	197500140	197503449	+	2	0
ENSG00000115548.17	KDM3A	protein_coding	chr2	86440647	86492716	+	31	31
ENSG00000115556.14	PLCD4	protein_coding	chr2	218607855	218637184	+	19	13
ENSG00000115561.16	CHMP3	protein_coding	chr2	86503430	86563479	-	17	5
ENSG00000115568.16	ZNF142	protein_coding	chr2	218633329	218659655	-	23	14
ENSG00000115590.14	IL1R2	protein_coding	chr2	101991960	102028544	+	22	22
ENSG00000115592.11	PRKAG3	protein_coding	chr2	218822383	218832086	-	12	12
ENSG00000115593.15	SMYD1	protein_coding	chr2	88067825	88113384	+	31	31
ENSG00000115594.12	IL1R1	protein_coding	chr2	102064544	102179874	+	30	21
ENSG00000115596.4	WNT6	protein_coding	chr2	218859805	218874233	+	2	2
ENSG00000115598.10	IL1RL2	protein_coding	chr2	102187006	102240002	+	7	7
ENSG00000115602.17	IL1RL1	protein_coding	chr2	102311502	102352037	+	35	0
ENSG00000115604.12	IL18R1	protein_coding	chr2	102311529	102398777	+	56	21
ENSG00000115607.9	IL18RAP	protein_coding	chr2	102418689	102452565	+	19	19
ENSG00000115616.3	SLC9A2	protein_coding	chr2	102619553	102711355	+	15	15
ENSG00000115641.19	FHL2	protein_coding	chr2	105357712	105438513	-	28	25
ENSG00000115648.14	MLPH	protein_coding	chr2	237485428	237555322	+	53	52
ENSG00000115649.16	CNPPD1	protein_coding	chr2	219171897	219178106	-	10	4
ENSG00000115652.15	UXS1	protein_coding	chr2	106093308	106194301	-	24	23
ENSG00000115657.14	ABCB6	protein_coding	chr2	219209772	219218994	-	6	0
ENSG00000115661.14	STK16	protein_coding	chr2	219245455	219250337	+	5	5
ENSG00000115665.9	SLC5A7	protein_coding	chr2	107986523	108013994	+	12	12
ENSG00000115677.17	HDLBP	protein_coding	chr2	241227264	241317061	-	46	40
ENSG00000115685.15	PPP1R7	protein_coding	chr2	241149576	241183652	+	18	14
ENSG00000115687.14	PASK	protein_coding	chr2	241106099	241150264	-	79	75
ENSG00000115694.15	STK25	protein_coding	chr2	241492670	241509730	-	15	12
ENSG00000115705.22	TPO	protein_coding	chr2	1374066	1543711	+	74	0
ENSG00000115718.18	PROC	protein_coding	chr2	127418427	127429242	+	5	5
ENSG00000115738.10	ID2	protein_coding	chr2	8678845	8684461	+	3	1
ENSG00000115750.17	TAF1B	protein_coding	chr2	9843443	9934416	+	32	32
ENSG00000115756.13	HPCAL1	protein_coding	chr2	10302889	10427617	+	45	45
ENSG00000115758.13	ODC1	protein_coding	chr2	10439968	10448327	-	8	8
ENSG00000115760.14	BIRC6	protein_coding	chr2	32357028	32618899	+	29	27
ENSG00000115761.16	NOL10	protein_coding	chr2	10570754	10689987	-	32	25
ENSG00000115762.16	PLEKHB2	protein_coding	chr2	131104847	131353709	+	28	13
ENSG00000115806.13	GORASP2	protein_coding	chr2	170928464	170967130	+	9	9
ENSG00000115808.12	STRN	protein_coding	chr2	36837698	36966536	-	37	31
ENSG00000115816.15	CEBPZ	protein_coding	chr2	37201612	37231596	-	16	8
ENSG00000115825.11	PRKD3	protein_coding	chr2	37250502	37324833	-	38	29
ENSG00000115827.14	DCAF17	protein_coding	chr2	171434217	171485052	+	19	19
ENSG00000115828.17	QPCT	protein_coding	chr2	37342827	37373322	+	21	18
ENSG00000115839.18	RAB3GAP1	protein_coding	chr2	135052292	135176394	+	30	13
ENSG00000115840.14	SLC25A12	protein_coding	chr2	171783405	171999859	-	39	27
ENSG00000115841.21	RMDN2	protein_coding	chr2	37923187	38067142	+	34	4
ENSG00000115844.11	DLX2	protein_coding	chr2	172099438	172102900	-	3	3
ENSG00000115850.10	LCT	protein_coding	chr2	135787850	135837184	-	20	20
ENSG00000115866.11	DARS1	protein_coding	chr2	135905881	135986100	-	17	14
ENSG00000115875.19	SRSF7	protein_coding	chr2	38743599	38751494	-	3	3
ENSG00000115884.11	SDC1	protein_coding	chr2	20200797	20225433	-	8	8
ENSG00000115896.16	PLCL1	protein_coding	chr2	197804593	198572581	+	75	61
ENSG00000115902.11	SLC1A4	protein_coding	chr2	64988477	65023865	+	19	0
ENSG00000115904.14	SOS1	protein_coding	chr2	38981549	39124345	-	24	24
ENSG00000115919.15	KYNU	protein_coding	chr2	142877657	143055833	+	63	63
ENSG00000115935.18	WIPF1	protein_coding	chr2	174559572	174682916	-	31	0
ENSG00000115942.9	ORC2	protein_coding	chr2	200908977	200963680	-	12	11
ENSG00000115944.15	COX7A2L	protein_coding	chr2	42333546	42425088	-	24	24
ENSG00000115946.8	PNO1	protein_coding	chr2	68157888	68176238	+	10	0
ENSG00000115947.14	ORC4	protein_coding	chr2	147930396	148021604	-	14	14
ENSG00000115956.10	PLEK	protein_coding	chr2	68365282	68397453	+	23	21
ENSG00000115963.14	RND3	protein_coding	chr2	150468195	150539011	-	11	11
ENSG00000115966.17	ATF2	protein_coding	chr2	175072250	175168382	-	20	20
ENSG00000115970.19	THADA	protein_coding	chr2	43230851	43596038	-	71	70
ENSG00000115977.21	AAK1	protein_coding	chr2	69457997	69674349	-	77	69
ENSG00000115993.13	TRAK2	protein_coding	chr2	201377207	201451500	-	24	11
ENSG00000115998.8	C2orf42	protein_coding	chr2	70149885	70248615	-	23	14
ENSG00000116001.17	TIA1	protein_coding	chr2	70209444	70248660	-	9	0
ENSG00000116005.12	PCYOX1	protein_coding	chr2	70257386	70281185	+	16	16
ENSG00000116016.14	EPAS1	protein_coding	chr2	46293667	46386697	+	31	31
ENSG00000116030.17	SUMO1	protein_coding	chr2	202206182	202238599	-	6	6
ENSG00000116031.9	CD207	protein_coding	chr2	70830211	70835816	-	16	16
ENSG00000116035.4	VAX2	protein_coding	chr2	70900576	70965373	+	37	7
ENSG00000116039.13	ATP6V1B1	protein_coding	chr2	70935900	70965431	+	30	0
ENSG00000116044.16	NFE2L2	protein_coding	chr2	177227595	177392697	-	22	5
ENSG00000116062.17	MSH6	protein_coding	chr2	47695530	47810063	+	35	23
ENSG00000116095.11	PLEKHA3	protein_coding	chr2	178480457	178516463	+	15	15
ENSG00000116106.12	EPHA4	protein_coding	chr2	221418027	221574202	-	44	43
ENSG00000116117.18	PARD3B	protein_coding	chr2	204545475	205620162	+	118	117
ENSG00000116120.11	FARSB	protein_coding	chr2	222566899	222656092	-	23	23
ENSG00000116127.19	ALMS1	protein_coding	chr2	73385758	73625166	+	48	48
ENSG00000118004.18	COLEC11	protein_coding	chr2	3594832	3644644	+	22	22
ENSG00000118007.13	STAG1	protein_coding	chr3	136336236	136752403	-	47	45
ENSG00000118017.4	A4GNT	protein_coding	chr3	138123713	138132390	-	4	4
ENSG00000118231.5	CRYGD	protein_coding	chr2	208121607	208124524	-	3	3
ENSG00000118242.16	MREG	protein_coding	chr2	215942584	216034096	-	19	12
ENSG00000118245.2	TNP1	protein_coding	chr2	216859458	216860064	-	1	0
ENSG00000118246.14	FASTKD2	protein_coding	chr2	206765357	206796189	+	17	17
ENSG00000118257.17	NRP2	protein_coding	chr2	205681990	205798133	+	32	32
ENSG00000118260.15	CREB1	protein_coding	chr2	207529737	207605988	+	21	7
ENSG00000118263.15	KLF7	protein_coding	chr2	207074137	207167267	-	20	17
ENSG00000118322.14	ATP10B	protein_coding	chr5	160563120	160852214	-	59	44
ENSG00000118640.11	VAMP8	protein_coding	chr2	85561562	85582031	+	8	8
ENSG00000118849.10	RARRES1	protein_coding	chr3	158696892	158732489	-	16	12
ENSG00000118855.21	MFSD1	protein_coding	chr3	158732198	158829719	+	32	18
ENSG00000118960.13	HS1BP3	protein_coding	chr2	20560448	20651130	-	88	88
ENSG00000118961.15	LDAH	protein_coding	chr2	20684014	20823130	-	22	22
ENSG00000118965.16	WDR35	protein_coding	chr2	19910263	19990105	-	25	25
ENSG00000118985.16	ELL2	protein_coding	chr5	95885098	95961851	-	21	21
ENSG00000118997.14	DNAH7	protein_coding	chr2	195737703	196068837	-	77	77
ENSG00000119004.16	CYP20A1	protein_coding	chr2	203238977	203306026	+	23	23
ENSG00000119013.9	NDUFB3	protein_coding	chr2	201071433	201085750	+	1	1
ENSG00000119041.11	GTF3C3	protein_coding	chr2	196763035	196799725	-	8	8
ENSG00000119042.17	SATB2	protein_coding	chr2	199269500	199471266	-	28	24
ENSG00000119048.8	UBE2B	protein_coding	chr5	134371469	134392108	+	4	4
ENSG00000119121.22	TRPM6	protein_coding	chr9	74722495	74888094	-	34	34
ENSG00000119125.17	GDA	protein_coding	chr9	72114595	72257193	+	27	27
ENSG00000119138.4	KLF9	protein_coding	chr9	70384597	70414624	-	6	6
ENSG00000119139.21	TJP2	protein_coding	chr9	69121264	69274615	+	72	5
ENSG00000119147.10	ECRG4	protein_coding	chr2	106063246	106078155	+	8	8
ENSG00000119185.13	ITGB1BP1	protein_coding	chr2	9403475	9423528	-	16	13
ENSG00000119203.14	CPSF3	protein_coding	chr2	9423651	9473101	+	14	14
ENSG00000119227.8	PIGZ	protein_coding	chr3	196946356	196969060	-	10	10
ENSG00000119231.11	SENP5	protein_coding	chr3	196867856	196934714	+	14	14
ENSG00000119314.16	PTBP3	protein_coding	chr9	112217716	112333664	-	26	26
ENSG00000119318.13	RAD23B	protein_coding	chr9	107283137	107332192	+	16	16
ENSG00000119321.9	FKBP15	protein_coding	chr9	113161006	113221318	-	54	44
ENSG00000119326.15	CTNNAL1	protein_coding	chr9	108942569	109013522	-	18	15
ENSG00000119328.12	ABITRAM	protein_coding	chr9	108934400	108950744	+	8	5
ENSG00000119333.12	DYNC2I2	protein_coding	chr9	128633653	128656847	-	5	5
ENSG00000119335.17	SET	protein_coding	chr9	128683424	128696400	+	4	4
ENSG00000119383.21	PTPA	protein_coding	chr9	129110950	129148946	+	32	17
ENSG00000119392.15	GLE1	protein_coding	chr9	128504719	128542288	+	8	5
ENSG00000119396.11	RAB14	protein_coding	chr9	121178133	121223014	-	14	11
ENSG00000119397.18	CNTRL	protein_coding	chr9	121074753	121177610	+	29	29
ENSG00000119401.11	TRIM32	protein_coding	chr9	116687305	116701300	+	7	0
ENSG00000119402.17	FBXW2	protein_coding	chr9	120751978	120793416	-	15	15
ENSG00000119403.15	PHF19	protein_coding	chr9	120855651	120894896	-	14	14
ENSG00000119408.17	NEK6	protein_coding	chr9	124257606	124353307	+	24	23
ENSG00000119411.11	BSPRY	protein_coding	chr9	113349541	113371233	+	13	13
ENSG00000119414.12	PPP6C	protein_coding	chr9	125146573	125189939	-	16	16
ENSG00000119421.7	NDUFA8	protein_coding	chr9	122144058	122159779	-	5	5
ENSG00000119431.9	HDHD3	protein_coding	chr9	113373419	113376999	-	15	15
ENSG00000119446.14	RBM18	protein_coding	chr9	122237622	122264840	-	17	17
ENSG00000119457.8	SLC46A2	protein_coding	chr9	112878920	112890876	-	9	4
ENSG00000119471.15	HSDL2	protein_coding	chr9	112380080	112472405	+	11	2
ENSG00000119487.17	MAPKAP1	protein_coding	chr9	125437393	125707234	-	35	33
ENSG00000119508.18	NR4A3	protein_coding	chr9	99821855	99866891	+	10	0
ENSG00000119509.13	INVS	protein_coding	chr9	100099243	100302175	+	31	31
ENSG00000119514.7	GALNT12	protein_coding	chr9	98807670	98850081	+	11	8
ENSG00000119522.16	DENND1A	protein_coding	chr9	123379654	123930152	-	65	62
ENSG00000119729.12	RHOQ	protein_coding	chr2	46541806	46584688	+	10	2
ENSG00000119737.6	GPR75	protein_coding	chr2	53852912	53859967	-	2	0
ENSG00000119760.16	SUPT7L	protein_coding	chr2	27650809	27663840	-	8	6
ENSG00000119771.15	KLHL29	protein_coding	chr2	23385179	23708611	+	64	62
ENSG00000119772.17	DNMT3A	protein_coding	chr2	25227855	25342590	-	20	20
ENSG00000119777.20	TMEM214	protein_coding	chr2	27032910	27041694	+	5	5
ENSG00000119778.15	ATAD2B	protein_coding	chr2	23748664	23927123	-	28	28
ENSG00000119782.14	FKBP1B	protein_coding	chr2	24049701	24063681	+	6	0
ENSG00000119787.14	ATL2	protein_coding	chr2	38293954	38377285	-	24	24
ENSG00000119801.13	YPEL5	protein_coding	chr2	30146941	30160533	+	9	9
ENSG00000119812.19	FAM98A	protein_coding	chr2	33583660	33599382	-	9	9
ENSG00000119820.11	YIPF4	protein_coding	chr2	32277904	32316594	+	14	14
ENSG00000119844.15	AFTPH	protein_coding	chr2	64524305	64593005	+	16	16
ENSG00000119862.13	LGALSL	protein_coding	chr2	64453969	64461381	+	5	5
ENSG00000119865.9	CNRIP1	protein_coding	chr2	68284171	68320051	-	10	10
ENSG00000119866.22	BCL11A	protein_coding	chr2	60450520	60554467	-	23	23
ENSG00000119878.6	CRIPT	protein_coding	chr2	46616416	46630176	+	12	11
ENSG00000119888.11	EPCAM	protein_coding	chr2	47345158	47387601	+	10	10
ENSG00000120063.10	GNA13	protein_coding	chr17	65009289	65056740	-	5	5
ENSG00000120068.7	HOXB8	protein_coding	chr17	48611377	48615292	-	5	0
ENSG00000120071.15	KANSL1	protein_coding	chr17	46029916	46225389	-	9	9
ENSG00000120075.6	HOXB5	protein_coding	chr17	48591257	48593779	-	5	0
ENSG00000120088.15	CRHR1	protein_coding	chr17	45784280	45835828	+	3	0
ENSG00000120093.12	HOXB3	protein_coding	chr17	48548870	48604912	-	28	0
ENSG00000120094.9	HOXB1	protein_coding	chr17	48528526	48531011	-	4	4
ENSG00000120129.6	DUSP1	protein_coding	chr5	172768096	172771195	-	3	0
ENSG00000120137.7	PANK3	protein_coding	chr5	168548495	168579368	-	14	11
ENSG00000120149.9	MSX2	protein_coding	chr5	174724582	174730896	+	9	9
ENSG00000120156.22	TEK	protein_coding	chr9	27109141	27230174	+	38	38
ENSG00000120158.12	RCL1	protein_coding	chr9	4792944	4885917	+	36	35
ENSG00000120159.13	CAAP1	protein_coding	chr9	26840685	26892803	-	13	13
ENSG00000120160.11	EQTN	protein_coding	chr9	27284654	27297150	-	9	8
ENSG00000120162.10	MOB3B	protein_coding	chr9	27325209	27529814	-	54	43
ENSG00000120210.8	INSL6	protein_coding	chr9	5123880	5185647	-	15	10
ENSG00000120211.4	INSL4	protein_coding	chr9	5231419	5235304	+	4	4
ENSG00000120215.10	MLANA	protein_coding	chr9	5890889	5910606	+	8	0
ENSG00000120217.14	CD274	protein_coding	chr9	5450503	5470566	+	12	4
ENSG00000120235.4	IFNA6	protein_coding	chr9	21349835	21351378	-	3	3
ENSG00000120242.4	IFNA8	protein_coding	chr9	21409117	21410185	+	3	3
ENSG00000120306.11	CYSTM1	protein_coding	chr5	140175156	140282052	+	20	10
ENSG00000120314.18	WDR55	protein_coding	chr5	140664676	140674124	+	15	12
ENSG00000120318.16	ARAP3	protein_coding	chr5	141653401	141682230	-	18	18
ENSG00000120322.4	PCDHB8	protein_coding	chr5	141177790	141180539	+	8	0
ENSG00000120324.9	PCDHB10	protein_coding	chr5	141192353	141195647	+	5	0
ENSG00000120327.7	PCDHB14	protein_coding	chr5	141223343	141227759	+	11	0
ENSG00000120328.6	PCDHB12	protein_coding	chr5	141208697	141212571	+	8	0
ENSG00000120329.7	SLC25A2	protein_coding	chr5	141302635	141304049	-	2	0
ENSG00000120526.12	NUDCD1	protein_coding	chr8	109240919	109334121	-	37	34
ENSG00000120533.13	ENY2	protein_coding	chr8	109334324	109345954	+	10	10
ENSG00000120705.13	ETF1	protein_coding	chr5	138506095	138543236	-	7	7
ENSG00000120708.17	TGFBI	protein_coding	chr5	136028988	136063818	+	27	27
ENSG00000120709.11	FAM53C	protein_coding	chr5	138331935	138349729	+	13	2
ENSG00000120725.13	SIL1	protein_coding	chr5	138946724	139293557	-	34	24
ENSG00000120727.13	PAIP2	protein_coding	chr5	139341587	139369720	+	2	2
ENSG00000120729.10	MYOT	protein_coding	chr5	137867858	137887851	+	2	0
ENSG00000120733.14	KDM3B	protein_coding	chr5	138352685	138437028	+	21	21
ENSG00000120738.8	EGR1	protein_coding	chr5	138465479	138469303	+	1	1
ENSG00000120742.11	SERP1	protein_coding	chr3	150541998	150603228	-	34	9
ENSG00000120756.13	PLS1	protein_coding	chr3	142596393	142713664	+	27	16
ENSG00000120875.9	DUSP4	protein_coding	chr8	29333064	29350684	-	21	21
ENSG00000120885.22	CLU	protein_coding	chr8	27596917	27614700	-	16	16
ENSG00000120889.13	TNFRSF10B	protein_coding	chr8	23020133	23069031	-	21	19
ENSG00000120896.13	SORBS3	protein_coding	chr8	22544986	22575788	+	22	17
ENSG00000120899.18	PTK2B	protein_coding	chr8	27311482	27459391	+	52	52
ENSG00000120903.13	CHRNA2	protein_coding	chr8	27459756	27479883	-	23	23
ENSG00000120907.18	ADRA1A	protein_coding	chr8	26748150	26867278	-	42	42
ENSG00000120910.15	PPP3CC	protein_coding	chr8	22440819	22541142	+	22	10
ENSG00000120913.23	PDLIM2	protein_coding	chr8	22578279	22598025	+	23	13
ENSG00000120915.14	EPHX2	protein_coding	chr8	27490781	27545564	+	23	23
ENSG00000120925.16	RNF170	protein_coding	chr8	42849637	42897290	-	7	6
ENSG00000120963.12	ZNF706	protein_coding	chr8	101177878	101206193	-	7	7
ENSG00000120992.18	LYPLA1	protein_coding	chr8	54046367	54102017	-	13	13
ENSG00000121005.9	CRISPLD1	protein_coding	chr8	74984505	75034558	+	17	17
ENSG00000121022.14	COPS5	protein_coding	chr8	67043079	67083783	-	19	7
ENSG00000121039.10	RDH10	protein_coding	chr8	73294602	73325281	+	10	2
ENSG00000121053.6	EPX	protein_coding	chr17	58192726	58205174	+	9	9
ENSG00000121057.13	AKAP1	protein_coding	chr17	57085092	57121346	+	19	16
ENSG00000121058.5	COIL	protein_coding	chr17	56938199	56961050	-	8	7
ENSG00000121060.18	TRIM25	protein_coding	chr17	56836387	56914080	-	39	9
ENSG00000121064.13	SCPEP1	protein_coding	chr17	56978129	57006768	+	10	10
ENSG00000121067.19	SPOP	protein_coding	chr17	49598884	49678163	-	11	11
ENSG00000121068.14	TBX2	protein_coding	chr17	61399843	61409466	+	22	0
ENSG00000121073.15	SLC35B1	protein_coding	chr17	49700934	49709014	-	9	8
ENSG00000121075.11	TBX4	protein_coding	chr17	61452404	61485110	+	19	19
ENSG00000121101.16	TEX14	protein_coding	chr17	58556678	58692055	-	25	21
ENSG00000121104.8	FAM117A	protein_coding	chr17	49710332	49789180	-	11	6
ENSG00000121152.10	NCAPH	protein_coding	chr2	96335766	96377091	+	7	7
ENSG00000121440.15	PDZRN3	protein_coding	chr3	73382431	73624941	-	37	35
ENSG00000121542.12	SEC22A	protein_coding	chr3	123201927	123274136	+	22	16
ENSG00000121552.4	CSTA	protein_coding	chr3	122325248	122341969	+	7	7
ENSG00000121570.12	DPPA4	protein_coding	chr3	109326141	109337572	-	30	30
ENSG00000121577.14	POPDC2	protein_coding	chr3	119636457	119665324	-	21	15
ENSG00000121578.13	B4GALT4	protein_coding	chr3	119211732	119240946	-	32	13
ENSG00000121579.13	NAA50	protein_coding	chr3	113716458	113746300	-	7	7
ENSG00000121594.12	CD80	protein_coding	chr3	119524293	119559614	-	13	9
ENSG00000121797.10	CCRL2	protein_coding	chr3	46407166	46412997	+	16	16
ENSG00000121807.6	CCR2	protein_coding	chr3	46353744	46360940	+	10	10
ENSG00000121853.4	GHSR	protein_coding	chr3	172443291	172448456	-	9	9
ENSG00000121858.11	TNFSF10	protein_coding	chr3	172505508	172523475	-	11	11
ENSG00000121864.10	ZNF639	protein_coding	chr3	179323031	179338583	+	18	18
ENSG00000121871.4	SLITRK3	protein_coding	chr3	165186720	165197109	-	6	6
ENSG00000121879.6	PIK3CA	protein_coding	chr3	179148114	179240093	+	30	26
ENSG00000121964.14	GTDC1	protein_coding	chr2	143938068	144332568	-	39	30
ENSG00000121966.7	CXCR4	protein_coding	chr2	136114349	136118149	-	2	2
ENSG00000121988.18	ZRANB3	protein_coding	chr2	135136916	135531218	-	67	50
ENSG00000121989.15	ACVR2A	protein_coding	chr2	147844517	147930826	+	11	10
ENSG00000122008.15	POLK	protein_coding	chr5	75511756	75601144	+	19	17
ENSG00000122012.14	SV2C	protein_coding	chr5	76083383	76353939	+	61	51
ENSG00000122068.13	FYTTD1	protein_coding	chr3	197737179	197787596	+	11	9
ENSG00000122085.17	MTERF4	protein_coding	chr2	241072169	241102332	-	44	6
ENSG00000122133.17	PAEP	protein_coding	chr9	135561756	135566955	+	11	11
ENSG00000122136.14	OBP2A	protein_coding	chr9	135546126	135549969	+	16	16
ENSG00000122140.11	MRPS2	protein_coding	chr9	135499984	135504673	+	9	2
ENSG00000122203.15	KIAA1191	protein_coding	chr5	176346062	176361807	-	5	5
ENSG00000122692.9	SMU1	protein_coding	chr9	33041765	33076674	-	20	20
ENSG00000122694.16	GLIPR2	protein_coding	chr9	36136536	36163913	+	12	12
ENSG00000122696.14	SLC25A51	protein_coding	chr9	37879400	37904353	-	9	0
ENSG00000122705.17	CLTA	protein_coding	chr9	36190856	36304781	+	32	9
ENSG00000122707.12	RECK	protein_coding	chr9	36036913	36124455	+	22	22
ENSG00000122711.9	SPINK4	protein_coding	chr9	33218365	33248567	+	8	8
ENSG00000122728.6	TAF1L	protein_coding	chr9	32629454	32635669	-	4	4
ENSG00000122729.19	ACO1	protein_coding	chr9	32384603	32454769	+	24	24
ENSG00000122733.12	PHF24	protein_coding	chr9	34957608	34982544	+	14	14
ENSG00000122735.16	DNAI1	protein_coding	chr9	34457414	34520988	+	12	11
ENSG00000122741.16	DCAF10	protein_coding	chr9	37800554	37867666	+	26	0
ENSG00000122756.15	CNTFR	protein_coding	chr9	34551432	34590140	-	7	5
ENSG00000123119.12	NECAB1	protein_coding	chr8	90791741	90959393	+	24	20
ENSG00000123124.14	WWP1	protein_coding	chr8	86342547	86478420	+	34	26
ENSG00000123213.23	NLN	protein_coding	chr5	65722205	65871725	+	43	41
ENSG00000123219.13	CENPK	protein_coding	chr5	65517766	65563168	-	23	23
ENSG00000123453.18	SARDH	protein_coding	chr9	133663560	133739955	-	37	37
ENSG00000123454.12	DBH	protein_coding	chr9	133636363	133659329	+	19	17
ENSG00000123485.12	HJURP	protein_coding	chr2	233833416	233854566	-	20	20
ENSG00000123600.20	METTL8	protein_coding	chr2	171317405	171434802	-	20	20
ENSG00000123607.16	TTC21B	protein_coding	chr2	165857475	165953851	-	94	80
ENSG00000123609.11	NMI	protein_coding	chr2	151270470	151289894	-	14	14
ENSG00000123610.5	TNFAIP6	protein_coding	chr2	151357592	151380046	+	5	5
ENSG00000123612.16	ACVR1C	protein_coding	chr2	157526767	157628864	-	15	15
ENSG00000123636.18	BAZ2B	protein_coding	chr2	159318979	159616569	-	106	88
ENSG00000123643.13	SLC36A1	protein_coding	chr5	151437046	151492379	+	47	47
ENSG00000123700.5	KCNJ2	protein_coding	chr17	70168673	70180044	+	14	13
ENSG00000123908.12	AGO2	protein_coding	chr8	140520156	140635633	-	58	57
ENSG00000123975.5	CKS2	protein_coding	chr9	89311195	89316703	+	1	1
ENSG00000123977.10	DAW1	protein_coding	chr2	227871054	227924344	+	30	30
ENSG00000123983.15	ACSL3	protein_coding	chr2	222860942	222944639	+	48	41
ENSG00000123989.14	CHPF	protein_coding	chr2	219538948	219543809	-	9	9
ENSG00000123992.20	DNPEP	protein_coding	chr2	219372043	219400022	-	19	16
ENSG00000123999.5	INHA	protein_coding	chr2	219569162	219575711	+	7	3
ENSG00000124003.13	MOGAT1	protein_coding	chr2	222671658	222709930	+	10	10
ENSG00000124006.15	OBSL1	protein_coding	chr2	219550728	219571859	-	37	33
ENSG00000124019.10	FAM124B	protein_coding	chr2	224378698	224402107	-	12	12
ENSG00000124275.15	MTRR	protein_coding	chr5	7851186	7906025	+	53	37
ENSG00000124279.12	FASTKD3	protein_coding	chr5	7859159	7869037	-	16	0
ENSG00000124356.16	STAMBP	protein_coding	chr2	73828916	73873659	+	24	22
ENSG00000124357.13	NAGK	protein_coding	chr2	71064344	71079808	+	31	31
ENSG00000124370.11	MCEE	protein_coding	chr2	71109684	71130239	-	9	9
ENSG00000124374.9	PAIP2B	protein_coding	chr2	71182738	71227103	-	17	17
ENSG00000124380.11	SNRNP27	protein_coding	chr2	69893956	69905575	+	9	3
ENSG00000124383.9	MPHOSPH10	protein_coding	chr2	71130632	71150101	+	18	18
ENSG00000124422.12	USP22	protein_coding	chr17	20999596	21043760	-	33	24
ENSG00000124831.19	LRRFIP1	protein_coding	chr2	237627587	237813682	+	72	66
ENSG00000124835.2	AC105760.1	lncRNA	chr2	237048599	237056167	-	1	0
ENSG00000124839.13	RAB17	protein_coding	chr2	237574322	237601614	-	36	32
ENSG00000125037.12	EMC3	protein_coding	chr3	9962537	10011116	-	16	14
ENSG00000125046.15	SSUH2	protein_coding	chr3	8619400	8745040	-	63	53
ENSG00000125319.15	HROB	protein_coding	chr17	44141906	44162476	+	5	5
ENSG00000125347.15	IRF1	protein_coding	chr5	132440440	132508719	-	63	0
ENSG00000125398.8	SOX9	protein_coding	chr17	72121020	72126416	+	7	0
ENSG00000125409.13	TEKT3	protein_coding	chr17	15303811	15341632	-	18	13
ENSG00000125414.19	MYH2	protein_coding	chr17	10521148	10549700	-	18	0
ENSG00000125430.9	HS3ST3B1	protein_coding	chr17	14301081	14349404	+	16	16
ENSG00000125434.11	SLC25A35	protein_coding	chr17	8287763	8295400	-	8	7
ENSG00000125445.11	MRPS7	protein_coding	chr17	75261674	75266376	+	14	6
ENSG00000125447.18	GGA3	protein_coding	chr17	75236599	75262363	-	28	20
ENSG00000125449.7	ARMC7	protein_coding	chr17	75109952	75130272	+	5	5
ENSG00000125450.11	NUP85	protein_coding	chr17	75205659	75235758	+	25	25
ENSG00000125454.12	SLC25A19	protein_coding	chr17	75272981	75289510	-	16	12
ENSG00000125457.15	MIF4GD	protein_coding	chr17	75266228	75271231	-	10	10
ENSG00000125458.7	NT5C	protein_coding	chr17	75130225	75131757	-	3	1
ENSG00000125482.13	TTF1	protein_coding	chr9	132375548	132406851	-	12	12
ENSG00000125484.12	GTF3C4	protein_coding	chr9	132670035	132694953	+	24	24
ENSG00000125485.17	DDX31	protein_coding	chr9	132592997	132670401	-	15	15
ENSG00000125492.10	BARHL1	protein_coding	chr9	132582606	132590252	+	4	4
ENSG00000125538.12	IL1B	protein_coding	chr2	112829751	112836816	-	5	5
ENSG00000125551.19	PLGLB2	protein_coding	chr2	87748087	87759476	+	3	0
ENSG00000125571.9	IL37	protein_coding	chr2	112912971	112918882	+	10	10
ENSG00000125611.15	CHCHD5	protein_coding	chr2	112584240	112589275	+	8	8
ENSG00000125618.18	PAX8	protein_coding	chr2	113215997	113278921	-	26	1
ENSG00000125629.15	INSIG2	protein_coding	chr2	118088452	118110997	+	3	3
ENSG00000125630.16	POLR1B	protein_coding	chr2	112541915	112579818	+	29	29
ENSG00000125631.7	HTR5BP	transcribed_unprocessed_pseudogene	chr2	117859427	117934942	+	16	5
ENSG00000125633.11	CCDC93	protein_coding	chr2	117915478	118014133	-	33	17
ENSG00000125637.16	PSD4	protein_coding	chr2	113157325	113209396	+	28	28
ENSG00000125686.12	MED1	protein_coding	chr17	39404285	39451272	-	8	7
ENSG00000125691.14	RPL23	protein_coding	chr17	38847860	38853764	-	9	9
ENSG00000125695.12	AC046185.1	protein_coding	chr17	63702845	63752097	-	21	0
ENSG00000126337.13	KRT36	protein_coding	chr17	41486136	41492546	-	8	8
ENSG00000126351.13	THRA	protein_coding	chr17	40058290	40093867	+	12	12
ENSG00000126353.3	CCR7	protein_coding	chr17	40553769	40565472	-	3	3
ENSG00000126368.6	NR1D1	protein_coding	chr17	40092793	40100589	-	5	5
ENSG00000126561.18	STAT5A	protein_coding	chr17	42287547	42311943	+	12	12
ENSG00000126562.17	WNK4	protein_coding	chr17	42780610	42797066	+	8	7
ENSG00000126581.13	BECN1	protein_coding	chr17	42810134	42833350	-	8	4
ENSG00000126653.18	NSRP1	protein_coding	chr17	30115521	30186475	+	15	13
ENSG00000126858.19	RHOT1	protein_coding	chr17	32142454	32253374	+	14	14
ENSG00000126860.12	EVI2A	protein_coding	chr17	31316410	31321749	-	7	0
ENSG00000126861.5	OMG	protein_coding	chr17	31272013	31297539	-	5	0
ENSG00000126878.13	AIF1L	protein_coding	chr9	131096476	131123152	+	17	17
ENSG00000126882.13	FAM78A	protein_coding	chr9	131258076	131276510	-	13	13
ENSG00000126883.17	NUP214	protein_coding	chr9	131125586	131234663	+	21	11
ENSG00000127022.16	CANX	protein_coding	chr5	179678628	179731641	+	33	30
ENSG00000127080.10	IPPK	protein_coding	chr9	92613183	92670131	-	27	14
ENSG00000127081.14	ZNF484	protein_coding	chr9	92844182	92878038	-	7	0
ENSG00000127083.8	OMD	protein_coding	chr9	92412380	92424471	-	1	0
ENSG00000127084.19	FGD3	protein_coding	chr9	92947523	93036236	+	21	21
ENSG00000127184.13	COX7C	protein_coding	chr5	86617928	86620962	+	3	3
ENSG00000127191.18	TRAF2	protein_coding	chr9	136881912	136926607	+	14	14
ENSG00000127241.18	MASP1	protein_coding	chr3	187217282	187291980	-	50	44
ENSG00000127249.15	ATP13A4	protein_coding	chr3	193398967	193593111	-	48	44
ENSG00000127252.7	PLAAT1	protein_coding	chr3	193241128	193277738	+	5	4
ENSG00000127743.6	IL17B	protein_coding	chr5	149371324	149404202	-	7	7
ENSG00000127780.3	OR1E2	protein_coding	chr17	3432870	3433841	-	1	1
ENSG00000127804.13	METTL16	protein_coding	chr17	2405562	2511891	-	30	30
ENSG00000127824.14	TUBA4A	protein_coding	chr2	219249710	219278170	-	16	5
ENSG00000127831.11	VIL1	protein_coding	chr2	218419121	218453295	+	12	9
ENSG00000127837.10	AAMP	protein_coding	chr2	218264129	218270178	-	1	1
ENSG00000127838.14	PNKD	protein_coding	chr2	218270392	218346793	+	42	8
ENSG00000128422.17	KRT17	protein_coding	chr17	41619442	41624842	-	3	3
ENSG00000128438.10	TBC1D27P	transcribed_unprocessed_pseudogene	chr17	16922915	16934839	-	8	1
ENSG00000128482.16	RNF112	protein_coding	chr17	19411125	19417276	+	9	9
ENSG00000128487.18	SPECC1	protein_coding	chr17	20008865	20319026	+	71	31
ENSG00000128641.19	MYO1B	protein_coding	chr2	191245185	191425389	+	50	47
ENSG00000128645.15	HOXD1	protein_coding	chr2	176188668	176190907	+	2	1
ENSG00000128652.11	HOXD3	protein_coding	chr2	176136612	176173102	+	16	5
ENSG00000128654.14	MTX2	protein_coding	chr2	176269395	176338025	+	7	7
ENSG00000128655.18	PDE11A	protein_coding	chr2	177623244	178072777	-	87	12
ENSG00000128656.15	CHN1	protein_coding	chr2	174798809	175005381	-	30	30
ENSG00000128683.14	GAD1	protein_coding	chr2	170813213	170861151	+	24	16
ENSG00000128694.12	OSGEPL1	protein_coding	chr2	189746660	189763227	-	3	0
ENSG00000128699.14	ORMDL1	protein_coding	chr2	189770267	189784364	-	8	8
ENSG00000128708.13	HAT1	protein_coding	chr2	171922448	171983686	+	12	0
ENSG00000128709.13	HOXD9	protein_coding	chr2	176122719	176124937	+	3	0
ENSG00000128710.6	HOXD10	protein_coding	chr2	176108790	176119937	+	7	5
ENSG00000128713.14	HOXD11	protein_coding	chr2	176104216	176109754	+	4	2
ENSG00000128714.6	HOXD13	protein_coding	chr2	176092721	176095944	+	2	2
ENSG00000129048.7	ACKR4	protein_coding	chr3	132597270	132618967	+	5	0
ENSG00000129055.13	ANAPC13	protein_coding	chr3	134477706	134486716	-	4	0
ENSG00000129071.10	MBD4	protein_coding	chr3	129430947	129440179	-	11	11
ENSG00000129194.8	SOX15	protein_coding	chr17	7588178	7590094	-	3	0
ENSG00000129195.16	PIMREG	protein_coding	chr17	6444441	6451469	+	13	12
ENSG00000129197.15	RPAIN	protein_coding	chr17	5419641	5432877	+	30	14
ENSG00000129204.17	USP6	protein_coding	chr17	5116032	5175034	+	49	40
ENSG00000129214.15	SHBG	protein_coding	chr17	7613946	7633382	+	9	6
ENSG00000129219.14	PLD2	protein_coding	chr17	4807152	4823434	+	22	22
ENSG00000129221.16	AIPL1	protein_coding	chr17	6393693	6435199	-	27	27
ENSG00000129226.14	CD68	protein_coding	chr17	7579491	7582111	+	4	0
ENSG00000129235.11	TXNDC17	protein_coding	chr17	6640985	6644541	+	8	6
ENSG00000129244.9	ATP1B2	protein_coding	chr17	7646627	7657770	+	12	12
ENSG00000129245.12	FXR2	protein_coding	chr17	7591230	7614897	-	6	6
ENSG00000129250.12	KIF1C	protein_coding	chr17	4997950	5028401	+	24	24
ENSG00000129255.16	MPDU1	protein_coding	chr17	7583529	7592789	+	8	4
ENSG00000129292.21	PHF20L1	protein_coding	chr8	132775358	132848807	+	35	33
ENSG00000129295.9	LRRC6	protein_coding	chr8	132570416	132675592	-	19	19
ENSG00000129422.14	MTUS1	protein_coding	chr8	17643795	17800917	-	71	70
ENSG00000129595.14	EPB41L4A	protein_coding	chr5	112142441	112419313	-	59	47
ENSG00000129596.5	CDO1	protein_coding	chr5	115804733	115816659	-	4	4
ENSG00000129625.13	REEP5	protein_coding	chr5	112876385	112922289	-	49	9
ENSG00000129646.15	QRICH2	protein_coding	chr17	76274049	76307998	-	35	35
ENSG00000129654.8	FOXJ1	protein_coding	chr17	76136333	76141245	-	3	2
ENSG00000129657.16	SEC14L1	protein_coding	chr17	77088749	77217101	+	50	40
ENSG00000129667.13	RHBDF2	protein_coding	chr17	76470891	76501790	-	19	19
ENSG00000129673.10	AANAT	protein_coding	chr17	76453351	76470117	+	6	6
ENSG00000129691.16	ASH2L	protein_coding	chr8	38105493	38144076	+	10	9
ENSG00000129696.13	TTI2	protein_coding	chr8	33473386	33513185	-	17	7
ENSG00000129810.15	SGO1	protein_coding	chr3	20160593	20186206	-	14	10
ENSG00000130045.16	NXNL2	protein_coding	chr9	88534033	88584274	+	19	19
ENSG00000130147.16	SH3BP4	protein_coding	chr2	234952017	235055714	+	28	28
ENSG00000130193.8	THEM6	protein_coding	chr8	142727223	142736927	+	8	7
ENSG00000130222.11	GADD45G	protein_coding	chr9	89605012	89606555	+	3	3
ENSG00000130227.17	XPO7	protein_coding	chr8	21919662	22006585	+	22	22
ENSG00000130294.18	KIF1A	protein_coding	chr2	240713761	240824293	-	66	66
ENSG00000130414.13	NDUFA10	protein_coding	chr2	239892450	240025743	-	76	76
ENSG00000130449.6	ZSWIM6	protein_coding	chr5	61332258	61546172	+	23	23
ENSG00000130508.11	PXDN	protein_coding	chr2	1631887	1744852	-	55	55
ENSG00000130558.20	OLFM1	protein_coding	chr9	135075422	135121180	+	26	26
ENSG00000130559.19	CAMSAP1	protein_coding	chr9	135808487	135907546	-	18	18
ENSG00000130560.9	UBAC1	protein_coding	chr9	135932969	135961373	-	9	9
ENSG00000130561.17	SAG	protein_coding	chr2	233307816	233347055	+	48	48
ENSG00000130635.16	COL5A1	protein_coding	chr9	134641803	134844843	+	100	100
ENSG00000130653.16	PNPLA7	protein_coding	chr9	137459952	137550402	-	29	29
ENSG00000130707.18	ASS1	protein_coding	chr9	130444961	130501274	+	18	18
ENSG00000130711.5	PRDM12	protein_coding	chr9	130664594	130682986	+	11	11
ENSG00000130713.16	EXOSC2	protein_coding	chr9	130693721	130704894	+	1	1
ENSG00000130714.18	POMT1	protein_coding	chr9	131502789	131523806	+	49	39
ENSG00000130717.13	UCK1	protein_coding	chr9	131523801	131531264	-	5	5
ENSG00000130720.13	FIBCD1	protein_coding	chr9	130902438	130939286	-	14	13
ENSG00000130935.10	NOL11	protein_coding	chr17	67717931	67744531	+	26	26
ENSG00000130948.10	HSD17B3	protein_coding	chr9	96235306	96302176	-	24	0
ENSG00000130950.14	NUTM2F	protein_coding	chr9	94318196	94328644	-	3	3
ENSG00000130956.14	HABP4	protein_coding	chr9	96450169	96491336	+	18	17
ENSG00000130957.5	FBP2	protein_coding	chr9	94558720	94593824	-	13	0
ENSG00000130958.13	SLC35D2	protein_coding	chr9	96313444	96383711	-	13	2
ENSG00000131094.4	C1QL1	protein_coding	chr17	44959693	44968303	-	1	0
ENSG00000131095.13	GFAP	protein_coding	chr17	44903159	44916937	-	43	37
ENSG00000131096.10	PYY	protein_coding	chr17	43952738	44004469	-	9	9
ENSG00000131097.7	HIGD1B	protein_coding	chr17	44846353	44850476	+	4	2
ENSG00000131183.11	SLC34A1	protein_coding	chr5	177379235	177398848	+	5	5
ENSG00000131187.10	F12	protein_coding	chr5	177402141	177409564	-	4	0
ENSG00000131203.13	IDO1	protein_coding	chr8	39902275	39928790	+	8	0
ENSG00000131242.18	RAB11FIP4	protein_coding	chr17	31391675	31538211	+	74	70
ENSG00000131368.8	MRPS25	protein_coding	chr3	15042460	15065317	-	12	2
ENSG00000131370.16	SH3BP5	protein_coding	chr3	15254353	15341368	-	23	15
ENSG00000131373.15	HACL1	protein_coding	chr3	15560699	15601852	-	7	6
ENSG00000131374.14	TBC1D5	protein_coding	chr3	17157162	18444817	-	158	113
ENSG00000131375.10	CAPN7	protein_coding	chr3	15206152	15252916	+	19	19
ENSG00000131378.14	RFTN1	protein_coding	chr3	16313574	16514026	-	45	26
ENSG00000131379.10	C3orf20	protein_coding	chr3	14675141	14773036	+	20	19
ENSG00000131381.12	RBSN	protein_coding	chr3	15070073	15099163	-	24	24
ENSG00000131386.19	GALNT15	protein_coding	chr3	16174680	16231992	+	27	27
ENSG00000131389.17	SLC6A6	protein_coding	chr3	14402576	14489349	+	34	33
ENSG00000131435.13	PDLIM4	protein_coding	chr5	132257696	132273454	+	18	0
ENSG00000131437.16	KIF3A	protein_coding	chr5	132692628	132737638	-	18	2
ENSG00000131446.17	MGAT1	protein_coding	chr5	180784780	180815652	-	46	37
ENSG00000131459.13	GFPT2	protein_coding	chr5	180300698	180353336	-	32	32
ENSG00000131462.9	TUBG1	protein_coding	chr17	42609641	42615238	+	4	4
ENSG00000131467.11	PSME3	protein_coding	chr17	42824385	42843760	+	4	1
ENSG00000131469.15	RPL27	protein_coding	chr17	42998273	43002959	+	6	6
ENSG00000131470.15	PSMC3IP	protein_coding	chr17	42572310	42577831	-	3	3
ENSG00000131471.7	AOC3	protein_coding	chr17	42851184	42858130	+	9	9
ENSG00000131473.17	ACLY	protein_coding	chr17	41866917	41930542	-	23	23
ENSG00000131475.7	VPS25	protein_coding	chr17	42773449	42779599	+	5	5
ENSG00000131477.11	RAMP2	protein_coding	chr17	42758447	42763041	+	3	1
ENSG00000131482.10	G6PC	protein_coding	chr17	42900797	42914438	+	10	10
ENSG00000131495.9	NDUFA2	protein_coding	chr5	140638740	140647771	-	10	1
ENSG00000131503.21	ANKHD1	protein_coding	chr5	140401814	140539856	+	12	0
ENSG00000131504.17	DIAPH1	protein_coding	chr5	141515016	141619055	-	14	13
ENSG00000131507.11	NDFIP1	protein_coding	chr5	142108779	142154440	+	17	17
ENSG00000131508.16	UBE2D2	protein_coding	chr5	139526431	139628434	+	8	8
ENSG00000131668.14	BARX1	protein_coding	chr9	93951627	93955355	-	8	8
ENSG00000131669.10	NINJ1	protein_coding	chr9	93121496	93134251	-	13	13
ENSG00000131711.15	MAP1B	protein_coding	chr5	72107234	72209565	+	26	24
ENSG00000131730.16	CKMT2	protein_coding	chr5	81233320	81266398	+	7	0
ENSG00000131732.12	ZCCHC9	protein_coding	chr5	81301587	81313297	+	12	12
ENSG00000131738.11	KRT33B	protein_coding	chr17	41363498	41369813	-	3	3
ENSG00000131746.13	TNS4	protein_coding	chr17	40475828	40501623	-	19	19
ENSG00000131747.15	TOP2A	protein_coding	chr17	40388525	40417896	-	5	5
ENSG00000131748.16	STARD3	protein_coding	chr17	39637090	39664201	+	10	10
ENSG00000131759.18	RARA	protein_coding	chr17	40309180	40357643	+	5	5
ENSG00000131771.14	PPP1R1B	protein_coding	chr17	39626740	39636626	+	8	8
ENSG00000131773.14	KHDRBS3	protein_coding	chr8	135457456	135656722	+	30	29
ENSG00000131844.16	MCCC2	protein_coding	chr5	71587288	71658706	+	19	19
ENSG00000131899.11	LLGL1	protein_coding	chr17	18225635	18244875	+	13	13
ENSG00000131931.8	THAP1	protein_coding	chr8	42836674	42843325	-	2	2
ENSG00000132031.13	MATN3	protein_coding	chr2	19992052	20012668	-	7	2
ENSG00000132141.14	CCT6B	protein_coding	chr17	34927859	34981078	-	11	6
ENSG00000132153.15	DHX30	protein_coding	chr3	47802909	47850195	+	8	8
ENSG00000132155.13	RAF1	protein_coding	chr3	12583601	12664125	-	19	16
ENSG00000132164.10	SLC6A11	protein_coding	chr3	10816201	10940714	+	36	22
ENSG00000132170.23	PPARG	protein_coding	chr3	12287368	12434356	+	23	23
ENSG00000132182.12	NUP210	protein_coding	chr3	13316235	13420322	-	36	36
ENSG00000132294.15	EFR3A	protein_coding	chr8	131904093	132013642	+	29	29
ENSG00000132297.12	HHLA1	protein_coding	chr8	132061486	132111159	-	30	16
ENSG00000132300.19	PTCD3	protein_coding	chr2	86106223	86142157	+	33	33
ENSG00000132305.21	IMMT	protein_coding	chr2	86143932	86195472	-	20	20
ENSG00000132313.15	MRPL35	protein_coding	chr2	86199355	86213790	+	8	8
ENSG00000132321.17	IQCA1	protein_coding	chr2	236324147	236507535	-	35	34
ENSG00000132323.9	ILKAP	protein_coding	chr2	238170402	238203708	-	17	17
ENSG00000132326.12	PER2	protein_coding	chr2	238244044	238290102	-	27	15
ENSG00000132329.11	RAMP1	protein_coding	chr2	237858893	237912106	+	8	8
ENSG00000132330.18	SCLY	protein_coding	chr2	238060924	238099413	+	49	0
ENSG00000132356.11	PRKAA1	protein_coding	chr5	40759379	40798374	-	7	7
ENSG00000132357.14	CARD6	protein_coding	chr5	40841308	40860175	+	4	4
ENSG00000132359.15	RAP1GAP2	protein_coding	chr17	2755705	3037741	+	67	64
ENSG00000132361.18	CLUH	protein_coding	chr17	2689386	2712663	-	18	18
ENSG00000132376.20	INPP5K	protein_coding	chr17	1494577	1516742	-	13	13
ENSG00000132382.15	MYBBP1A	protein_coding	chr17	4538897	4555386	-	24	24
ENSG00000132383.12	RPA1	protein_coding	chr17	1829702	1900082	+	37	33
ENSG00000132386.11	SERPINF1	protein_coding	chr17	1762029	1777565	+	25	25
ENSG00000132388.12	UBE2G1	protein_coding	chr17	4269259	4366628	-	11	10
ENSG00000132394.11	EEFSEC	protein_coding	chr3	128153481	128408646	+	23	19
ENSG00000132470.14	ITGB4	protein_coding	chr17	75721328	75757818	+	25	18
ENSG00000132471.12	WBP2	protein_coding	chr17	75845699	75856507	-	8	8
ENSG00000132475.10	H3-3B	protein_coding	chr17	75776434	75785893	-	14	14
ENSG00000132478.10	UNK	protein_coding	chr17	75784806	75825799	+	8	7
ENSG00000132481.7	TRIM47	protein_coding	chr17	75874164	75878581	-	10	4
ENSG00000132507.18	EIF5A	protein_coding	chr17	7306999	7312463	+	10	7
ENSG00000132510.11	KDM6B	protein_coding	chr17	7834217	7854796	+	18	18
ENSG00000132514.14	CLEC10A	protein_coding	chr17	7074537	7080307	-	8	8
ENSG00000132517.15	SLC52A1	protein_coding	chr17	5032600	5052009	-	12	12
ENSG00000132518.7	GUCY2D	protein_coding	chr17	8002615	8020342	+	11	9
ENSG00000132522.16	GPS2	protein_coding	chr17	7311324	7315564	-	7	0
ENSG00000132530.17	XAF1	protein_coding	chr17	6755447	6775647	+	20	15
ENSG00000132535.21	DLG4	protein_coding	chr17	7187187	7219841	-	23	19
ENSG00000132541.11	RIDA	protein_coding	chr8	98102344	98117171	-	14	14
ENSG00000132549.19	VPS13B	protein_coding	chr8	99013266	99877580	+	86	83
ENSG00000132554.20	RGS22	protein_coding	chr8	99960936	100131268	-	36	36
ENSG00000132561.14	MATN2	protein_coding	chr8	97868840	98036724	+	46	34
ENSG00000132563.16	REEP2	protein_coding	chr5	138439057	138446969	+	9	9
ENSG00000132570.15	PCBD2	protein_coding	chr5	134905120	135007959	+	15	8
ENSG00000132581.10	SDF2	protein_coding	chr17	28648346	28662189	-	2	2
ENSG00000132589.16	FLOT2	protein_coding	chr17	28879335	28897733	-	5	4
ENSG00000132591.12	ERAL1	protein_coding	chr17	28855010	28861061	+	4	4
ENSG00000132837.15	DMGDH	protein_coding	chr5	78997564	79236038	-	53	37
ENSG00000132840.10	BHMT2	protein_coding	chr5	79069767	79090069	+	9	0
ENSG00000132842.14	AP3B1	protein_coding	chr5	78002326	78294698	-	35	34
ENSG00000132846.6	ZBED3	protein_coding	chr5	77072072	77087285	-	28	0
ENSG00000132911.5	NMUR2	protein_coding	chr5	152391546	152433368	-	15	0
ENSG00000132912.13	DCTN4	protein_coding	chr5	150708440	150759095	-	23	23
ENSG00000132915.11	PDE6A	protein_coding	chr5	149857953	149944793	-	27	27
ENSG00000133020.4	MYH8	protein_coding	chr17	10390322	10421950	-	15	0
ENSG00000133026.13	MYH10	protein_coding	chr17	8474207	8630761	-	28	21
ENSG00000133027.18	PEMT	protein_coding	chr17	17505563	17591708	-	22	16
ENSG00000133028.12	SCO1	protein_coding	chr17	10672474	10698375	-	58	51
ENSG00000133030.22	MPRIP	protein_coding	chr17	17042457	17217679	+	96	62
ENSG00000133193.12	FAM104A	protein_coding	chr17	73207353	73236753	-	19	8
ENSG00000133195.11	SLC39A11	protein_coding	chr17	72645949	73092712	-	63	63
ENSG00000133302.13	SLF1	protein_coding	chr5	94618669	94739436	+	38	22
ENSG00000133398.4	MED10	protein_coding	chr5	6371874	6378571	-	5	5
ENSG00000133401.16	PDZD2	protein_coding	chr5	31639131	32110932	+	75	68
ENSG00000133657.16	ATP13A3	protein_coding	chr3	194402672	194498364	-	39	36
ENSG00000133706.19	LARS1	protein_coding	chr5	146110566	146182696	-	74	66
ENSG00000133710.16	SPINK5	protein_coding	chr5	148025683	148137382	+	68	16
ENSG00000133731.10	IMPA1	protein_coding	chr8	81656914	81686331	-	19	19
ENSG00000133739.16	LRRCC1	protein_coding	chr8	85107215	85146080	+	8	8
ENSG00000133740.11	E2F5	protein_coding	chr8	85177154	85217158	+	11	6
ENSG00000133742.14	CA1	protein_coding	chr8	85327608	85379014	-	8	8
ENSG00000133835.17	HSD17B4	protein_coding	chr5	119452473	119637199	+	69	64
ENSG00000133863.9	TEX15	protein_coding	chr8	30831544	30913008	-	22	22
ENSG00000133872.14	SARAF	protein_coding	chr8	30063003	30083208	-	7	6
ENSG00000133874.2	RNF122	protein_coding	chr8	33547754	33567128	-	9	9
ENSG00000133878.9	DUSP26	protein_coding	chr8	33591330	33600023	-	3	3
ENSG00000134013.16	LOXL2	protein_coding	chr8	23296897	23425328	-	52	41
ENSG00000134014.17	ELP3	protein_coding	chr8	28089673	28191156	+	25	25
ENSG00000134020.8	PEBP4	protein_coding	chr8	22713251	23000000	-	46	20
ENSG00000134028.14	ADAMDEC1	protein_coding	chr8	24384285	24406013	+	9	0
ENSG00000134056.12	MRPS36	protein_coding	chr5	69217760	69230158	+	5	5
ENSG00000134057.15	CCNB1	protein_coding	chr5	69167135	69178245	+	4	4
ENSG00000134058.12	CDK7	protein_coding	chr5	69234795	69277430	+	13	13
ENSG00000134061.5	CD180	protein_coding	chr5	67179613	67196799	-	21	21
ENSG00000134070.5	IRAK2	protein_coding	chr3	10164919	10243745	+	22	22
ENSG00000134072.11	CAMK1	protein_coding	chr3	9757347	9769992	-	11	0
ENSG00000134077.16	THUMPD3	protein_coding	chr3	9362971	9386791	+	19	0
ENSG00000134086.8	VHL	protein_coding	chr3	10141778	10153667	+	14	6
ENSG00000134107.5	BHLHE40	protein_coding	chr3	4979437	4985323	+	11	10
ENSG00000134108.14	ARL8B	protein_coding	chr3	5122249	5180911	+	9	6
ENSG00000134109.11	EDEM1	protein_coding	chr3	5187646	5219958	+	22	22
ENSG00000134115.13	CNTN6	protein_coding	chr3	1092658	1404217	+	48	48
ENSG00000134121.10	CHL1	protein_coding	chr3	196763	409417	+	52	45
ENSG00000134308.14	YWHAQ	protein_coding	chr2	9583967	9630997	-	6	6
ENSG00000134313.16	KIDINS220	protein_coding	chr2	8721081	8837630	-	29	29
ENSG00000134317.18	GRHL1	protein_coding	chr2	9951693	10002277	+	41	38
ENSG00000134318.14	ROCK2	protein_coding	chr2	11179759	11348330	-	23	23
ENSG00000134321.13	RSAD2	protein_coding	chr2	6865557	6898239	+	23	21
ENSG00000134323.12	MYCN	protein_coding	chr2	15940550	15947007	+	1	1
ENSG00000134324.12	LPIN1	protein_coding	chr2	11677595	11827409	+	45	44
ENSG00000134326.12	CMPK2	protein_coding	chr2	6840570	6866635	-	10	8
ENSG00000134330.19	IAH1	protein_coding	chr2	9473658	9496543	+	25	15
ENSG00000134352.20	IL6ST	protein_coding	chr5	55935095	55995022	-	19	10
ENSG00000134363.12	FST	protein_coding	chr5	53480626	53487134	+	2	2
ENSG00000134480.16	CCNH	protein_coding	chr5	87318416	87412930	-	41	6
ENSG00000134516.18	DOCK2	protein_coding	chr5	169637268	170083382	+	116	90
ENSG00000134970.14	TMED7	protein_coding	chr5	115613210	115632992	-	6	0
ENSG00000134982.17	APC	protein_coding	chr5	112707498	112846239	+	30	16
ENSG00000134986.14	NREP	protein_coding	chr5	111662621	111997464	-	55	16
ENSG00000134987.12	WDR36	protein_coding	chr5	111091716	111130502	+	23	21
ENSG00000134996.12	OSTF1	protein_coding	chr9	75088514	75147265	+	14	14
ENSG00000135002.12	RFK	protein_coding	chr9	76385526	76394517	-	13	13
ENSG00000135018.14	UBQLN1	protein_coding	chr9	83659968	83707958	-	25	24
ENSG00000135040.16	NAA35	protein_coding	chr9	85941146	86025462	+	12	12
ENSG00000135045.7	C9orf40	protein_coding	chr9	74946583	74952912	-	1	1
ENSG00000135046.14	ANXA1	protein_coding	chr9	73151865	73170393	+	11	11
ENSG00000135047.16	CTSL	protein_coding	chr9	87724051	87731469	+	7	7
ENSG00000135048.14	CEMIP2	protein_coding	chr9	71683366	71816690	-	55	55
ENSG00000135049.16	AGTPBP1	protein_coding	chr9	85546539	85742029	-	21	21
ENSG00000135052.16	GOLM1	protein_coding	chr9	86026146	86100173	-	25	25
ENSG00000135063.19	FAM189A2	protein_coding	chr9	69324567	69392558	+	32	32
ENSG00000135069.14	PSAT1	protein_coding	chr9	78297125	78330093	+	10	10
ENSG00000135070.15	ISCA1	protein_coding	chr9	86264546	86283102	-	11	11
ENSG00000135074.16	ADAM19	protein_coding	chr5	157395534	157575775	-	49	32
ENSG00000135077.9	HAVCR2	protein_coding	chr5	157085832	157142869	-	17	8
ENSG00000135083.16	CCNJL	protein_coding	chr5	160249083	160345396	-	26	26
ENSG00000135617.4	PRADC1	protein_coding	chr2	73228010	73233239	-	3	3
ENSG00000135622.13	SEMA4F	protein_coding	chr2	74654228	74683853	+	15	15
ENSG00000135624.16	CCT7	protein_coding	chr2	73233420	73253021	+	10	10
ENSG00000135625.8	EGR4	protein_coding	chr2	73290929	73293701	-	2	2
ENSG00000135631.17	RAB11FIP5	protein_coding	chr2	73073382	73156721	-	18	12
ENSG00000135632.12	SMYD5	protein_coding	chr2	73214222	73227221	+	6	6
ENSG00000135636.14	DYSF	protein_coding	chr2	71453722	71686768	+	72	72
ENSG00000135637.14	CCDC142	protein_coding	chr2	74471986	74483408	-	3	0
ENSG00000135638.14	EMX1	protein_coding	chr2	72916260	72936071	+	3	3
ENSG00000135898.10	GPR55	protein_coding	chr2	230907318	230961066	-	15	10
ENSG00000135899.19	SP110	protein_coding	chr2	230165186	230225729	-	66	11
ENSG00000135900.4	MRPL44	protein_coding	chr2	223957463	223967714	+	6	3
ENSG00000135902.10	CHRND	protein_coding	chr2	232525993	232536667	+	9	9
ENSG00000135903.20	PAX3	protein_coding	chr2	222199887	222298998	-	32	32
ENSG00000135905.20	DOCK10	protein_coding	chr2	224765090	225042468	-	47	47
ENSG00000135912.11	TTLL4	protein_coding	chr2	218710835	218755416	+	23	23
ENSG00000135913.11	USP37	protein_coding	chr2	218450251	218568351	-	28	25
ENSG00000135914.6	HTR2B	protein_coding	chr2	231108230	231125042	-	3	0
ENSG00000135916.16	ITM2C	protein_coding	chr2	230864639	230879248	+	10	10
ENSG00000135917.16	SLC19A3	protein_coding	chr2	227683763	227718028	-	65	65
ENSG00000135919.14	SERPINE2	protein_coding	chr2	223975045	224039318	-	32	32
ENSG00000135924.16	DNAJB2	protein_coding	chr2	219279342	219286898	+	12	12
ENSG00000135925.9	WNT10A	protein_coding	chr2	218880852	218899581	+	2	2
ENSG00000135926.15	TMBIM1	protein_coding	chr2	218274197	218292586	-	22	0
ENSG00000135929.9	CYP27A1	protein_coding	chr2	218781749	218815293	+	6	6
ENSG00000135930.14	EIF4E2	protein_coding	chr2	232550674	232583644	+	14	12
ENSG00000135931.18	ARMC9	protein_coding	chr2	231198546	231376848	+	46	46
ENSG00000135932.11	CAB39	protein_coding	chr2	230712842	230821075	+	18	18
ENSG00000135945.10	REV1	protein_coding	chr2	99400475	99490035	-	22	21
ENSG00000135951.16	TSGA10	protein_coding	chr2	98997261	99154964	-	32	26
ENSG00000135953.11	MFSD9	protein_coding	chr2	102714630	102736888	-	14	14
ENSG00000135956.9	TMEM127	protein_coding	chr2	96248514	96265997	-	5	5
ENSG00000135960.10	EDAR	protein_coding	chr2	108894471	108989372	-	25	25
ENSG00000135966.13	TGFBRAP1	protein_coding	chr2	105264391	105329735	-	22	21
ENSG00000135968.21	GCC2	protein_coding	chr2	108449191	108509415	+	34	30
ENSG00000135972.9	MRPS9	protein_coding	chr2	105038069	105099960	+	16	9
ENSG00000135973.3	GPR45	protein_coding	chr2	105241743	105243467	+	1	1
ENSG00000135974.10	C2orf49	protein_coding	chr2	105337532	105349211	+	8	8
ENSG00000135976.20	ANKRD36	protein_coding	chr2	97113153	97264521	+	38	38
ENSG00000135999.12	EPC2	protein_coding	chr2	148644440	148787569	+	14	14
ENSG00000136002.20	ARHGEF4	protein_coding	chr2	130836914	131047263	+	42	42
ENSG00000136059.14	VILL	protein_coding	chr3	37988059	38007188	+	22	22
ENSG00000136068.15	FLNB	protein_coding	chr3	58008400	58172251	+	52	45
ENSG00000136436.15	CALCOCO2	protein_coding	chr17	48831018	48866522	+	23	23
ENSG00000136444.10	RSAD1	protein_coding	chr17	50478860	50485974	+	14	14
ENSG00000136448.13	NMT1	protein_coding	chr17	44957992	45109016	+	47	31
ENSG00000136449.15	MYCBPAP	protein_coding	chr17	50508384	50531501	+	37	27
ENSG00000136450.13	SRSF1	protein_coding	chr17	58000919	58007346	-	4	0
ENSG00000136451.9	VEZF1	protein_coding	chr17	57971547	57988259	-	7	7
ENSG00000136457.10	CHAD	protein_coding	chr17	50464496	50468906	-	3	0
ENSG00000136463.8	TACO1	protein_coding	chr17	63600882	63608365	+	2	2
ENSG00000136478.8	TEX2	protein_coding	chr17	64147227	64263260	-	24	24
ENSG00000136485.15	DCAF7	protein_coding	chr17	63550477	63594279	+	4	4
ENSG00000136487.18	GH2	protein_coding	chr17	63880215	63881944	-	1	1
ENSG00000136490.9	LIMD2	protein_coding	chr17	63695888	63701172	-	2	0
ENSG00000136492.9	BRIP1	protein_coding	chr17	61679139	61863528	-	30	30
ENSG00000136504.13	KAT7	protein_coding	chr17	49788648	49835026	+	10	9
ENSG00000136514.3	RTP4	protein_coding	chr3	187368385	187372076	+	9	9
ENSG00000136518.17	ACTL6A	protein_coding	chr3	179562886	179588407	+	12	12
ENSG00000136521.13	NDUFB5	protein_coding	chr3	179604690	179627647	+	8	0
ENSG00000136522.14	MRPL47	protein_coding	chr3	179588285	179604649	-	5	5
ENSG00000136527.18	TRA2B	protein_coding	chr3	185914558	185938103	-	17	17
ENSG00000136531.18	SCN2A	protein_coding	chr2	165194993	165392310	+	77	76
ENSG00000136535.15	TBR1	protein_coding	chr2	161416297	161425870	+	6	5
ENSG00000136536.15	MARCHF7	protein_coding	chr2	159712457	159771027	+	26	19
ENSG00000136541.15	ERMN	protein_coding	chr2	157318631	157327713	-	3	3
ENSG00000136542.9	GALNT5	protein_coding	chr2	157257705	157318491	+	17	17
ENSG00000136546.16	SCN7A	protein_coding	chr2	166403573	166611482	-	52	52
ENSG00000136560.14	TANK	protein_coding	chr2	161136908	161236230	+	17	10
ENSG00000136573.14	BLK	protein_coding	chr8	11486894	11564599	+	31	16
ENSG00000136574.18	GATA4	protein_coding	chr8	11676959	11760002	+	30	30
ENSG00000136603.14	SKIL	protein_coding	chr3	170357678	170396835	+	11	11
ENSG00000136682.15	CBWD2	protein_coding	chr2	113437691	113496204	+	7	7
ENSG00000136688.11	IL36G	protein_coding	chr2	112973203	112985658	+	4	4
ENSG00000136689.19	IL1RN	protein_coding	chr2	113107214	113134016	+	30	30
ENSG00000136694.9	IL36A	protein_coding	chr2	113005459	113008044	+	2	2
ENSG00000136695.15	IL36RN	protein_coding	chr2	113058638	113065382	+	19	19
ENSG00000136696.11	IL36B	protein_coding	chr2	113022089	113052867	-	10	10
ENSG00000136697.13	IL1F10	protein_coding	chr2	113067970	113075843	+	9	9
ENSG00000136699.20	SMPD4	protein_coding	chr2	130151392	130182750	-	12	10
ENSG00000136709.12	WDR33	protein_coding	chr2	127701027	127811187	-	26	22
ENSG00000136710.10	CCDC115	protein_coding	chr2	130337933	130342699	-	1	1
ENSG00000136715.19	SAP130	protein_coding	chr2	127941217	128028120	-	17	17
ENSG00000136717.15	BIN1	protein_coding	chr2	127048027	127107288	-	37	37
ENSG00000136718.10	IMP4	protein_coding	chr2	130342877	130347967	+	8	8
ENSG00000136720.7	HS6ST1	protein_coding	chr2	128236716	128318868	-	23	23
ENSG00000136731.13	UGGT1	protein_coding	chr2	128091200	128195677	+	30	29
ENSG00000136732.16	GYPC	protein_coding	chr2	126656133	126696667	+	17	17
ENSG00000136783.10	NIPSNAP3A	protein_coding	chr9	104747683	104760120	+	11	11
ENSG00000136802.12	LRRC8A	protein_coding	chr9	128882133	128918039	+	5	5
ENSG00000136807.14	CDK9	protein_coding	chr9	127785679	127790792	+	6	6
ENSG00000136810.13	TXN	protein_coding	chr9	110243810	110256507	-	8	8
ENSG00000136811.16	ODF2	protein_coding	chr9	128455186	128501292	+	14	14
ENSG00000136813.14	ECPAS	protein_coding	chr9	111360692	111484745	-	40	40
ENSG00000136816.16	TOR1B	protein_coding	chr9	129803157	129811281	+	11	11
ENSG00000136819.15	C9orf78	protein_coding	chr9	129827290	129835863	-	45	36
ENSG00000136824.19	SMC2	protein_coding	chr9	104094260	104141419	+	56	56
ENSG00000136826.15	KLF4	protein_coding	chr9	107484852	107490482	-	4	4
ENSG00000136827.12	TOR1A	protein_coding	chr9	129812942	129824244	-	14	14
ENSG00000136828.19	RALGPS1	protein_coding	chr9	126914774	127223166	+	49	40
ENSG00000136830.12	NIBAN2	protein_coding	chr9	127505339	127578989	-	16	16
ENSG00000136834.3	OR1J1	protein_coding	chr9	122476958	122477926	-	1	0
ENSG00000136839.1	OR13C9	protein_coding	chr9	104617248	104618204	-	5	5
ENSG00000136840.19	ST6GALNAC4	protein_coding	chr9	127907886	127917041	-	8	8
ENSG00000136842.14	TMOD1	protein_coding	chr9	97501180	97601743	+	13	10
ENSG00000136848.17	DAB2IP	protein_coding	chr9	121567057	121785530	+	25	25
ENSG00000136854.24	STXBP1	protein_coding	chr9	127579370	127696027	+	17	14
ENSG00000136856.18	SLC2A8	protein_coding	chr9	127397138	127408424	+	16	16
ENSG00000136859.10	ANGPTL2	protein_coding	chr9	127087348	127122635	-	5	0
ENSG00000136861.18	CDK5RAP2	protein_coding	chr9	120388869	120580170	-	30	30
ENSG00000136866.14	ZFP37	protein_coding	chr9	113038377	113056759	-	12	2
ENSG00000136867.11	SLC31A2	protein_coding	chr9	113150976	113164140	+	14	4
ENSG00000136868.11	SLC31A1	protein_coding	chr9	113221544	113264492	+	18	4
ENSG00000136869.16	TLR4	protein_coding	chr9	117704175	117724735	+	28	0
ENSG00000136870.10	ZNF189	protein_coding	chr9	101398873	101410660	+	6	6
ENSG00000136872.20	ALDOB	protein_coding	chr9	101420560	101449664	-	18	18
ENSG00000136874.11	STX17	protein_coding	chr9	99906654	99974534	+	15	13
ENSG00000136875.13	PRPF4	protein_coding	chr9	113275642	113294009	+	15	15
ENSG00000136877.15	FPGS	protein_coding	chr9	127794597	127814327	+	11	11
ENSG00000136878.14	USP20	protein_coding	chr9	129834698	129881828	+	39	30
ENSG00000136881.12	BAAT	protein_coding	chr9	101354182	101385400	-	24	20
ENSG00000136883.14	KIF12	protein_coding	chr9	114086126	114099291	-	11	11
ENSG00000136888.8	ATP6V1G1	protein_coding	chr9	114587706	114598915	+	5	5
ENSG00000136891.14	TEX10	protein_coding	chr9	100302077	100352942	-	15	15
ENSG00000136895.19	GARNL3	protein_coding	chr9	127224265	127393660	+	32	32
ENSG00000136897.8	MRPL50	protein_coding	chr9	101387633	101398618	-	10	10
ENSG00000136908.18	DPM2	protein_coding	chr9	127935099	127937854	-	4	0
ENSG00000136918.8	WDR38	protein_coding	chr9	124853417	124857890	+	7	7
ENSG00000136925.15	TSTD2	protein_coding	chr9	97600080	97633368	-	26	23
ENSG00000136928.7	GABBR2	protein_coding	chr9	98288109	98708935	-	87	87
ENSG00000136929.13	HEMGN	protein_coding	chr9	97926791	97944856	-	5	5
ENSG00000136930.13	PSMB7	protein_coding	chr9	124353465	124415444	-	7	7
ENSG00000136931.10	NR5A1	protein_coding	chr9	124481236	124507420	-	9	9
ENSG00000136932.14	TRMO	protein_coding	chr9	97904489	97922516	-	7	7
ENSG00000136933.17	RABEPK	protein_coding	chr9	125200542	125234161	+	13	13
ENSG00000136935.14	GOLGA1	protein_coding	chr9	124878275	124948492	-	18	18
ENSG00000136936.11	XPA	protein_coding	chr9	97674909	97697340	-	6	6
ENSG00000136937.13	NCBP1	protein_coding	chr9	97633668	97673748	+	16	16
ENSG00000136938.9	ANP32B	protein_coding	chr9	97983341	98015943	+	7	7
ENSG00000136939.1	OR1L4	protein_coding	chr9	122723990	122724925	+	1	1
ENSG00000136940.14	PDCL	protein_coding	chr9	122798389	122828588	-	9	7
ENSG00000136942.15	RPL35	protein_coding	chr9	124857880	124861981	-	2	2
ENSG00000136943.12	CTSV	protein_coding	chr9	97029677	97156556	-	31	31
ENSG00000136944.19	LMX1B	protein_coding	chr9	126613928	126701032	+	47	47
ENSG00000136950.13	ARPC5L	protein_coding	chr9	124862130	124877733	+	7	7
ENSG00000136960.13	ENPP2	protein_coding	chr8	119557086	119673453	-	27	27
ENSG00000136982.6	DSCC1	protein_coding	chr8	119833976	119855894	-	7	0
ENSG00000136986.10	DERL1	protein_coding	chr8	123013170	123042302	-	15	0
ENSG00000136997.21	MYC	protein_coding	chr8	127735434	127742951	+	10	4
ENSG00000136999.5	CCN3	protein_coding	chr8	119416446	119424434	+	16	2
ENSG00000137033.11	IL33	protein_coding	chr9	6215786	6257983	+	13	13
ENSG00000137038.8	DMAC1	protein_coding	chr9	7796500	7888380	-	19	19
ENSG00000137040.10	RANBP6	protein_coding	chr9	6011025	6015625	-	6	6
ENSG00000137054.16	POLR1E	protein_coding	chr9	37485948	37503697	+	20	20
ENSG00000137055.15	PLAA	protein_coding	chr9	26903372	26947242	-	13	13
ENSG00000137070.18	IL11RA	protein_coding	chr9	34650702	34661902	+	4	1
ENSG00000137073.23	UBAP2	protein_coding	chr9	33921693	34048949	-	41	41
ENSG00000137074.20	APTX	protein_coding	chr9	32886601	33025130	-	44	43
ENSG00000137075.18	RNF38	protein_coding	chr9	36336396	36487548	-	19	19
ENSG00000137076.21	TLN1	protein_coding	chr9	35696948	35732195	-	17	17
ENSG00000137077.8	CCL21	protein_coding	chr9	34709005	34710136	-	1	0
ENSG00000137078.9	SIT1	protein_coding	chr9	35649295	35650950	-	2	2
ENSG00000137080.4	IFNA21	protein_coding	chr9	21165637	21166660	-	1	1
ENSG00000137090.12	DMRT1	protein_coding	chr9	841690	969090	+	25	25
ENSG00000137094.15	DNAJB5	protein_coding	chr9	34989641	34998900	+	5	5
ENSG00000137098.14	SPAG8	protein_coding	chr9	35808045	35812272	-	2	0
ENSG00000137100.16	DCTN3	protein_coding	chr9	34613545	34620523	-	3	3
ENSG00000137101.13	CD72	protein_coding	chr9	35609979	35646810	-	6	6
ENSG00000137103.20	TMEM8B	protein_coding	chr9	35814451	35865518	+	38	27
ENSG00000137106.18	GRHPR	protein_coding	chr9	37422666	37436990	+	18	17
ENSG00000137124.8	ALDH1B1	protein_coding	chr9	38392702	38398661	+	12	12
ENSG00000137133.11	HINT2	protein_coding	chr9	35812960	35815354	-	1	0
ENSG00000137135.18	ARHGEF39	protein_coding	chr9	35658875	35675866	-	30	8
ENSG00000137142.5	IGFBPL1	protein_coding	chr9	38406528	38424454	-	30	30
ENSG00000137145.21	DENND4C	protein_coding	chr9	19230435	19374281	+	31	31
ENSG00000137154.13	RPS6	protein_coding	chr9	19375715	19380236	-	5	5
ENSG00000137547.9	MRPL15	protein_coding	chr8	54135241	54148514	+	4	4
ENSG00000137558.9	PI15	protein_coding	chr8	74824534	74855029	+	17	0
ENSG00000137561.5	TTPA	protein_coding	chr8	63048553	63086053	-	8	8
ENSG00000137563.13	GGH	protein_coding	chr8	63014881	63039407	-	44	44
ENSG00000137571.11	SLCO5A1	protein_coding	chr8	69667046	69834978	-	39	37
ENSG00000137573.14	SULF1	protein_coding	chr8	69466624	69660915	+	47	47
ENSG00000137574.11	TGS1	protein_coding	chr8	55773446	55826445	+	15	15
ENSG00000137575.12	SDCBP	protein_coding	chr8	58552924	58582859	+	9	9
ENSG00000138002.16	IFT172	protein_coding	chr2	27444377	27489805	-	14	13
ENSG00000138018.18	SELENOI	protein_coding	chr2	26308547	26395891	+	40	21
ENSG00000138028.16	CGREF1	protein_coding	chr2	27098889	27119128	-	5	4
ENSG00000138029.14	HADHB	protein_coding	chr2	26243170	26290465	+	18	17
ENSG00000138030.13	KHK	protein_coding	chr2	27086747	27100762	+	7	6
ENSG00000138031.15	ADCY3	protein_coding	chr2	24819169	24920237	-	40	29
ENSG00000138032.21	PPM1B	protein_coding	chr2	44167969	44244384	+	13	0
ENSG00000138035.15	PNPT1	protein_coding	chr2	55634061	55693863	-	17	17
ENSG00000138036.18	DYNC2LI1	protein_coding	chr2	43774039	43810010	+	26	26
ENSG00000138039.15	LHCGR	protein_coding	chr2	48686774	48755730	-	23	0
ENSG00000138050.15	THUMPD2	protein_coding	chr2	39736060	39779267	-	14	14
ENSG00000138061.12	CYP1B1	protein_coding	chr2	38066973	38109902	-	15	7
ENSG00000138068.10	SULT6B1	protein_coding	chr2	37167820	37196598	-	10	10
ENSG00000138069.18	RAB1A	protein_coding	chr2	65070696	65130331	-	31	9
ENSG00000138071.14	ACTR2	protein_coding	chr2	65227788	65271253	+	21	21
ENSG00000138073.14	PREB	protein_coding	chr2	27130756	27134666	-	4	4
ENSG00000138074.15	SLC5A6	protein_coding	chr2	27199587	27212958	-	13	10
ENSG00000138075.14	ABCG5	protein_coding	chr2	43812472	43838865	-	14	13
ENSG00000138078.16	PREPL	protein_coding	chr2	44316281	44361862	-	25	12
ENSG00000138079.14	SLC3A1	protein_coding	chr2	44275458	44321494	+	23	0
ENSG00000138080.14	EMILIN1	protein_coding	chr2	27078615	27086403	+	2	2
ENSG00000138081.21	FBXO11	protein_coding	chr2	47789316	47906498	-	22	10
ENSG00000138083.5	SIX3	protein_coding	chr2	44941702	44946071	+	5	5
ENSG00000138085.17	ATRAID	protein_coding	chr2	27212027	27217178	+	8	5
ENSG00000138092.11	CENPO	protein_coding	chr2	24793136	24822376	+	15	5
ENSG00000138095.19	LRPPRC	protein_coding	chr2	43886224	43995989	-	34	34
ENSG00000138100.14	TRIM54	protein_coding	chr2	27282429	27307439	+	6	6
ENSG00000138101.19	DTNB	protein_coding	chr2	25377198	25673647	-	37	37
ENSG00000138231.13	DBR1	protein_coding	chr3	138160988	138174921	-	9	9
ENSG00000138246.17	DNAJC13	protein_coding	chr3	132417502	132539032	+	35	35
ENSG00000138271.6	GPR87	protein_coding	chr3	151294086	151316820	-	8	0
ENSG00000138356.14	AOX1	protein_coding	chr2	200586014	200677064	+	37	37
ENSG00000138363.15	ATIC	protein_coding	chr2	215311956	215349773	+	27	27
ENSG00000138375.13	SMARCAL1	protein_coding	chr2	216412414	216483053	+	25	23
ENSG00000138376.11	BARD1	protein_coding	chr2	214725646	214809683	-	46	46
ENSG00000138378.19	STAT4	protein_coding	chr2	191029576	191151596	-	24	15
ENSG00000138379.5	MSTN	protein_coding	chr2	190055700	190062729	-	7	0
ENSG00000138380.18	CARF	protein_coding	chr2	202912214	202988263	+	26	0
ENSG00000138381.10	ASNSD1	protein_coding	chr2	189661385	189670831	+	4	0
ENSG00000138382.15	METTL5	protein_coding	chr2	169810081	169824931	-	14	9
ENSG00000138385.16	SSB	protein_coding	chr2	169791933	169812064	+	22	17
ENSG00000138386.17	NAB1	protein_coding	chr2	190646746	190692766	+	9	5
ENSG00000138395.17	CDK15	protein_coding	chr2	201790461	201895550	+	30	30
ENSG00000138398.17	PPIG	protein_coding	chr2	169584342	169641406	+	33	33
ENSG00000138399.18	FASTKD1	protein_coding	chr2	169528508	169573875	-	19	19
ENSG00000138400.13	MDH1B	protein_coding	chr2	206737763	206765328	-	19	19
ENSG00000138411.13	HECW2	protein_coding	chr2	196189099	196593684	-	120	117
ENSG00000138413.14	IDH1	protein_coding	chr2	208236229	208266074	-	10	9
ENSG00000138430.16	OLA1	protein_coding	chr2	174072447	174248599	-	31	31
ENSG00000138433.16	CIR1	protein_coding	chr2	174348022	174395712	-	11	11
ENSG00000138434.17	ITPRID2	protein_coding	chr2	181891730	181930738	+	15	15
ENSG00000138435.16	CHRNA1	protein_coding	chr2	174747592	174787935	-	26	7
ENSG00000138439.12	FAM117B	protein_coding	chr2	202634969	202769757	+	22	22
ENSG00000138442.10	WDR12	protein_coding	chr2	202874261	203014798	-	55	29
ENSG00000138443.17	ABI2	protein_coding	chr2	203328280	203447728	+	30	6
ENSG00000138448.12	ITGAV	protein_coding	chr2	186590056	186680901	+	22	9
ENSG00000138449.11	SLC40A1	protein_coding	chr2	189560590	189583758	-	11	11
ENSG00000138459.9	SLC35A5	protein_coding	chr3	112561709	112585579	+	12	12
ENSG00000138463.9	SLC49A4	protein_coding	chr3	122795069	122881139	+	9	9
ENSG00000138468.16	SENP7	protein_coding	chr3	101324205	101513241	-	40	39
ENSG00000138472.11	GUCA1C	protein_coding	chr3	108907792	108953879	-	10	10
ENSG00000138483.3	CCDC54	protein_coding	chr3	107377439	107378635	+	1	0
ENSG00000138495.7	COX17	protein_coding	chr3	119654513	119677454	-	10	3
ENSG00000138496.16	PARP9	protein_coding	chr3	122527924	122564577	-	23	23
ENSG00000138829.12	FBN2	protein_coding	chr5	128257909	128659185	-	77	54
ENSG00000138835.22	RGS3	protein_coding	chr9	113444731	113597743	+	41	31
ENSG00000140396.13	NCOA2	protein_coding	chr8	70109782	70403808	-	41	40
ENSG00000141026.6	MED9	protein_coding	chr17	17476994	17493221	+	8	8
ENSG00000141027.21	NCOR1	protein_coding	chr17	16029157	16218185	-	43	34
ENSG00000141028.6	CDRT15P1	unprocessed_pseudogene	chr17	14024514	14025488	+	1	0
ENSG00000141030.13	COPS3	protein_coding	chr17	17246616	17281273	-	15	15
ENSG00000141034.10	GID4	protein_coding	chr17	18039408	18068405	+	7	7
ENSG00000141040.15	ZNF287	protein_coding	chr17	16546954	16569204	-	11	11
ENSG00000141052.18	MYOCD	protein_coding	chr17	12665890	12768949	+	26	10
ENSG00000141068.14	KSR1	protein_coding	chr17	27456470	27626438	+	54	47
ENSG00000141127.15	PRPSAP2	protein_coding	chr17	18840085	18931287	+	32	31
ENSG00000141161.12	UNC45B	protein_coding	chr17	35147817	35189345	+	18	18
ENSG00000141179.14	PCTP	protein_coding	chr17	55751051	55842830	+	34	33
ENSG00000141194.6	OR4D1	protein_coding	chr17	58148449	58159555	+	16	14
ENSG00000141198.16	TOM1L1	protein_coding	chr17	54899387	54961956	+	42	21
ENSG00000141200.8	KIF2B	protein_coding	chr17	53822927	53825193	+	7	0
ENSG00000141219.15	C17orf80	protein_coding	chr17	73232233	73248947	+	24	13
ENSG00000141232.5	TOB1	protein_coding	chr17	50862223	50867978	-	2	2
ENSG00000141252.21	VPS53	protein_coding	chr17	508503	721717	-	178	145
ENSG00000141255.13	SPATA22	protein_coding	chr17	3440019	3513852	-	56	19
ENSG00000141258.13	SGSM2	protein_coding	chr17	2337498	2381058	+	46	41
ENSG00000141279.17	NPEPPS	protein_coding	chr17	47522942	47624665	+	23	17
ENSG00000141293.16	SKAP1	protein_coding	chr17	48133442	48430275	-	33	31
ENSG00000141294.10	LRRC46	protein_coding	chr17	47831634	47837719	+	5	5
ENSG00000141295.14	SCRN2	protein_coding	chr17	47837692	47841289	-	5	5
ENSG00000141298.19	SSH2	protein_coding	chr17	29625938	29930276	-	35	19
ENSG00000141314.13	RHBDL3	protein_coding	chr17	32265832	32324659	+	20	20
ENSG00000141316.13	SPACA3	protein_coding	chr17	32970376	32997877	+	11	11
ENSG00000141337.13	ARSG	protein_coding	chr17	68259182	68422731	+	42	23
ENSG00000141338.14	ABCA8	protein_coding	chr17	68867289	68955392	-	48	47
ENSG00000141349.9	G6PC3	protein_coding	chr17	44070735	44076344	+	6	6
ENSG00000141367.12	CLTC	protein_coding	chr17	59619689	59696956	+	22	13
ENSG00000141371.13	C17orf64	protein_coding	chr17	60392429	60431426	+	10	7
ENSG00000141376.23	BCAS3	protein_coding	chr17	60677453	61392838	+	81	60
ENSG00000141378.15	PTRH2	protein_coding	chr17	59674636	59707626	-	17	8
ENSG00000141456.16	PELP1	protein_coding	chr17	4669774	4704337	-	24	17
ENSG00000141480.18	ARRB2	protein_coding	chr17	4710596	4721499	+	12	12
ENSG00000141485.17	SLC13A5	protein_coding	chr17	6684719	6713377	-	33	10
ENSG00000141497.14	ZMYND15	protein_coding	chr17	4739833	4746119	+	8	8
ENSG00000141499.17	WRAP53	protein_coding	chr17	7686071	7703502	+	5	5
ENSG00000141503.17	MINK1	protein_coding	chr17	4833340	4898061	+	32	27
ENSG00000141504.12	SAT2	protein_coding	chr17	7626234	7627876	-	3	0
ENSG00000141505.12	ASGR1	protein_coding	chr17	7173431	7179564	-	4	4
ENSG00000141506.14	PIK3R5	protein_coding	chr17	8878911	8965712	-	28	28
ENSG00000141510.18	TP53	protein_coding	chr17	7661779	7687538	-	19	19
ENSG00000141519.15	CCDC40	protein_coding	chr17	80036632	80100613	+	85	85
ENSG00000141522.12	ARHGDIA	protein_coding	chr17	81867721	81871378	-	3	3
ENSG00000141524.17	TMC6	protein_coding	chr17	78107397	78132407	-	41	33
ENSG00000141526.18	SLC16A3	protein_coding	chr17	82217934	82261129	+	40	33
ENSG00000141527.18	CARD14	protein_coding	chr17	80169992	80209331	+	56	32
ENSG00000141540.11	TTYH2	protein_coding	chr17	74213571	74262020	+	30	27
ENSG00000141542.11	RAB40B	protein_coding	chr17	82654973	82698698	-	23	23
ENSG00000141543.12	EIF4A3	protein_coding	chr17	80134369	80147151	-	17	17
ENSG00000141551.14	CSNK1D	protein_coding	chr17	82239023	82273731	-	11	4
ENSG00000141552.18	ANAPC11	protein_coding	chr17	81890790	81900991	+	2	2
ENSG00000141556.21	TBCD	protein_coding	chr17	82752065	82945914	+	92	70
ENSG00000141560.15	FN3KRP	protein_coding	chr17	82716706	82730328	+	13	10
ENSG00000141562.18	NARF	protein_coding	chr17	82458180	82490537	+	24	20
ENSG00000141564.15	RPTOR	protein_coding	chr17	80544819	80966371	+	101	96
ENSG00000141568.21	FOXK2	protein_coding	chr17	82519713	82644662	+	63	38
ENSG00000141569.12	TRIM65	protein_coding	chr17	75880335	75896951	-	16	16
ENSG00000141570.11	CBX8	protein_coding	chr17	79792132	79801683	-	8	8
ENSG00000141574.8	SECTM1	protein_coding	chr17	82321024	82334074	-	17	17
ENSG00000141576.16	RNF157	protein_coding	chr17	76142465	76240493	-	26	21
ENSG00000141577.14	CEP131	protein_coding	chr17	81189593	81222999	-	29	24
ENSG00000141579.7	ZNF750	protein_coding	chr17	82829434	82840022	-	7	0
ENSG00000141580.16	WDR45B	protein_coding	chr17	82614562	82648553	-	21	3
ENSG00000141582.15	CBX4	protein_coding	chr17	79833156	79839440	-	3	3
ENSG00000141696.13	P3H4	protein_coding	chr17	41801947	41812604	-	12	12
ENSG00000141698.17	NT5C3B	protein_coding	chr17	41825057	41836260	-	10	9
ENSG00000141699.11	RETREG3	protein_coding	chr17	42579513	42610623	-	10	10
ENSG00000141736.14	ERBB2	protein_coding	chr17	39687914	39730426	+	15	13
ENSG00000141738.14	GRB7	protein_coding	chr17	39737927	39747291	+	5	5
ENSG00000141741.12	MIEN1	protein_coding	chr17	39728496	39730532	-	1	0
ENSG00000141744.4	PNMT	protein_coding	chr17	39667981	39670475	+	2	2
ENSG00000141748.13	ARL5C	protein_coding	chr17	39156894	39167484	-	15	7
ENSG00000141750.7	STAC2	protein_coding	chr17	39210541	39225945	-	13	13
ENSG00000141753.7	IGFBP4	protein_coding	chr17	40443450	40457725	+	4	4
ENSG00000141756.19	FKBP10	protein_coding	chr17	41812680	41823213	+	12	12
ENSG00000142319.18	SLC6A3	protein_coding	chr5	1392794	1445440	-	28	28
ENSG00000142327.13	RNPEPL1	protein_coding	chr2	240565804	240581372	+	16	15
ENSG00000142330.20	CAPN10	protein_coding	chr2	240586734	240617705	+	42	32
ENSG00000142484.7	TM4SF5	protein_coding	chr17	4771884	4783213	+	3	3
ENSG00000142494.13	SLC47A1	protein_coding	chr17	19495385	19579034	+	19	13
ENSG00000142507.10	PSMB6	protein_coding	chr17	4796144	4798502	+	5	5
ENSG00000143727.16	ACP1	protein_coding	chr2	264140	278283	+	15	11
ENSG00000143797.12	MBOAT2	protein_coding	chr2	8852690	9003709	-	16	16
ENSG00000143867.7	OSR1	protein_coding	chr2	19351485	19358623	-	4	4
ENSG00000143869.7	GDF7	protein_coding	chr2	20667144	20679243	+	33	29
ENSG00000143870.13	PDIA6	protein_coding	chr2	10783391	10837977	-	53	48
ENSG00000143878.10	RHOB	protein_coding	chr2	20447074	20449440	+	2	2
ENSG00000143882.12	ATP6V1C2	protein_coding	chr2	10721100	10785110	+	24	17
ENSG00000143889.16	HNRNPLL	protein_coding	chr2	38561969	38603586	-	10	10
ENSG00000143891.17	GALM	protein_coding	chr2	38666081	38741237	+	15	15
ENSG00000143919.15	CAMKMT	protein_coding	chr2	44361947	44772592	+	52	52
ENSG00000143921.9	ABCG8	protein_coding	chr2	43831942	43882988	+	52	51
ENSG00000143924.19	EML4	protein_coding	chr2	42169353	42332548	+	41	40
ENSG00000143933.19	CALM2	protein_coding	chr2	47160083	47176921	-	16	0
ENSG00000143942.5	CHAC2	protein_coding	chr2	53767804	53775196	+	1	0
ENSG00000143947.15	RPS27A	protein_coding	chr2	55231903	55235853	+	9	8
ENSG00000143951.16	WDPCP	protein_coding	chr2	63119559	63827843	-	85	64
ENSG00000143952.20	VPS54	protein_coding	chr2	63892146	64019428	-	19	19
ENSG00000143954.13	REG3G	protein_coding	chr2	79025686	79028505	+	18	18
ENSG00000143970.17	ASXL2	protein_coding	chr2	25733753	25878487	-	25	25
ENSG00000143971.9	ETAA1	protein_coding	chr2	67397322	67412089	+	7	7
ENSG00000143977.14	SNRPG	protein_coding	chr2	70281362	70293740	-	3	3
ENSG00000143994.14	ABHD1	protein_coding	chr2	27123789	27130812	+	6	6
ENSG00000143995.20	MEIS1	protein_coding	chr2	66433452	66573869	+	23	20
ENSG00000144021.3	CIAO1	protein_coding	chr2	96266159	96274173	+	4	4
ENSG00000144026.12	ZNF514	protein_coding	chr2	95145000	95165413	-	2	1
ENSG00000144028.15	SNRNP200	protein_coding	chr2	96274338	96321271	-	9	8
ENSG00000144029.12	MRPS5	protein_coding	chr2	95085369	95149434	-	5	4
ENSG00000144031.12	ANKRD53	protein_coding	chr2	70978380	70985499	+	13	0
ENSG00000144034.16	TPRKB	protein_coding	chr2	73729104	73737400	-	3	3
ENSG00000144035.4	NAT8	protein_coding	chr2	73640723	73642422	-	3	2
ENSG00000144036.16	EXOC6B	protein_coding	chr2	72175984	72826041	-	69	69
ENSG00000144040.13	SFXN5	protein_coding	chr2	72942036	73075619	-	45	39
ENSG00000144043.12	TEX261	protein_coding	chr2	70985942	70994873	-	15	0
ENSG00000144045.14	DQX1	protein_coding	chr2	74518131	74526281	-	2	2
ENSG00000144048.10	DUSP11	protein_coding	chr2	73762184	73780157	-	3	3
ENSG00000144057.15	ST6GAL2	protein_coding	chr2	106801600	106887108	-	32	32
ENSG00000144061.14	NPHP1	protein_coding	chr2	110122311	110205066	-	44	44
ENSG00000144063.4	MALL	protein_coding	chr2	110083870	110116022	-	4	4
ENSG00000144115.18	THNSL2	protein_coding	chr2	88170295	88186636	+	22	22
ENSG00000144118.14	RALB	protein_coding	chr2	120240064	120294710	+	14	14
ENSG00000144119.4	C1QL2	protein_coding	chr2	119156243	119158751	-	6	6
ENSG00000144120.13	TMEM177	protein_coding	chr2	119679167	119686507	+	6	6
ENSG00000144130.11	NT5DC4	protein_coding	chr2	112721486	112742879	+	12	8
ENSG00000144134.18	RABL2A	protein_coding	chr2	113627229	113643396	+	6	6
ENSG00000144136.11	SLC20A1	protein_coding	chr2	112645939	112663825	+	8	8
ENSG00000144152.13	FBLN7	protein_coding	chr2	112138385	112188218	+	15	15
ENSG00000144161.13	ZC3H8	protein_coding	chr2	112211529	112255136	-	10	9
ENSG00000144182.17	LIPT1	protein_coding	chr2	99154955	99163157	+	9	0
ENSG00000144191.12	CNGA3	protein_coding	chr2	98346188	98398601	+	11	9
ENSG00000144199.12	FAHD2B	protein_coding	chr2	97083583	97094882	-	7	7
ENSG00000144214.10	LYG1	protein_coding	chr2	99284238	99304742	-	4	0
ENSG00000144218.20	AFF3	protein_coding	chr2	99545419	100192428	-	80	80
ENSG00000144224.17	UBXN4	protein_coding	chr2	135741734	135785056	+	10	10
ENSG00000144227.5	NXPH2	protein_coding	chr2	138669157	138780390	-	17	17
ENSG00000144228.9	SPOPL	protein_coding	chr2	138501770	138573547	+	14	10
ENSG00000144229.12	THSD7B	protein_coding	chr2	136765545	137677718	+	119	119
ENSG00000144230.16	GPR17	protein_coding	chr2	127645864	127652639	+	9	0
ENSG00000144231.11	POLR2D	protein_coding	chr2	127843553	127858155	-	23	21
ENSG00000144233.11	AMMECR1L	protein_coding	chr2	127861630	127885967	-	7	7
ENSG00000144278.15	GALNT13	protein_coding	chr2	153871922	154453979	+	71	59
ENSG00000144283.22	PKP4	protein_coding	chr2	158456952	158682879	+	53	37
ENSG00000144285.22	SCN1A	protein_coding	chr2	165984641	166149214	-	66	0
ENSG00000144290.17	SLC4A10	protein_coding	chr2	161424332	161985282	+	49	45
ENSG00000144306.15	SCRN3	protein_coding	chr2	174395730	174429575	+	20	20
ENSG00000144320.14	LNPK	protein_coding	chr2	175923882	176002839	-	34	34
ENSG00000144331.20	ZNF385B	protein_coding	chr2	179441982	179861612	-	56	56
ENSG00000144339.12	TMEFF2	protein_coding	chr2	191949043	192194933	-	24	15
ENSG00000144354.14	CDCA7	protein_coding	chr2	173354820	173368997	+	20	19
ENSG00000144355.15	DLX1	protein_coding	chr2	172084740	172089677	+	4	4
ENSG00000144357.18	UBR3	protein_coding	chr2	169827454	170084131	+	48	48
ENSG00000144362.12	PHOSPHO2	protein_coding	chr2	169694454	169701708	+	3	0
ENSG00000144366.16	GULP1	protein_coding	chr2	188291669	188595931	+	37	20
ENSG00000144369.13	FAM171B	protein_coding	chr2	186694060	186765959	+	14	11
ENSG00000144381.18	HSPD1	protein_coding	chr2	197486584	197516737	-	16	13
ENSG00000144395.18	CCDC150	protein_coding	chr2	196639554	196763490	+	23	23
ENSG00000144401.14	METTL21A	protein_coding	chr2	207580631	207625928	-	24	10
ENSG00000144406.19	UNC80	protein_coding	chr2	209771832	209999300	+	66	65
ENSG00000144407.9	PTH2R	protein_coding	chr2	208359714	208854503	+	54	43
ENSG00000144410.5	CPO	protein_coding	chr2	206939518	206969474	+	12	12
ENSG00000144426.18	NBEAL1	protein_coding	chr2	203014879	203226378	+	33	32
ENSG00000144445.17	KANSL1L	protein_coding	chr2	210021421	210171409	-	15	9
ENSG00000144451.19	SPAG16	protein_coding	chr2	213284379	214410501	+	126	109
ENSG00000144452.15	ABCA12	protein_coding	chr2	214931542	215138626	-	54	19
ENSG00000144455.14	SUMF1	protein_coding	chr3	3700814	4467273	-	136	87
ENSG00000144460.12	NYAP2	protein_coding	chr2	225399710	225654018	+	33	33
ENSG00000144468.17	RHBDD1	protein_coding	chr2	226835581	226999215	+	26	26
ENSG00000144476.6	ACKR3	protein_coding	chr2	236567787	236582354	+	3	3
ENSG00000144481.17	TRPM8	protein_coding	chr2	233917373	234019522	+	52	45
ENSG00000144485.11	HES6	protein_coding	chr2	238238267	238240662	-	8	0
ENSG00000144488.15	ESPNL	protein_coding	chr2	238100340	238133287	+	39	39
ENSG00000144504.15	ANKMY1	protein_coding	chr2	240479422	240569209	-	53	41
ENSG00000144524.18	COPS7B	protein_coding	chr2	231781671	231809254	+	7	7
ENSG00000144535.20	DIS3L2	protein_coding	chr2	231961245	232344350	+	52	46
ENSG00000144550.13	CPNE9	protein_coding	chr3	9703826	9729908	+	10	3
ENSG00000144554.12	FANCD2	protein_coding	chr3	10026414	10101932	+	41	27
ENSG00000144559.10	TAMM41	protein_coding	chr3	11790442	11846919	-	22	22
ENSG00000144560.15	VGLL4	protein_coding	chr3	11556069	11771350	-	45	42
ENSG00000144566.11	RAB5A	protein_coding	chr3	19947097	19985175	+	16	12
ENSG00000144567.11	RETREG2	protein_coding	chr2	219176225	219185475	+	25	19
ENSG00000144579.8	CTDSP1	protein_coding	chr2	218398256	218405941	+	12	11
ENSG00000144580.14	CNOT9	protein_coding	chr2	218568580	218597080	+	10	10
ENSG00000144583.5	MARCHF4	protein_coding	chr2	216257865	216372483	-	14	12
ENSG00000144589.22	STK11IP	protein_coding	chr2	219597857	219616451	+	8	8
ENSG00000144591.19	GMPPA	protein_coding	chr2	219498884	219506989	+	6	0
ENSG00000144596.13	GRIP2	protein_coding	chr3	14489107	14556075	-	44	43
ENSG00000144597.14	EAF1	protein_coding	chr3	15427598	15450635	+	10	0
ENSG00000144619.15	CNTN4	protein_coding	chr3	2098813	3057959	+	130	112
ENSG00000144635.9	DYNC1LI1	protein_coding	chr3	32525974	32570858	-	15	15
ENSG00000144642.22	RBMS3	protein_coding	chr3	28574791	30010391	+	198	39
ENSG00000144644.14	GADL1	protein_coding	chr3	30726200	30894765	-	36	36
ENSG00000144645.15	OSBPL10	protein_coding	chr3	31657912	32077580	-	87	67
ENSG00000144647.6	POMGNT2	protein_coding	chr3	43079232	43106079	-	7	7
ENSG00000144648.16	ACKR2	protein_coding	chr3	42804752	42887974	+	25	0
ENSG00000144649.9	GASK1A	protein_coding	chr3	42979267	43060211	+	19	6
ENSG00000144655.15	CSRNP1	protein_coding	chr3	39141855	39154562	-	10	8
ENSG00000144659.13	SLC25A38	protein_coding	chr3	39383370	39397351	+	8	8
ENSG00000144668.12	ITGA9	protein_coding	chr3	37452115	37823507	+	62	41
ENSG00000144671.10	SLC22A14	protein_coding	chr3	38282294	38318575	+	30	30
ENSG00000144674.16	GOLGA4	protein_coding	chr3	37243177	37366751	+	17	16
ENSG00000144677.15	CTDSPL	protein_coding	chr3	37861880	37984469	+	21	21
ENSG00000144681.11	STAC	protein_coding	chr3	36380503	36548007	+	26	26
ENSG00000144711.16	IQSEC1	protein_coding	chr3	12897043	13283281	-	63	63
ENSG00000144712.12	CAND2	protein_coding	chr3	12796472	12871916	+	32	27
ENSG00000144713.13	RPL32	protein_coding	chr3	12834485	12841582	-	5	0
ENSG00000144724.20	PTPRG	protein_coding	chr3	61561569	62297609	+	78	70
ENSG00000144730.19	IL17RD	protein_coding	chr3	57089982	57170306	-	29	29
ENSG00000144736.14	SHQ1	protein_coding	chr3	72749277	72861914	-	12	12
ENSG00000144741.18	SLC25A26	protein_coding	chr3	66133610	66388116	+	65	42
ENSG00000144744.17	UBA3	protein_coding	chr3	69054730	69080408	-	9	7
ENSG00000144746.7	ARL6IP5	protein_coding	chr3	69084937	69106092	+	7	7
ENSG00000144747.17	TMF1	protein_coding	chr3	69019827	69052339	-	16	0
ENSG00000144749.14	LRIG1	protein_coding	chr3	66378797	66501263	-	45	22
ENSG00000144771.8	LRTM1	protein_coding	chr3	54918231	54967088	-	8	0
ENSG00000144791.10	LIMD1	protein_coding	chr3	45555394	45686341	+	35	22
ENSG00000144792.9	ZNF660	protein_coding	chr3	44578223	44599694	+	4	0
ENSG00000144802.11	NFKBIZ	protein_coding	chr3	101827991	101861022	+	8	8
ENSG00000144810.16	COL8A1	protein_coding	chr3	99638475	99799226	+	29	29
ENSG00000144815.16	NXPE3	protein_coding	chr3	101779202	101828231	+	12	11
ENSG00000144820.8	ADGRG7	protein_coding	chr3	100609601	100695479	+	20	20
ENSG00000144821.10	MYH15	protein_coding	chr3	108380368	108529322	-	41	41
ENSG00000144824.21	PHLDB2	protein_coding	chr3	111732497	111976517	+	78	59
ENSG00000144827.9	ABHD10	protein_coding	chr3	111979010	111993368	+	14	14
ENSG00000144834.14	TAGLN3	protein_coding	chr3	111998739	112013887	+	12	12
ENSG00000144837.9	PLA1A	protein_coding	chr3	119597875	119629811	+	15	15
ENSG00000144840.10	RABL3	protein_coding	chr3	120684938	120742993	-	24	23
ENSG00000144843.11	ADPRH	protein_coding	chr3	119579268	119589945	+	5	5
ENSG00000144847.13	IGSF11	protein_coding	chr3	118900557	119146068	-	45	45
ENSG00000144848.11	ATG3	protein_coding	chr3	112532510	112562046	-	17	17
ENSG00000144852.20	NR1I2	protein_coding	chr3	119780484	119818487	+	24	12
ENSG00000144857.14	BOC	protein_coding	chr3	113211003	113287459	+	41	37
ENSG00000144867.13	SRPRB	protein_coding	chr3	133784023	133825772	+	39	6
ENSG00000144868.14	TMEM108	protein_coding	chr3	133038391	133397775	+	54	53
ENSG00000144891.19	AGTR1	protein_coding	chr3	148697784	148743008	+	13	13
ENSG00000144893.12	MED12L	protein_coding	chr3	151085697	151437072	+	103	37
ENSG00000144895.12	EIF2A	protein_coding	chr3	150546678	150586016	+	24	0
ENSG00000144908.14	ALDH1L1	protein_coding	chr3	126103562	126197994	-	81	67
ENSG00000144909.8	OSBPL11	protein_coding	chr3	125528858	125595497	-	19	19
ENSG00000144935.15	TRPC1	protein_coding	chr3	142724034	142807888	+	16	16
ENSG00000144959.11	NCEH1	protein_coding	chr3	172630249	172711218	-	16	16
ENSG00000144962.7	SPATA16	protein_coding	chr3	172889357	173141235	-	28	28
ENSG00000145002.12	FAM86B2	protein_coding	chr8	12425614	12436343	-	1	1
ENSG00000145012.13	LPP	protein_coding	chr3	188153284	188890671	+	109	107
ENSG00000145014.18	TMEM44	protein_coding	chr3	194587673	194633689	-	43	25
ENSG00000145016.16	RUBCN	protein_coding	chr3	197668867	197749727	-	21	11
ENSG00000145020.16	AMT	protein_coding	chr3	49416778	49422685	-	8	0
ENSG00000145022.4	TCTA	protein_coding	chr3	49412206	49416475	+	4	4
ENSG00000145029.14	NICN1	protein_coding	chr3	49422333	49429326	-	4	0
ENSG00000145040.4	UCN2	protein_coding	chr3	48561718	48563781	-	3	3
ENSG00000145041.15	DCAF1	protein_coding	chr3	51395867	51500002	-	8	7
ENSG00000145050.19	MANF	protein_coding	chr3	51385291	51389397	+	4	4
ENSG00000145063.15	AC062028.1	lncRNA	chr2	11105317	11132821	-	3	3
ENSG00000145075.13	CCDC39	lncRNA	chr3	180614008	180870933	-	35	1
ENSG00000145087.13	STXBP5L	protein_coding	chr3	120908072	121424761	+	64	54
ENSG00000145088.9	EAF2	protein_coding	chr3	121835183	121886526	+	13	13
ENSG00000145103.15	ILDR1	protein_coding	chr3	121987323	122022247	-	8	8
ENSG00000145107.16	TM4SF19	protein_coding	chr3	196319342	196338503	-	13	0
ENSG00000145113.22	MUC4	protein_coding	chr3	195746765	195811973	-	76	76
ENSG00000145191.15	EIF2B5	protein_coding	chr3	184135038	184146127	+	7	6
ENSG00000145192.13	AHSG	protein_coding	chr3	186613060	186621318	+	5	0
ENSG00000145194.19	ECE2	protein_coding	chr3	184276011	184293031	+	11	0
ENSG00000145198.14	VWA5B2	protein_coding	chr3	184230429	184242329	+	13	13
ENSG00000145491.12	ROPN1L	protein_coding	chr5	10441524	10472029	+	8	8
ENSG00000145494.12	NDUFS6	protein_coding	chr5	1801407	1816048	+	6	6
ENSG00000145495.16	MARCHF6	protein_coding	chr5	10353695	10440388	+	22	22
ENSG00000145506.14	NKD2	protein_coding	chr5	1008802	1038943	+	18	18
ENSG00000145526.12	CDH18	protein_coding	chr5	19471296	20575873	-	112	108
ENSG00000145536.15	ADAMTS16	protein_coding	chr5	5140330	5320304	+	54	46
ENSG00000145545.12	SRD5A1	protein_coding	chr5	6633427	6674386	+	24	24
ENSG00000145555.15	MYO10	protein_coding	chr5	16661907	16936288	-	67	51
ENSG00000145569.6	OTULINL	protein_coding	chr5	14581792	14616180	+	12	12
ENSG00000145592.14	RPL37	protein_coding	chr5	40825262	40835222	-	15	15
ENSG00000145604.17	SKP2	protein_coding	chr5	36151989	36196849	+	44	41
ENSG00000145623.13	OSMR	protein_coding	chr5	38845858	38945596	+	35	30
ENSG00000145626.12	UGT3A1	protein_coding	chr5	35951006	36001028	-	34	34
ENSG00000145632.15	PLK2	protein_coding	chr5	58453982	58460139	-	27	27
ENSG00000145642.12	SHISAL2B	protein_coding	chr5	64690442	64718190	+	7	7
ENSG00000145649.8	GZMA	protein_coding	chr5	55102646	55110252	+	1	1
ENSG00000145675.15	PIK3R1	protein_coding	chr5	68215756	68301821	+	35	35
ENSG00000145681.11	HAPLN1	protein_coding	chr5	83637805	83720855	-	21	21
ENSG00000145685.14	LHFPL2	protein_coding	chr5	78485215	78770021	-	48	48
ENSG00000145687.16	SSBP2	protein_coding	chr5	81413021	81751797	-	49	49
ENSG00000145692.15	BHMT	protein_coding	chr5	79111809	79132288	+	7	0
ENSG00000145700.10	ANKRD31	protein_coding	chr5	75068275	75236911	-	32	32
ENSG00000145703.16	IQGAP2	protein_coding	chr5	76403285	76708132	+	85	65
ENSG00000145708.11	CRHBP	protein_coding	chr5	76953045	76981158	+	11	11
ENSG00000145715.15	RASA1	protein_coding	chr5	87267883	87391931	+	72	37
ENSG00000145721.12	LIX1	protein_coding	chr5	97091867	97142753	-	7	0
ENSG00000145723.17	GIN1	protein_coding	chr5	103086000	103120138	-	10	10
ENSG00000145725.20	PPIP5K2	protein_coding	chr5	103120149	103212799	+	33	33
ENSG00000145730.20	PAM	protein_coding	chr5	102753981	103031105	+	48	48
ENSG00000145734.19	BDP1	protein_coding	chr5	71455651	71567820	+	36	36
ENSG00000145740.19	SLC30A5	protein_coding	chr5	69093949	69131069	+	18	8
ENSG00000145741.16	BTF3	protein_coding	chr5	73498408	73505635	+	16	16
ENSG00000145743.17	FBXL17	protein_coding	chr5	107859035	108382098	-	73	73
ENSG00000145757.16	SPATA9	protein_coding	chr5	95652181	95698711	-	14	2
ENSG00000145777.15	TSLP	protein_coding	chr5	111070062	111078026	+	7	5
ENSG00000145779.8	TNFAIP8	protein_coding	chr5	119268692	119399688	+	44	44
ENSG00000145780.8	FEM1C	protein_coding	chr5	115520908	115544775	-	6	6
ENSG00000145781.9	COMMD10	protein_coding	chr5	116085016	116412762	+	53	51
ENSG00000145782.13	ATG12	protein_coding	chr5	115828200	115841837	-	18	18
ENSG00000145794.17	MEGF10	protein_coding	chr5	127290796	127465737	+	46	46
ENSG00000145808.10	ADAMTS19	protein_coding	chr5	129460281	129738683	+	35	4
ENSG00000145817.17	YIPF5	protein_coding	chr5	144158162	144170714	-	12	12
ENSG00000145819.18	ARHGAP26	protein_coding	chr5	142770377	143229011	+	77	76
ENSG00000145824.13	CXCL14	protein_coding	chr5	135570679	135579279	-	9	0
ENSG00000145826.9	LECT2	protein_coding	chr5	135922279	135954983	-	14	2
ENSG00000145832.14	SLC25A48	protein_coding	chr5	135579202	135889770	+	71	50
ENSG00000145833.16	DDX46	protein_coding	chr5	134758771	134855133	+	11	9
ENSG00000145839.2	IL9	protein_coding	chr5	135892246	135895841	-	2	2
ENSG00000145850.9	TIMD4	protein_coding	chr5	156919292	156963226	-	6	6
ENSG00000145860.12	RNF145	protein_coding	chr5	159157409	159210053	-	11	11
ENSG00000145861.9	C1QTNF2	protein_coding	chr5	160347754	160370641	-	6	6
ENSG00000145863.11	GABRA6	protein_coding	chr5	161547063	161702593	+	27	23
ENSG00000145864.14	GABRB2	protein_coding	chr5	161288429	161549044	-	50	48
ENSG00000145868.17	FBXO38	protein_coding	chr5	148383935	148442836	+	20	20
ENSG00000145879.11	SPINK7	protein_coding	chr5	148312419	148315922	+	9	0
ENSG00000145882.11	PCYOX1L	protein_coding	chr5	149358037	149369653	+	7	7
ENSG00000145888.11	GLRA1	protein_coding	chr5	151822513	151924851	-	16	14
ENSG00000145901.16	TNIP1	protein_coding	chr5	151029945	151093577	-	22	22
ENSG00000145907.16	G3BP1	protein_coding	chr5	151771045	151812911	+	31	28
ENSG00000145908.12	ZNF300	protein_coding	chr5	150894392	150904983	-	11	2
ENSG00000145911.6	N4BP3	protein_coding	chr5	178113532	178126081	+	16	16
ENSG00000145912.9	NHP2	protein_coding	chr5	178149463	178153894	-	2	1
ENSG00000145916.19	RMND5B	protein_coding	chr5	178130996	178150568	+	11	10
ENSG00000145919.11	BOD1	protein_coding	chr5	173607145	173616659	-	14	14
ENSG00000145920.15	CPLX2	protein_coding	chr5	175796310	175884021	+	30	30
ENSG00000145934.16	TENM2	protein_coding	chr5	167284799	168264157	+	109	85
ENSG00000145936.9	KCNMB1	protein_coding	chr5	170374671	170389634	-	26	0
ENSG00000146005.4	PSD2	protein_coding	chr5	139795808	139844466	+	14	14
ENSG00000146006.8	LRRTM2	protein_coding	chr5	138868921	138875368	-	5	0
ENSG00000146007.11	ZMAT2	protein_coding	chr5	140698680	140706686	+	3	3
ENSG00000146013.11	GFRA3	protein_coding	chr5	138252380	138274621	-	3	3
ENSG00000146021.15	KLHL3	protein_coding	chr5	137617500	137736089	-	39	39
ENSG00000146054.18	TRIM7	protein_coding	chr5	181193924	181205293	-	35	10
ENSG00000146063.20	TRIM41	protein_coding	chr5	181222499	181235808	+	28	16
ENSG00000146066.3	HIGD2A	protein_coding	chr5	176388751	176389761	+	3	0
ENSG00000146067.16	FAM193B	protein_coding	chr5	177519789	177554563	-	10	10
ENSG00000146083.12	RNF44	protein_coding	chr5	176526712	176538025	-	13	13
ENSG00000146090.16	RASGEF1C	protein_coding	chr5	180100795	180209211	-	30	30
ENSG00000146094.16	DOK3	protein_coding	chr5	177501904	177511274	-	15	11
ENSG00000146205.14	ANO7	protein_coding	chr2	241188509	241225377	+	28	28
ENSG00000146872.18	TLK2	protein_coding	chr17	62458658	62615481	+	20	19
ENSG00000147316.13	MCPH1	protein_coding	chr8	6406596	6648508	+	108	36
ENSG00000147324.11	MFHAS1	protein_coding	chr8	8783354	8893630	-	33	33
ENSG00000147364.17	FBXO25	protein_coding	chr8	406428	477967	+	54	54
ENSG00000147408.14	CSGALNACT1	protein_coding	chr8	19404161	19758029	-	66	56
ENSG00000147416.11	ATP6V1B2	protein_coding	chr8	20197381	20226819	+	20	20
ENSG00000147419.19	CCDC25	protein_coding	chr8	27733316	27772653	-	18	3
ENSG00000147421.18	HMBOX1	protein_coding	chr8	28890395	29064764	+	17	16
ENSG00000147432.7	CHRNB3	protein_coding	chr8	42697366	42737407	+	9	7
ENSG00000147434.9	CHRNA6	protein_coding	chr8	42752620	42796392	-	6	6
ENSG00000147437.10	GNRH1	protein_coding	chr8	25419258	25424654	-	3	3
ENSG00000147439.13	BIN3	protein_coding	chr8	22620418	22669148	-	28	24
ENSG00000147443.13	DOK2	protein_coding	chr8	21908873	21913690	-	1	1
ENSG00000147454.14	SLC25A37	protein_coding	chr8	23528956	23575463	+	29	29
ENSG00000147457.14	CHMP7	protein_coding	chr8	23243637	23262000	+	22	22
ENSG00000147459.18	DOCK5	protein_coding	chr8	25184689	25418082	+	79	79
ENSG00000147465.12	STAR	protein_coding	chr8	38142700	38150992	-	3	1
ENSG00000147471.12	PLPBP	protein_coding	chr8	37762595	37779768	+	2	2
ENSG00000147475.17	ERLIN2	protein_coding	chr8	37736601	37758422	+	3	3
ENSG00000147481.17	SNTG1	protein_coding	chr8	49909789	50796692	+	109	109
ENSG00000147485.13	PXDNL	protein_coding	chr8	51319577	51809445	-	78	74
ENSG00000147488.11	ST18	protein_coding	chr8	52110839	52460959	-	61	59
ENSG00000147509.14	RGS20	protein_coding	chr8	53851795	53959303	+	13	13
ENSG00000147526.20	TACC1	protein_coding	chr8	38728186	38853028	+	32	32
ENSG00000147533.17	GOLGA7	protein_coding	chr8	41490396	41510980	+	9	5
ENSG00000147535.17	PLPP5	protein_coding	chr8	38263130	38269243	-	3	0
ENSG00000147536.12	GINS4	protein_coding	chr8	41529218	41545030	+	16	0
ENSG00000147548.17	NSD3	protein_coding	chr8	38269704	38382272	-	17	12
ENSG00000147570.10	DNAJC5B	protein_coding	chr8	66021553	66101245	+	16	16
ENSG00000147571.5	CRH	protein_coding	chr8	66176376	66178464	-	1	1
ENSG00000147573.17	TRIM55	protein_coding	chr8	66126896	66175485	+	9	9
ENSG00000147576.17	ADHFE1	protein_coding	chr8	66432492	66468907	+	20	0
ENSG00000147586.10	MRPS28	protein_coding	chr8	79918717	80030289	-	10	0
ENSG00000147588.7	PMP2	protein_coding	chr8	81440326	81447439	-	9	0
ENSG00000147592.9	LACTB2	protein_coding	chr8	70635318	70669185	-	9	0
ENSG00000147596.4	PRDM14	protein_coding	chr8	70051651	70071693	-	13	13
ENSG00000147601.15	TERF1	protein_coding	chr8	73008856	73048123	+	25	25
ENSG00000147604.14	RPL7	protein_coding	chr8	73290242	73295789	-	8	8
ENSG00000147606.9	SLC26A7	protein_coding	chr8	91209494	91398155	+	29	28
ENSG00000147613.8	PSKH2	protein_coding	chr8	86047109	86088621	-	14	0
ENSG00000147614.4	ATP6V0D2	protein_coding	chr8	85987323	86154225	+	36	9
ENSG00000147642.17	SYBU	protein_coding	chr8	109573978	109691791	-	29	26
ENSG00000147647.13	DPYS	protein_coding	chr8	104330324	104467055	-	30	19
ENSG00000147649.10	MTDH	protein_coding	chr8	97644184	97730260	+	21	21
ENSG00000147650.12	LRP12	protein_coding	chr8	104489231	104589258	-	18	18
ENSG00000147654.15	EBAG9	protein_coding	chr8	109539711	109565996	+	6	6
ENSG00000147655.12	RSPO2	protein_coding	chr8	107899316	108083642	-	26	19
ENSG00000147669.11	POLR2K	protein_coding	chr8	100150623	100154003	+	5	5
ENSG00000147676.14	MAL2	protein_coding	chr8	119165034	119245673	+	21	17
ENSG00000147677.11	EIF3H	protein_coding	chr8	116642130	116766925	-	29	29
ENSG00000147679.12	UTP23	protein_coding	chr8	116766505	116849463	+	23	19
ENSG00000147684.10	NDUFB9	protein_coding	chr8	124539101	124580648	+	65	19
ENSG00000147687.19	TATDN1	protein_coding	chr8	124488485	124539458	-	18	15
ENSG00000147689.16	FAM83A	protein_coding	chr8	123178960	123210079	+	15	10
ENSG00000147697.9	GSDMC	protein_coding	chr8	129748196	129786624	-	14	14
ENSG00000147724.12	FAM135B	protein_coding	chr8	138130023	138497261	-	76	76
ENSG00000147789.15	ZNF7	protein_coding	chr8	144827464	144847509	+	37	21
ENSG00000147799.11	ARHGAP39	protein_coding	chr8	144529179	144605816	-	16	16
ENSG00000147804.10	SLC39A4	protein_coding	chr8	144409742	144416844	-	13	12
ENSG00000147813.16	NAPRT	protein_coding	chr8	143574785	143578649	-	13	5
ENSG00000147852.17	VLDLR	protein_coding	chr9	2621182	2660056	+	57	42
ENSG00000147853.17	AK3	protein_coding	chr9	4709556	4742043	-	24	21
ENSG00000147854.17	UHRF2	protein_coding	chr9	6413151	6507054	+	16	13
ENSG00000147862.17	NFIB	protein_coding	chr9	14081843	14398983	-	44	36
ENSG00000147869.5	CER1	protein_coding	chr9	14719724	14722733	-	6	6
ENSG00000147872.10	PLIN2	protein_coding	chr9	19108375	19149290	-	20	20
ENSG00000147873.5	IFNA5	protein_coding	chr9	21304326	21305312	-	1	1
ENSG00000147874.11	HAUS6	protein_coding	chr9	19053141	19102904	-	29	28
ENSG00000147883.12	CDKN2B	protein_coding	chr9	22002903	22009305	-	10	0
ENSG00000147885.4	IFNA16	protein_coding	chr9	21216373	21217311	-	1	1
ENSG00000147889.18	CDKN2A	protein_coding	chr9	21967752	21995301	-	38	0
ENSG00000147894.17	C9orf72	protein_coding	chr9	27535640	27573866	-	25	23
ENSG00000147896.4	IFNK	protein_coding	chr9	27524290	27526498	+	6	0
ENSG00000147905.18	ZCCHC7	protein_coding	chr9	37120574	37358149	+	32	32
ENSG00000147912.13	FBXO10	protein_coding	chr9	37510892	37576380	-	22	0
ENSG00000147955.18	SIGMAR1	protein_coding	chr9	34634722	34637844	-	3	3
ENSG00000147996.16	CBWD5	protein_coding	chr9	65668805	65734041	+	7	7
ENSG00000148019.14	CEP78	protein_coding	chr9	78236062	78279690	+	17	17
ENSG00000148053.17	NTRK2	protein_coding	chr9	84668551	85027054	+	60	60
ENSG00000148057.16	IDNK	protein_coding	chr9	83623049	83644130	+	8	8
ENSG00000148082.10	SHC3	protein_coding	chr9	89005771	89178818	-	40	39
ENSG00000148090.12	AUH	protein_coding	chr9	91213815	91361918	-	17	17
ENSG00000148110.16	MFSD14B	protein_coding	chr9	94374569	94461042	+	14	14
ENSG00000148120.17	AOPEP	protein_coding	chr9	94726604	95087159	+	51	45
ENSG00000148123.15	PLPPR1	protein_coding	chr9	101028727	101325135	+	37	37
ENSG00000148143.13	ZNF462	protein_coding	chr9	106863166	107013634	+	18	14
ENSG00000148153.14	INIP	protein_coding	chr9	112683926	112718149	-	13	13
ENSG00000148154.10	UGCG	protein_coding	chr9	111896814	111935369	+	12	12
ENSG00000148156.8	ACTL7B	protein_coding	chr9	108854588	108855986	-	5	5
ENSG00000148158.17	SNX30	protein_coding	chr9	112750760	112881671	+	42	37
ENSG00000148175.13	STOM	protein_coding	chr9	121338987	121370304	-	12	12
ENSG00000148180.21	GSN	protein_coding	chr9	121207794	121332843	+	49	45
ENSG00000148187.18	MRRF	protein_coding	chr9	122264603	122331337	+	2	2
ENSG00000148200.17	NR6A1	protein_coding	chr9	124517275	124771311	-	28	24
ENSG00000148204.12	CRB2	protein_coding	chr9	123356170	123380324	+	26	25
ENSG00000148218.16	ALAD	protein_coding	chr9	113386312	113401290	-	16	16
ENSG00000148219.18	ASTN2	protein_coding	chr9	116423112	117415070	-	130	112
ENSG00000148225.16	WDR31	protein_coding	chr9	113313222	113340298	-	23	23
ENSG00000148229.13	POLE3	protein_coding	chr9	113407235	113410675	-	1	1
ENSG00000148248.14	SURF4	protein_coding	chr9	133361450	133376166	-	6	6
ENSG00000148288.13	GBGT1	protein_coding	chr9	133152948	133163933	-	9	0
ENSG00000148290.10	SURF1	protein_coding	chr9	133351758	133356676	-	4	4
ENSG00000148291.10	SURF2	protein_coding	chr9	133356550	133361158	+	4	4
ENSG00000148296.7	SURF6	protein_coding	chr9	133328776	133336188	-	15	15
ENSG00000148297.16	MED22	protein_coding	chr9	133338312	133348131	-	12	12
ENSG00000148300.12	REXO4	protein_coding	chr9	133406059	133418096	-	14	12
ENSG00000148303.17	RPL7A	protein_coding	chr9	133348218	133351426	+	4	4
ENSG00000148308.18	GTF3C5	protein_coding	chr9	133030675	133058503	+	6	6
ENSG00000148331.12	ASB6	protein_coding	chr9	129634604	129642169	-	12	7
ENSG00000148334.16	PTGES2	protein_coding	chr9	128120693	128128462	-	11	11
ENSG00000148335.15	NTMT1	protein_coding	chr9	129608884	129636135	+	26	9
ENSG00000148337.21	CIZ1	protein_coding	chr9	128161251	128204383	-	33	13
ENSG00000148339.12	SLC25A25	protein_coding	chr9	128068201	128109245	+	14	10
ENSG00000148341.18	SH3GLB2	protein_coding	chr9	129007036	129028331	-	7	7
ENSG00000148343.18	MIGA2	protein_coding	chr9	129036621	129072082	+	10	10
ENSG00000148344.11	PTGES	protein_coding	chr9	129738331	129753042	-	8	8
ENSG00000148346.12	LCN2	protein_coding	chr9	128149071	128153453	+	3	3
ENSG00000148356.15	LRSAM1	protein_coding	chr9	127451489	127503499	+	31	31
ENSG00000148357.16	HMCN2	protein_coding	chr9	130265882	130434123	+	96	96
ENSG00000148358.20	GPR107	protein_coding	chr9	130053426	130140169	+	34	34
ENSG00000148362.11	PAXX	protein_coding	chr9	136992422	136993984	+	1	1
ENSG00000148384.14	INPP5E	protein_coding	chr9	136428619	136439845	-	24	24
ENSG00000148386.9	LCN9	protein_coding	chr9	135663322	135666422	+	3	3
ENSG00000148396.18	SEC16A	protein_coding	chr9	136440096	136483759	-	21	21
ENSG00000148399.13	DPH7	protein_coding	chr9	137554444	137578925	-	6	6
ENSG00000148400.13	NOTCH1	protein_coding	chr9	136494433	136546048	-	46	46
ENSG00000148408.13	CACNA1B	protein_coding	chr9	137877782	138124624	+	53	50
ENSG00000148411.8	NACC2	protein_coding	chr9	136006537	136095289	-	39	39
ENSG00000150540.14	HNMT	protein_coding	chr2	137964020	138016364	+	16	16
ENSG00000150551.11	LYPD1	protein_coding	chr2	132643286	132671579	-	13	4
ENSG00000150556.17	LYPD6B	protein_coding	chr2	149038107	149215262	+	32	31
ENSG00000150712.11	MTMR12	protein_coding	chr5	32226994	32312987	-	17	17
ENSG00000150722.10	PPP1R1C	protein_coding	chr2	181954241	182131398	+	40	40
ENSG00000150753.12	CCT5	protein_coding	chr5	10249929	10266389	+	32	24
ENSG00000150756.14	ATPSCKMT	protein_coding	chr5	10225507	10249897	-	18	18
ENSG00000150873.12	C2orf50	protein_coding	chr2	11133128	11151317	+	50	50
ENSG00000150938.10	CRIM1	protein_coding	chr2	36355778	36551135	+	36	28
ENSG00000150995.20	ITPR1	protein_coding	chr3	4493345	4847840	+	122	106
ENSG00000151090.20	THRB	protein_coding	chr3	24117153	24495756	-	52	50
ENSG00000151092.18	NGLY1	protein_coding	chr3	25718944	25790039	-	18	17
ENSG00000151093.8	OXSM	protein_coding	chr3	25782917	25794534	+	4	3
ENSG00000151276.23	MAGI1	protein_coding	chr3	65353525	66038834	-	77	69
ENSG00000151292.17	CSNK1G3	protein_coding	chr5	123512099	123617045	+	14	14
ENSG00000151304.6	SRFBP1	protein_coding	chr5	121961975	122075570	+	12	8
ENSG00000151353.15	TMEM18	protein_coding	chr2	663877	677406	-	17	15
ENSG00000151360.10	ALLC	protein_coding	chr2	3658200	3702671	+	14	14
ENSG00000151379.4	MSGN1	protein_coding	chr2	17816460	17817798	+	2	2
ENSG00000151388.11	ADAMTS12	protein_coding	chr5	33523535	33892019	-	71	71
ENSG00000151422.13	FER	protein_coding	chr5	108747841	109196841	+	73	69
ENSG00000151576.10	QTRT2	protein_coding	chr3	114005833	114088422	+	27	21
ENSG00000151577.13	DRD3	protein_coding	chr3	114127580	114199407	-	15	15
ENSG00000151665.13	PIGF	protein_coding	chr2	46580937	46617055	-	13	10
ENSG00000151687.14	ANKAR	protein_coding	chr2	189674290	189761193	+	13	10
ENSG00000151689.13	INPP1	protein_coding	chr2	190343570	190371665	+	22	19
ENSG00000151690.15	MFSD6	protein_coding	chr2	190408355	190509205	+	29	20
ENSG00000151692.15	RNF144A	protein_coding	chr2	6917412	7068286	+	37	33
ENSG00000151693.11	ASAP2	protein_coding	chr2	9206765	9405683	+	45	42
ENSG00000151694.14	ADAM17	protein_coding	chr2	9488486	9556732	-	42	29
ENSG00000151779.13	NBAS	protein_coding	chr2	15166914	15561334	-	68	68
ENSG00000151789.12	ZNF385D	protein_coding	chr3	21412218	22373321	-	141	134
ENSG00000151876.13	FBXO4	protein_coding	chr5	41925254	41941743	+	4	4
ENSG00000151881.15	TMEM267	protein_coding	chr5	43444252	43483893	-	3	3
ENSG00000151882.11	CCL28	protein_coding	chr5	43376645	43412391	-	7	7
ENSG00000151883.19	PARP8	protein_coding	chr5	50665899	50846519	+	33	33
ENSG00000151967.18	SCHIP1	protein_coding	chr3	159839861	159897360	+	13	0
ENSG00000152049.6	KCNE4	protein_coding	chr2	223051814	223198399	+	19	19
ENSG00000152056.17	AP1S3	protein_coding	chr2	223751686	223838027	-	27	14
ENSG00000152076.19	CCDC74B	protein_coding	chr2	130139287	130145134	-	7	7
ENSG00000152082.15	MZT2B	protein_coding	chr2	130181737	130190729	+	2	0
ENSG00000152086.9	TUBA3E	protein_coding	chr2	130191745	130198439	-	14	14
ENSG00000152102.18	FAM168B	protein_coding	chr2	131047876	131093460	-	6	6
ENSG00000152117.17	SMPD4BP	transcribed_processed_pseudogene	chr2	131492813	131521573	+	2	2
ENSG00000152127.9	MGAT5	protein_coding	chr2	134119983	134454621	+	61	61
ENSG00000152128.13	TMEM163	protein_coding	chr2	134455759	134719000	-	57	56
ENSG00000152133.16	GPATCH11	protein_coding	chr2	37084451	37099244	+	8	8
ENSG00000152147.11	GEMIN6	protein_coding	chr2	38751534	38785002	+	11	11
ENSG00000152154.11	TMEM178A	protein_coding	chr2	39664982	39717963	+	10	8
ENSG00000152253.9	SPC25	protein_coding	chr2	168834132	168913371	-	33	5
ENSG00000152254.11	G6PC2	protein_coding	chr2	168901291	168910000	+	8	0
ENSG00000152256.14	PDK1	protein_coding	chr2	172555373	172608669	+	44	41
ENSG00000152284.5	TCF7L1	protein_coding	chr2	85133392	85310387	+	26	26
ENSG00000152291.14	TGOLN2	protein_coding	chr2	85318020	85328296	-	23	23
ENSG00000152292.17	SH2D6	protein_coding	chr2	85418931	85437029	+	14	10
ENSG00000152348.16	ATG10	protein_coding	chr5	81972023	82276857	+	55	43
ENSG00000152359.15	POC5	protein_coding	chr5	75674124	75717448	-	37	30
ENSG00000152377.14	SPOCK1	protein_coding	chr5	136975298	137598379	-	72	72
ENSG00000152380.10	FAM151B	protein_coding	chr5	80487969	80542563	+	8	8
ENSG00000152409.9	JMY	protein_coding	chr5	79236131	79327211	+	23	23
ENSG00000152413.15	HOMER1	protein_coding	chr5	79372636	79514134	-	20	20
ENSG00000152422.16	XRCC4	protein_coding	chr5	83077498	83353787	+	31	31
ENSG00000152430.18	BOLL	protein_coding	chr2	197726879	197786762	-	12	4
ENSG00000152492.15	CCDC50	protein_coding	chr3	191329085	191398659	+	44	41
ENSG00000152495.11	CAMK4	protein_coding	chr5	111223653	111494886	+	41	38
ENSG00000152503.10	TRIM36	protein_coding	chr5	115124762	115180546	-	16	16
ENSG00000152518.8	ZFP36L2	protein_coding	chr2	43222402	43226606	-	4	3
ENSG00000152527.14	PLEKHH2	protein_coding	chr2	43637260	43767987	+	57	52
ENSG00000152580.8	IGSF10	protein_coding	chr3	151425384	151458709	-	23	11
ENSG00000152582.14	SPEF2	protein_coding	chr5	35617844	35814611	+	86	17
ENSG00000152601.17	MBNL1	protein_coding	chr3	152243828	152465780	+	26	18
ENSG00000152611.12	CAPSL	protein_coding	chr5	35904288	35938779	-	8	8
ENSG00000152620.13	NADK2	protein_coding	chr5	36192589	36242279	-	23	20
ENSG00000152642.11	GPD1L	protein_coding	chr3	32105689	32168709	+	29	29
ENSG00000152669.9	CCNO	protein_coding	chr5	55231152	55233608	-	2	2
ENSG00000152670.19	DDX4	protein_coding	chr5	55738017	55817157	+	19	10
ENSG00000152672.8	CLEC4F	protein_coding	chr2	70808643	70820599	-	3	3
ENSG00000152683.14	SLC30A6	protein_coding	chr2	32165841	32224379	+	12	12
ENSG00000152684.11	PELO	protein_coding	chr5	52787916	52804044	+	13	0
ENSG00000152689.18	RASGRP3	protein_coding	chr2	33436324	33564750	+	64	56
ENSG00000152700.14	SAR1B	protein_coding	chr5	134601149	134649271	-	8	7
ENSG00000152705.8	CATSPER3	protein_coding	chr5	134967907	135011696	+	16	10
ENSG00000152931.9	PART1	lncRNA	chr5	60487713	60548813	+	7	2
ENSG00000152932.8	RAB3C	protein_coding	chr5	58582221	58859394	+	55	24
ENSG00000152939.17	MARVELD2	protein_coding	chr5	69415065	69444330	+	5	5
ENSG00000152942.19	RAD17	protein_coding	chr5	69369293	69414801	+	12	10
ENSG00000152952.12	PLOD2	protein_coding	chr3	146069440	146163653	-	34	12
ENSG00000152977.10	ZIC1	protein_coding	chr3	147393422	147510293	+	17	12
ENSG00000153002.12	CPB1	protein_coding	chr3	148791102	148860187	+	27	19
ENSG00000153006.16	SREK1IP1	protein_coding	chr5	64718148	64768691	-	28	28
ENSG00000153015.16	CWC27	protein_coding	chr5	64768930	65018750	+	32	32
ENSG00000153037.15	SRP19	protein_coding	chr5	112861188	112898371	+	61	14
ENSG00000153044.10	CENPH	protein_coding	chr5	69189574	69210357	+	5	5
ENSG00000153071.15	DAB2	protein_coding	chr5	39371675	39462300	-	25	5
ENSG00000153086.14	ACMSD	protein_coding	chr2	134838616	134902034	+	11	0
ENSG00000153093.20	ACOXL	protein_coding	chr2	110732539	111120610	+	62	32
ENSG00000153094.24	BCL2L11	protein_coding	chr2	111119378	111168445	+	24	0
ENSG00000153107.13	ANAPC1	protein_coding	chr2	111611639	111884690	-	34	23
ENSG00000153113.24	CAST	protein_coding	chr5	96525267	96779595	+	106	41
ENSG00000153140.9	CETN3	protein_coding	chr5	90392257	90409766	-	4	4
ENSG00000153165.19	RGPD3	protein_coding	chr2	106391290	106468413	-	10	10
ENSG00000153201.16	RANBP2	protein_coding	chr2	108719482	108785809	+	16	16
ENSG00000153208.17	MERTK	protein_coding	chr2	111898607	112029561	+	51	51
ENSG00000153214.11	TMEM87B	protein_coding	chr2	112055269	112119318	+	21	20
ENSG00000153234.15	NR4A2	protein_coding	chr2	156324437	156342348	-	4	4
ENSG00000153237.18	CCDC148	protein_coding	chr2	158171073	158456753	-	40	31
ENSG00000153246.13	PLA2R1	protein_coding	chr2	159932006	160062615	-	52	52
ENSG00000153250.20	RBMS1	protein_coding	chr2	160272151	160493807	-	36	36
ENSG00000153253.19	SCN3A	protein_coding	chr2	165087526	165204050	-	24	0
ENSG00000153283.13	CD96	protein_coding	chr3	111292719	111665750	+	46	40
ENSG00000153310.19	CYRIB	protein_coding	chr8	129839593	130017129	-	24	17
ENSG00000153317.15	ASAP1	protein_coding	chr8	130052104	130443674	-	54	53
ENSG00000153347.10	FAM81B	protein_coding	chr5	95391366	95450454	+	18	18
ENSG00000153395.10	LPCAT1	protein_coding	chr5	1456480	1523962	-	36	36
ENSG00000153404.14	PLEKHG4B	protein_coding	chr5	92151	189972	+	78	78
ENSG00000153551.14	CMTM7	protein_coding	chr3	32391698	32483067	+	20	16
ENSG00000153558.16	FBXL2	protein_coding	chr3	33277025	33403662	+	46	29
ENSG00000153560.12	UBP1	protein_coding	chr3	33388336	33441371	-	26	9
ENSG00000153561.13	RMND5A	protein_coding	chr2	86720291	86778041	+	13	12
ENSG00000153563.16	CD8A	protein_coding	chr2	86784610	86808396	-	9	9
ENSG00000153574.9	RPIA	protein_coding	chr2	88691673	88750929	+	7	7
ENSG00000153707.17	PTPRD	protein_coding	chr9	8314246	10612723	-	253	249
ENSG00000153714.6	LURAP1L	protein_coding	chr9	12775020	12823060	+	18	5
ENSG00000153767.10	GTF2E1	protein_coding	chr3	120742637	120783069	+	9	8
ENSG00000153820.13	SPHKAP	protein_coding	chr2	227979955	228181687	-	29	29
ENSG00000153822.14	KCNJ16	protein_coding	chr17	70053429	70135608	+	26	9
ENSG00000153823.19	PID1	protein_coding	chr2	228850526	229271287	-	50	50
ENSG00000153827.14	TRIP12	protein_coding	chr2	229763837	229923239	-	28	27
ENSG00000153832.12	FBXO36	protein_coding	chr2	229922302	230013119	+	11	9
ENSG00000153914.16	SREK1	protein_coding	chr5	66139971	66183615	+	24	23
ENSG00000153922.11	CHD1	protein_coding	chr5	98853985	98929007	-	27	27
ENSG00000153930.12	ANKFN1	protein_coding	chr17	55882301	56511659	+	79	79
ENSG00000153933.10	DGKE	protein_coding	chr17	56834107	56869567	+	30	0
ENSG00000153944.12	MSI2	protein_coding	chr17	57255851	57684689	+	94	92
ENSG00000153976.3	HS3ST3A1	protein_coding	chr17	13494032	13601929	-	26	26
ENSG00000153982.11	GDPD1	protein_coding	chr17	59220467	59275970	+	13	13
ENSG00000154016.14	GRAP	protein_coding	chr17	19020656	19047011	-	3	0
ENSG00000154025.16	SLC5A10	protein_coding	chr17	18950345	19022595	+	42	18
ENSG00000154122.14	ANKH	protein_coding	chr5	14704800	14871778	-	42	40
ENSG00000154124.5	OTULIN	protein_coding	chr5	14664664	14699850	+	12	12
ENSG00000154153.14	RETREG1	protein_coding	chr5	16473038	16617038	-	26	23
ENSG00000154162.15	CDH12	protein_coding	chr5	21750673	22853344	-	113	102
ENSG00000154165.5	GPR15	protein_coding	chr3	98531978	98534681	+	6	0
ENSG00000154174.8	TOMM70	protein_coding	chr3	100363431	100401089	-	15	15
ENSG00000154175.18	ABI3BP	protein_coding	chr3	100749156	100993515	-	68	68
ENSG00000154188.10	ANGPT1	protein_coding	chr8	107249482	107498055	-	32	32
ENSG00000154217.15	PITPNC1	protein_coding	chr17	67377281	67697261	+	44	44
ENSG00000154229.12	PRKCA	protein_coding	chr17	66302613	66810743	+	78	77
ENSG00000154240.17	CEP112	protein_coding	chr17	65635537	66192133	-	68	67
ENSG00000154252.12	GAL3ST2	protein_coding	chr2	241776822	241804287	+	5	5
ENSG00000154258.17	ABCA9	protein_coding	chr17	68974488	69060949	-	29	3
ENSG00000154262.13	ABCA6	protein_coding	chr17	69078702	69141895	-	31	31
ENSG00000154263.17	ABCA10	protein_coding	chr17	69147214	69244846	-	45	45
ENSG00000154265.16	ABCA5	protein_coding	chr17	69244311	69327244	-	31	31
ENSG00000154310.17	TNIK	protein_coding	chr3	171058414	171460408	-	68	67
ENSG00000154316.16	TDH	transcribed_unitary_pseudogene	chr8	11339637	11368452	+	3	2
ENSG00000154319.16	FAM167A	protein_coding	chr8	11421476	11475908	-	37	26
ENSG00000154328.16	NEIL2	protein_coding	chr8	11769639	11787345	+	20	20
ENSG00000154330.13	PGM5	protein_coding	chr9	68328308	68531061	+	42	35
ENSG00000154359.13	LONRF1	protein_coding	chr8	12721906	12756073	-	13	13
ENSG00000154479.13	CCDC173	protein_coding	chr2	169645425	169694405	-	11	11
ENSG00000154518.10	ATP5MC3	protein_coding	chr2	175176258	175181710	-	10	10
ENSG00000154529.15	CNTNAP3B	protein_coding	chr9	41890314	42129510	-	26	26
ENSG00000154582.17	ELOC	protein_coding	chr8	73939169	73972287	-	16	16
ENSG00000154589.7	LY96	protein_coding	chr8	73991392	74029079	+	4	4
ENSG00000154743.19	TSEN2	protein_coding	chr3	12484421	12541549	+	38	17
ENSG00000154760.14	SLFN13	protein_coding	chr17	35435096	35448837	-	26	26
ENSG00000154764.6	WNT7A	protein_coding	chr3	13816258	13880071	-	27	27
ENSG00000154767.15	XPC	protein_coding	chr3	14145147	14178621	-	20	6
ENSG00000154781.16	CCDC174	protein_coding	chr3	14651746	14672659	+	10	10
ENSG00000154783.12	FGD5	protein_coding	chr3	14810853	14934571	+	32	26
ENSG00000154803.13	FLCN	protein_coding	chr17	17212212	17237188	-	42	0
ENSG00000154813.10	DPH3	protein_coding	chr3	16257061	16264969	-	17	17
ENSG00000154814.14	OXNAD1	protein_coding	chr3	16265160	16350299	+	33	15
ENSG00000154822.18	PLCL2	protein_coding	chr3	16802651	17090604	+	35	35
ENSG00000154874.15	CCDC144B	transcribed_unprocessed_pseudogene	chr17	18537800	18625617	-	6	6
ENSG00000154898.15	CCDC144CP	transcribed_processed_pseudogene	chr17	20321164	20403557	+	6	6
ENSG00000154914.17	USP43	protein_coding	chr17	9644698	9729687	+	16	16
ENSG00000154917.11	RAB6B	protein_coding	chr3	133824235	133895882	-	21	17
ENSG00000154920.15	EME1	protein_coding	chr17	50373220	50381483	+	9	1
ENSG00000154928.18	EPHB1	protein_coding	chr3	134597801	135260467	+	102	51
ENSG00000154945.7	ANKRD40	protein_coding	chr17	50693198	50707914	-	8	6
ENSG00000154957.14	ZNF18	protein_coding	chr17	11977439	11997475	-	7	7
ENSG00000154975.14	CA10	protein_coding	chr17	51630313	52160017	-	59	59
ENSG00000155052.14	CNTNAP5	protein_coding	chr2	124025287	124915287	+	85	85
ENSG00000155066.16	PROM2	protein_coding	chr2	95274449	95291308	+	6	6
ENSG00000155087.4	ODF1	protein_coding	chr8	102551589	102561018	+	10	10
ENSG00000155090.15	KLF10	protein_coding	chr8	102648784	102655725	-	4	4
ENSG00000155096.14	AZIN1	protein_coding	chr8	102826308	102893864	-	24	20
ENSG00000155097.12	ATP6V1C1	protein_coding	chr8	103021063	103073051	+	22	20
ENSG00000155099.8	PIP4P2	protein_coding	chr8	90993802	91040872	-	6	6
ENSG00000155100.11	OTUD6B	protein_coding	chr8	91070196	91087095	+	4	3
ENSG00000155158.20	TTC39B	protein_coding	chr9	15163622	15307360	-	42	42
ENSG00000155189.12	AGPAT5	protein_coding	chr8	6708642	6761503	+	25	25
ENSG00000155324.10	GRAMD2B	protein_coding	chr5	126360132	126496494	+	24	0
ENSG00000155329.12	ZCCHC10	protein_coding	chr5	132996985	133026604	-	5	5
ENSG00000155368.16	DBI	protein_coding	chr2	119366921	119372560	+	10	10
ENSG00000155438.12	NIFK	protein_coding	chr2	121726945	121736911	-	9	5
ENSG00000155506.18	LARP1	protein_coding	chr5	154712843	154817605	+	19	19
ENSG00000155508.14	CNOT8	protein_coding	chr5	154857553	154876792	+	3	3
ENSG00000155511.18	GRIA1	protein_coding	chr5	153489615	153813869	+	42	42
ENSG00000155542.12	SETD9	protein_coding	chr5	56909260	56925532	+	19	6
ENSG00000155545.20	MIER3	protein_coding	chr5	56919602	56971675	-	20	10
ENSG00000155621.15	C9orf85	protein_coding	chr9	71911510	71986054	+	13	13
ENSG00000155636.15	RBM45	protein_coding	chr2	178112424	178139011	+	14	14
ENSG00000155657.28	TTN	protein_coding	chr2	178525989	178830802	-	171	18
ENSG00000155729.13	KCTD18	protein_coding	chr2	200488958	200519784	-	11	9
ENSG00000155744.9	FAM126B	protein_coding	chr2	200973718	201071671	-	11	7
ENSG00000155749.13	FLACC1	protein_coding	chr2	201288271	201357398	-	17	17
ENSG00000155754.15	C2CD6	protein_coding	chr2	201487421	201619178	-	23	22
ENSG00000155755.19	TMEM237	protein_coding	chr2	201620184	201643570	-	16	16
ENSG00000155760.3	FZD7	protein_coding	chr2	202033855	202038441	+	5	5
ENSG00000155792.10	DEPTOR	protein_coding	chr8	119873717	120050918	+	30	29
ENSG00000155827.12	RNF20	protein_coding	chr9	101533853	101563344	+	9	9
ENSG00000155833.15	CYLC2	protein_coding	chr9	102995311	103018488	+	22	22
ENSG00000155846.17	PPARGC1B	protein_coding	chr5	149730298	149855022	+	52	52
ENSG00000155850.8	SLC26A2	protein_coding	chr5	149960758	149993455	+	9	9
ENSG00000155858.6	LSM11	protein_coding	chr5	157743712	157760709	+	10	10
ENSG00000155868.8	MED7	protein_coding	chr5	157137424	157159019	-	7	0
ENSG00000155875.15	SAXO1	protein_coding	chr9	18858906	19049358	-	74	32
ENSG00000155876.6	RRAGA	protein_coding	chr9	19049427	19051025	+	2	2
ENSG00000155886.11	SLC24A2	protein_coding	chr9	19507452	19786928	-	62	62
ENSG00000155890.4	TRIM42	protein_coding	chr3	140678064	140701150	+	6	6
ENSG00000155893.13	PXYLP1	protein_coding	chr3	141228726	141367753	+	52	10
ENSG00000155897.10	ADCY8	protein_coding	chr8	130780301	131040909	-	39	38
ENSG00000155903.13	RASA2	protein_coding	chr3	141487027	141615344	+	20	19
ENSG00000155926.14	SLA	protein_coding	chr8	133036728	133102912	-	42	0
ENSG00000155970.12	MICU3	protein_coding	chr8	17027238	17122642	+	21	21
ENSG00000155975.10	VPS37A	protein_coding	chr8	17246931	17302427	+	36	18
ENSG00000156006.5	NAT2	protein_coding	chr8	18391282	18401218	+	6	6
ENSG00000156011.17	PSD3	protein_coding	chr8	18527303	19084730	-	110	105
ENSG00000156017.13	CARNMT1	protein_coding	chr9	74980790	75028423	-	7	3
ENSG00000156049.7	GNA14	protein_coding	chr9	77423079	77648322	-	29	22
ENSG00000156052.11	GNAQ	protein_coding	chr9	77716097	78031811	-	36	36
ENSG00000156103.16	MMP16	protein_coding	chr8	88032011	88328025	-	39	37
ENSG00000156162.16	DPY19L4	protein_coding	chr8	94719703	94793836	+	20	16
ENSG00000156170.13	NDUFAF6	protein_coding	chr8	94895767	95116455	+	54	32
ENSG00000156172.6	C8orf37	protein_coding	chr8	95244913	95269201	-	6	0
ENSG00000156345.18	CDK20	protein_coding	chr9	87966441	87974753	-	15	15
ENSG00000156427.8	FGF18	protein_coding	chr5	171419647	171457626	+	4	3
ENSG00000156453.14	PCDH1	protein_coding	chr5	141853090	141879246	-	9	9
ENSG00000156463.18	SH3RF2	protein_coding	chr5	145936578	146081791	+	25	24
ENSG00000156466.10	GDF6	protein_coding	chr8	96142333	96160806	-	7	7
ENSG00000156467.10	UQCRB	protein_coding	chr8	96222947	96235546	-	18	18
ENSG00000156469.9	MTERF3	protein_coding	chr8	96239398	96261610	-	9	9
ENSG00000156471.13	PTDSS1	protein_coding	chr8	96261902	96336995	+	26	26
ENSG00000156475.19	PPP2R2B	protein_coding	chr5	146580742	147084784	-	59	50
ENSG00000156482.11	RPL30	protein_coding	chr8	98024851	98046469	-	20	4
ENSG00000156486.8	KCNS2	protein_coding	chr8	98426958	98432853	+	4	0
ENSG00000156509.14	FBXO43	protein_coding	chr8	100133351	100145817	-	11	11
ENSG00000156675.16	RAB11FIP1	protein_coding	chr8	37858618	37899497	-	12	10
ENSG00000156687.11	UNC5D	protein_coding	chr8	35235475	35796550	+	70	68
ENSG00000156735.11	BAG4	protein_coding	chr8	38176533	38213301	+	7	7
ENSG00000156787.17	TBC1D31	protein_coding	chr8	123041968	123152153	+	35	35
ENSG00000156795.8	NTAQ1	protein_coding	chr8	123416726	123470028	+	31	31
ENSG00000156802.13	ATAD2	protein_coding	chr8	123319850	123416350	-	11	10
ENSG00000156804.7	FBXO32	protein_coding	chr8	123497889	123541206	-	22	22
ENSG00000156831.8	NSMCE2	protein_coding	chr8	125091679	125367120	+	26	26
ENSG00000156931.16	VPS8	protein_coding	chr3	184812143	185052614	+	51	51
ENSG00000156959.9	LHFPL4	protein_coding	chr3	9498361	9553822	-	12	12
ENSG00000156966.7	B3GNT7	protein_coding	chr2	231395710	231401164	+	7	7
ENSG00000156973.14	PDE6D	protein_coding	chr2	231732433	231786272	-	8	8
ENSG00000156976.17	EIF4A2	protein_coding	chr3	186783205	186789897	+	7	4
ENSG00000156983.16	BRPF1	protein_coding	chr3	9731729	9748015	+	6	6
ENSG00000156990.14	RPUSD3	protein_coding	chr3	9837849	9844602	-	8	0
ENSG00000157005.4	SST	protein_coding	chr3	187668912	187670394	-	3	3
ENSG00000157014.11	TATDN2	protein_coding	chr3	10248023	10281218	+	22	6
ENSG00000157017.16	GHRL	protein_coding	chr3	10285666	10292947	-	8	0
ENSG00000157020.18	SEC13	protein_coding	chr3	10293131	10321112	-	15	14
ENSG00000157036.13	EXOG	protein_coding	chr3	38496127	38542161	+	20	19
ENSG00000157087.20	ATP2B2	protein_coding	chr3	10324023	10708007	-	62	61
ENSG00000157093.9	LYZL4	protein_coding	chr3	42397083	42410610	-	5	5
ENSG00000157103.12	SLC6A1	protein_coding	chr3	10992186	11039247	+	61	43
ENSG00000157107.14	FCHO2	protein_coding	chr5	72956041	73090522	+	24	24
ENSG00000157110.16	RBPMS	protein_coding	chr8	30384511	30572256	+	36	34
ENSG00000157111.13	TMEM171	protein_coding	chr5	73120569	73131809	+	5	5
ENSG00000157119.12	KLHL40	protein_coding	chr3	42685537	42692544	+	5	5
ENSG00000157150.5	TIMP4	protein_coding	chr3	12153068	12158912	-	2	0
ENSG00000157152.17	SYN2	protein_coding	chr3	12004388	12192032	+	25	23
ENSG00000157168.20	NRG1	protein_coding	chr8	31639222	32855666	+	168	156
ENSG00000157303.11	SUSD3	protein_coding	chr9	93058688	93085133	+	10	10
ENSG00000157388.19	CACNA1D	protein_coding	chr3	53328963	53813733	+	87	79
ENSG00000157445.15	CACNA2D3	protein_coding	chr3	54122547	55074557	+	121	99
ENSG00000157500.12	APPL1	protein_coding	chr3	57227726	57278105	+	24	13
ENSG00000157510.14	AFAP1L1	protein_coding	chr5	149271859	149343637	+	14	6
ENSG00000157637.13	SLC38A10	protein_coding	chr17	81244811	81295547	-	40	35
ENSG00000157653.12	C9orf43	protein_coding	chr9	113410054	113429690	+	3	3
ENSG00000157654.19	PALM2AKAP2	protein_coding	chr9	109498325	110172512	+	101	100
ENSG00000157657.14	ZNF618	protein_coding	chr9	113876282	114056591	+	45	45
ENSG00000157693.15	TMEM268	protein_coding	chr9	114611206	114646422	+	25	25
ENSG00000157827.20	FMNL2	protein_coding	chr2	152335174	152649826	+	53	52
ENSG00000157833.13	GAREM2	protein_coding	chr2	26173088	26189663	+	10	10
ENSG00000157851.17	DPYSL5	protein_coding	chr2	26847747	26950351	+	22	22
ENSG00000157856.12	DRC1	protein_coding	chr2	26401920	26456711	+	17	17
ENSG00000157884.11	CIB4	protein_coding	chr2	26581205	26641366	-	12	12
ENSG00000157985.19	AGAP1	protein_coding	chr2	235494043	236131800	+	101	100
ENSG00000157992.12	KRTCAP3	protein_coding	chr2	27442366	27446481	+	3	2
ENSG00000158019.21	BABAM2	protein_coding	chr2	27889941	28338901	+	40	30
ENSG00000158050.5	DUSP2	protein_coding	chr2	96143169	96145440	-	1	1
ENSG00000158079.16	PTPDC1	protein_coding	chr9	94030794	94109856	+	8	8
ENSG00000158089.15	GALNT14	protein_coding	chr2	30910467	31155202	-	34	33
ENSG00000158092.7	NCK1	protein_coding	chr3	136862208	136951606	+	17	12
ENSG00000158106.14	RHPN1	protein_coding	chr8	143368876	143384221	+	16	16
ENSG00000158122.12	PRXL2C	protein_coding	chr9	96639577	96655317	-	10	10
ENSG00000158125.10	XDH	protein_coding	chr2	31334321	31414742	-	34	34
ENSG00000158158.12	CNNM4	protein_coding	chr2	96760902	96811874	+	9	9
ENSG00000158163.15	DZIP1L	protein_coding	chr3	138061990	138115818	-	21	21
ENSG00000158169.13	FANCC	protein_coding	chr9	95099054	95426796	-	44	42
ENSG00000158186.13	MRAS	protein_coding	chr3	138347648	138405534	+	18	18
ENSG00000158220.14	ESYT3	protein_coding	chr3	138434586	138481686	+	17	17
ENSG00000158234.12	FAIM	protein_coding	chr3	138608606	138633376	+	14	14
ENSG00000158258.16	CLSTN2	protein_coding	chr3	139935185	140577397	+	98	95
ENSG00000158402.21	CDC25C	protein_coding	chr5	138285269	138338355	-	18	10
ENSG00000158411.11	MITD1	protein_coding	chr2	99161427	99181058	-	8	0
ENSG00000158417.11	EIF5B	protein_coding	chr2	99337371	99401326	+	21	19
ENSG00000158428.4	CATIP	protein_coding	chr2	218356857	218368099	+	10	8
ENSG00000158435.8	CNOT11	protein_coding	chr2	101252886	101270316	+	5	5
ENSG00000158458.21	NRG2	protein_coding	chr5	139846779	140043299	-	22	20
ENSG00000158497.5	HMHB1	protein_coding	chr5	143812161	143820719	+	1	0
ENSG00000158552.13	ZFAND2B	protein_coding	chr2	219195237	219209651	+	5	5
ENSG00000158669.11	GPAT4	protein_coding	chr8	41577187	41625001	+	20	14
ENSG00000158806.14	NPM2	protein_coding	chr8	22024125	22036897	+	5	5
ENSG00000158815.11	FGF17	protein_coding	chr8	22042398	22048809	+	8	8
ENSG00000158856.18	DMTN	protein_coding	chr8	22048995	22082527	+	23	23
ENSG00000158863.22	FAM160B2	protein_coding	chr8	22089150	22104911	+	13	13
ENSG00000158941.16	CCAR2	protein_coding	chr8	22604632	22621514	+	33	21
ENSG00000158955.11	WNT9B	protein_coding	chr17	46833201	46886730	+	13	13
ENSG00000158985.14	CDC42SE2	protein_coding	chr5	131245493	131398447	+	25	25
ENSG00000158987.22	RAPGEF6	protein_coding	chr5	131423921	131635231	-	30	2
ENSG00000159069.14	FBXW5	protein_coding	chr9	136940435	136944738	-	6	6
ENSG00000159111.13	MRPL10	protein_coding	chr17	47823272	47831541	-	15	15
ENSG00000159167.12	STC1	protein_coding	chr8	23841929	23854806	-	7	7
ENSG00000159182.5	PRAC1	protein_coding	chr17	48721719	48722518	-	1	1
ENSG00000159184.8	HOXB13	protein_coding	chr17	48724763	48728750	-	4	4
ENSG00000159199.14	ATP5MC1	protein_coding	chr17	48892765	48895871	+	5	0
ENSG00000159202.18	UBE2Z	protein_coding	chr17	48908407	48929056	+	15	15
ENSG00000159210.10	SNF8	protein_coding	chr17	48929316	48944842	-	21	13
ENSG00000159217.10	IGF2BP1	protein_coding	chr17	48997385	49056145	+	19	19
ENSG00000159224.4	GIP	protein_coding	chr17	48958554	48968596	-	6	6
ENSG00000159239.13	AC005041.1	protein_coding	chr2	74393836	74421662	-	13	8
ENSG00000159247.13	TUBBP5	transcribed_unprocessed_pseudogene	chr9	138150075	138177433	+	2	2
ENSG00000159314.11	ARHGAP27	protein_coding	chr17	45393902	45434421	-	28	26
ENSG00000159374.17	M1AP	protein_coding	chr2	74557883	74648338	-	13	13
ENSG00000159399.10	HK2	protein_coding	chr2	74834127	74893359	+	24	24
ENSG00000159640.17	ACE	protein_coding	chr17	63477061	63498380	+	29	10
ENSG00000159650.9	UROC1	protein_coding	chr3	126481166	126517773	-	30	30
ENSG00000159685.11	CHCHD6	protein_coding	chr3	126704240	126960420	+	26	26
ENSG00000159712.10	ANKRD18CP	unprocessed_pseudogene	chr9	97156570	97221235	-	5	3
ENSG00000159842.15	ABR	protein_coding	chr17	1003518	1229738	-	86	85
ENSG00000159884.12	CCDC107	protein_coding	chr9	35658290	35661511	+	16	1
ENSG00000159899.15	NPR2	protein_coding	chr9	35791591	35809732	+	10	8
ENSG00000159921.20	GNE	protein_coding	chr9	36214441	36277042	-	16	0
ENSG00000159961.2	OR3A3	protein_coding	chr17	3411370	3424070	+	14	14
ENSG00000160124.9	CCDC58	protein_coding	chr3	122359591	122383231	-	4	4
ENSG00000160145.15	KALRN	protein_coding	chr3	124080023	124726325	+	127	123
ENSG00000160271.16	RALGDS	protein_coding	chr9	133097720	133149334	-	25	0
ENSG00000160293.17	VAV2	protein_coding	chr9	133761894	133992604	-	58	58
ENSG00000160323.19	ADAMTS13	protein_coding	chr9	133414358	133459402	+	19	17
ENSG00000160325.15	CACFD1	protein_coding	chr9	133459965	133470848	+	6	6
ENSG00000160326.14	SLC2A6	protein_coding	chr9	133471094	133479127	-	7	7
ENSG00000160339.16	FCN2	protein_coding	chr9	134880810	134887523	+	13	13
ENSG00000160345.13	C9orf116	protein_coding	chr9	135495181	135501734	-	7	5
ENSG00000160349.10	LCN1	protein_coding	chr9	135521438	135526540	+	3	3
ENSG00000160360.13	GPSM1	protein_coding	chr9	136327476	136359605	+	24	24
ENSG00000160401.15	CFAP157	protein_coding	chr9	127706988	127716002	+	5	0
ENSG00000160404.18	TOR2A	protein_coding	chr9	127731524	127735313	-	10	10
ENSG00000160408.15	ST6GALNAC6	protein_coding	chr9	127885321	127905408	-	9	0
ENSG00000160445.11	ZER1	protein_coding	chr9	128729786	128772414	-	8	7
ENSG00000160446.19	ZDHHC12	protein_coding	chr9	128720870	128724127	-	1	1
ENSG00000160447.7	PKN3	protein_coding	chr9	128702503	128720916	+	5	5
ENSG00000160539.6	PLPP7	protein_coding	chr9	131289459	131359022	+	25	25
ENSG00000160551.12	TAOK1	protein_coding	chr17	29390363	29551903	+	31	29
ENSG00000160563.14	MED27	protein_coding	chr9	131852928	132079867	-	27	27
ENSG00000160602.14	NEK8	protein_coding	chr17	28725897	28743455	+	7	0
ENSG00000160606.11	TLCD1	protein_coding	chr17	28724348	28727935	-	5	1
ENSG00000160746.13	ANO10	protein_coding	chr3	43354859	43691594	-	43	36
ENSG00000160791.13	CCR5	protein_coding	chr3	46370854	46376206	+	6	0
ENSG00000160796.18	NBEAL2	protein_coding	chr3	46979666	47009704	+	29	28
ENSG00000160799.11	CCDC12	protein_coding	chr3	46921726	46982010	-	22	21
ENSG00000160801.14	PTH1R	protein_coding	chr3	46877721	46903799	+	10	8
ENSG00000160808.11	MYL3	protein_coding	chr3	46835111	46882172	-	14	12
ENSG00000160867.15	FGFR4	protein_coding	chr5	177086905	177098144	+	20	20
ENSG00000160882.13	CYP11B1	protein_coding	chr8	142872356	142879846	-	34	0
ENSG00000160883.11	HK3	protein_coding	chr5	176880869	176899346	-	8	8
ENSG00000160886.13	LY6K	protein_coding	chr8	142700111	142705127	+	13	3
ENSG00000160932.11	LY6E	protein_coding	chr8	143017982	143023832	+	8	7
ENSG00000160948.14	VPS28	protein_coding	chr8	144423601	144428563	-	3	3
ENSG00000160949.17	TONSL	protein_coding	chr8	144428775	144444440	-	29	28
ENSG00000160957.14	RECQL4	protein_coding	chr8	144511288	144517845	-	13	13
ENSG00000160959.8	LRRC14	protein_coding	chr8	144517992	144525172	+	11	5
ENSG00000160972.9	PPP1R16A	protein_coding	chr8	144477969	144502121	+	6	4
ENSG00000160973.8	FOXH1	protein_coding	chr8	144473412	144475849	-	1	1
ENSG00000161010.15	MRNIP	protein_coding	chr5	179835133	179862173	-	32	21
ENSG00000161011.20	SQSTM1	protein_coding	chr5	179806398	179838078	+	29	22
ENSG00000161013.17	MGAT4B	protein_coding	chr5	179797597	179806952	-	8	8
ENSG00000161016.18	RPL8	protein_coding	chr8	144789765	144792587	-	10	10
ENSG00000161021.13	MAML1	protein_coding	chr5	179732822	179777283	+	8	8
ENSG00000161202.20	DVL3	protein_coding	chr3	184155377	184173614	+	8	8
ENSG00000161203.13	AP2M1	protein_coding	chr3	184174689	184184091	+	8	8
ENSG00000161204.11	ABCF3	protein_coding	chr3	184186023	184194012	+	15	15
ENSG00000161217.12	PCYT1A	protein_coding	chr3	196214222	196287957	-	43	2
ENSG00000161267.12	BDH1	protein_coding	chr3	197509783	197573323	-	38	38
ENSG00000161381.14	PLXDC1	protein_coding	chr17	39063313	39154394	-	49	17
ENSG00000161395.14	PGAP3	protein_coding	chr17	39671122	39696797	-	14	13
ENSG00000161405.17	IKZF3	protein_coding	chr17	39757718	39864312	-	21	21
ENSG00000161509.14	GRIN2C	protein_coding	chr17	74842023	74861504	-	19	19
ENSG00000161513.12	FDXR	protein_coding	chr17	74862497	74873031	-	24	24
ENSG00000161526.15	SAP30BP	protein_coding	chr17	75667251	75708062	+	12	12
ENSG00000161533.12	ACOX1	protein_coding	chr17	75941507	75979177	-	24	23
ENSG00000161542.17	PRPSAP1	protein_coding	chr17	76309478	76384521	-	39	31
ENSG00000161544.10	CYGB	protein_coding	chr17	76527356	76551175	-	23	0
ENSG00000161547.17	SRSF2	protein_coding	chr17	76734115	76737333	-	3	0
ENSG00000161594.7	KLHL10	protein_coding	chr17	41835685	41848384	+	9	8
ENSG00000161610.1	HCRT	protein_coding	chr17	42184060	42185452	-	1	1
ENSG00000161647.19	MPP3	protein_coding	chr17	43800799	43833170	-	20	20
ENSG00000161649.13	CD300LG	protein_coding	chr17	43847148	43863639	+	9	9
ENSG00000161653.11	NAGS	protein_coding	chr17	44004622	44009068	+	6	6
ENSG00000161654.10	LSM12	protein_coding	chr17	44034328	44067619	-	2	2
ENSG00000161664.7	ASB16	protein_coding	chr17	44170447	44179084	+	9	2
ENSG00000161682.15	FAM171A2	protein_coding	chr17	44353215	44363853	-	4	4
ENSG00000161692.18	DBF4B	protein_coding	chr17	44708608	44752264	+	12	12
ENSG00000161714.12	PLCD3	protein_coding	chr17	45108959	45133354	-	26	26
ENSG00000161905.13	ALOX15	protein_coding	chr17	4630919	4642294	-	16	16
ENSG00000161920.11	MED11	protein_coding	chr17	4731428	4733608	+	2	2
ENSG00000161921.17	CXCL16	protein_coding	chr17	4733533	4739928	-	14	14
ENSG00000161929.15	SCIMP	protein_coding	chr17	5208920	5234860	-	15	0
ENSG00000161939.19	RNASEK-C17orf49	protein_coding	chr17	7012635	7017520	+	10	0
ENSG00000161940.11	BCL6B	protein_coding	chr17	7023050	7030290	+	8	8
ENSG00000161944.16	ASGR2	protein_coding	chr17	7101322	7115700	-	24	24
ENSG00000161955.16	TNFSF13	protein_coding	chr17	7558292	7561608	+	3	0
ENSG00000161956.13	SENP3	protein_coding	chr17	7561919	7571969	+	12	1
ENSG00000161958.11	FGF11	protein_coding	chr17	7438273	7444937	+	7	0
ENSG00000161960.16	EIF4A1	protein_coding	chr17	7572824	7579006	+	17	0
ENSG00000161970.15	RPL26	protein_coding	chr17	8377516	8383213	-	5	0
ENSG00000161973.11	CCDC42	protein_coding	chr17	8729935	8745219	-	10	10
ENSG00000162267.12	ITIH3	protein_coding	chr3	52794768	52809009	+	24	24
ENSG00000162804.14	SNED1	protein_coding	chr2	240998618	241095568	+	70	12
ENSG00000162869.16	PPP1R21	protein_coding	chr2	48440598	48515391	+	19	19
ENSG00000162878.13	PKDCC	protein_coding	chr2	42048021	42058517	+	14	14
ENSG00000162881.6	OXER1	protein_coding	chr2	42762481	42764261	-	5	5
ENSG00000162882.15	HAAO	protein_coding	chr2	42767089	42792593	-	13	13
ENSG00000162924.15	REL	protein_coding	chr2	60881521	60931612	+	16	12
ENSG00000162927.14	PUS10	protein_coding	chr2	60940222	61018259	-	19	16
ENSG00000162928.9	PEX13	protein_coding	chr2	61017225	61051990	+	10	7
ENSG00000162929.14	KIAA1841	protein_coding	chr2	61065871	61138034	+	27	18
ENSG00000162944.11	RFTN2	protein_coding	chr2	197568224	197676045	-	15	15
ENSG00000162947.5	LINC01931	lncRNA	chr2	149745648	149859191	-	10	0
ENSG00000162949.16	CAPN13	protein_coding	chr2	30722771	30820542	-	35	35
ENSG00000162951.11	LRRTM1	protein_coding	chr2	80288351	80304752	-	8	0
ENSG00000162959.14	MEMO1	protein_coding	chr2	31865060	32011230	-	14	2
ENSG00000162961.14	DPY30	protein_coding	chr2	31867809	32039805	-	16	4
ENSG00000162971.11	TYW5	protein_coding	chr2	199928913	199955736	-	17	0
ENSG00000162972.10	MAIP1	protein_coding	chr2	199955317	200008540	+	7	5
ENSG00000162975.5	KCNF1	protein_coding	chr2	10911934	10914225	+	3	3
ENSG00000162976.13	SLC66A3	protein_coding	chr2	11155198	11178870	+	11	11
ENSG00000162980.17	ARL5A	protein_coding	chr2	151788984	151828492	-	11	9
ENSG00000162981.14	LRATD1	protein_coding	chr2	14632700	14650814	+	6	6
ENSG00000162989.5	KCNJ3	protein_coding	chr2	154697855	154858354	+	21	21
ENSG00000162992.4	NEUROD1	protein_coding	chr2	181673088	181680547	-	3	0
ENSG00000162994.16	CLHC1	protein_coding	chr2	55172547	55232563	-	23	21
ENSG00000162998.5	FRZB	protein_coding	chr2	182833275	182866637	-	9	9
ENSG00000162999.13	DUSP19	protein_coding	chr2	183078559	183100008	+	10	1
ENSG00000163001.12	CFAP36	protein_coding	chr2	55519604	55545079	+	8	8
ENSG00000163002.13	NUP35	protein_coding	chr2	183117513	183161680	+	27	27
ENSG00000163006.12	CCDC138	protein_coding	chr2	108786757	108885477	+	24	24
ENSG00000163012.4	ZSWIM2	protein_coding	chr2	186827475	186849208	-	22	22
ENSG00000163013.12	FBXO41	protein_coding	chr2	73254682	73284478	-	14	14
ENSG00000163016.10	ALMS1P1	transcribed_unprocessed_pseudogene	chr2	73641083	73697509	+	7	6
ENSG00000163017.14	ACTG2	protein_coding	chr2	73892314	73919865	+	36	36
ENSG00000163026.12	WDCP	protein_coding	chr2	24029347	24049575	-	7	0
ENSG00000163029.16	SMC6	protein_coding	chr2	17663812	17800242	-	73	39
ENSG00000163032.12	VSNL1	protein_coding	chr2	17539126	17657018	+	16	16
ENSG00000163040.15	CCDC74A	protein_coding	chr2	131527675	131533666	+	7	7
ENSG00000163046.16	ANKRD30BL	protein_coding	chr2	132147591	132257969	-	31	30
ENSG00000163053.11	SLC16A14	protein_coding	chr2	230034982	230068993	-	10	10
ENSG00000163060.8	TEKT4	protein_coding	chr2	94871430	94876823	+	3	0
ENSG00000163064.7	EN1	protein_coding	chr2	118842171	118847648	-	4	4
ENSG00000163072.16	NOSTRIN	protein_coding	chr2	168786539	168865514	+	35	13
ENSG00000163075.13	CFAP221	protein_coding	chr2	119544432	119662251	+	22	22
ENSG00000163082.10	SGPP2	protein_coding	chr2	222424543	222562621	+	26	26
ENSG00000163083.6	INHBB	protein_coding	chr2	120346136	120351803	+	2	2
ENSG00000163092.21	XIRP2	protein_coding	chr2	166888480	167259753	+	57	56
ENSG00000163093.12	BBS5	protein_coding	chr2	169479480	169506655	+	16	0
ENSG00000163121.10	NEURL3	protein_coding	chr2	96497646	96508109	-	4	4
ENSG00000163126.15	ANKRD23	protein_coding	chr2	96824526	96857934	-	16	0
ENSG00000163161.14	ERCC3	protein_coding	chr2	127257290	127294166	-	16	16
ENSG00000163162.9	RNF149	protein_coding	chr2	101271219	101308701	-	8	8
ENSG00000163166.15	IWS1	protein_coding	chr2	127436207	127526886	-	20	9
ENSG00000163170.12	BOLA3	protein_coding	chr2	74135400	74147912	-	8	8
ENSG00000163171.8	CDC42EP3	protein_coding	chr2	37641882	37738468	-	36	29
ENSG00000163214.21	DHX57	protein_coding	chr2	38797729	38875934	-	22	22
ENSG00000163217.2	BMP10	protein_coding	chr2	68860909	68871397	-	11	11
ENSG00000163219.12	ARHGAP25	protein_coding	chr2	68679601	68826833	+	39	37
ENSG00000163235.16	TGFA	protein_coding	chr2	70447284	70554193	-	22	22
ENSG00000163249.13	CCNYL1	protein_coding	chr2	207711540	207761839	+	6	6
ENSG00000163251.4	FZD5	protein_coding	chr2	207762598	207769906	-	6	6
ENSG00000163273.4	NPPC	protein_coding	chr2	231921809	231926396	-	4	4
ENSG00000163283.7	ALPP	protein_coding	chr2	232378724	232382889	+	13	5
ENSG00000163286.9	ALPG	protein_coding	chr2	232406844	232410714	+	12	12
ENSG00000163295.5	ALPI	protein_coding	chr2	232456125	232460753	+	13	13
ENSG00000163320.12	CGGBP1	protein_coding	chr3	88051944	88149885	-	35	16
ENSG00000163328.14	GPR155	protein_coding	chr2	174431571	174487094	-	23	23
ENSG00000163331.12	DAPL1	protein_coding	chr2	158795317	158862781	+	19	14
ENSG00000163347.6	CLDN1	protein_coding	chr3	190305707	190322446	-	23	23
ENSG00000163359.16	COL6A3	protein_coding	chr2	237324003	237414207	-	68	68
ENSG00000163364.10	LINC01116	lncRNA	chr2	176629572	176637931	-	1	0
ENSG00000163376.11	KBTBD8	protein_coding	chr3	66998307	67011210	+	6	6
ENSG00000163377.16	TAFA4	protein_coding	chr3	68731766	68953297	-	27	27
ENSG00000163378.14	EOGT	protein_coding	chr3	68975217	69013684	-	23	23
ENSG00000163380.16	LMOD3	protein_coding	chr3	69106065	69123032	-	15	15
ENSG00000163389.12	POGLUT1	protein_coding	chr3	119468963	119494708	+	23	23
ENSG00000163406.11	SLC15A2	protein_coding	chr3	121894401	121944188	+	35	35
ENSG00000163412.13	EIF4E3	protein_coding	chr3	71675414	71754773	-	30	0
ENSG00000163421.9	PROK2	protein_coding	chr3	71771655	71785206	-	3	3
ENSG00000163424.9	TEX55	protein_coding	chr3	119146151	119160042	+	13	4
ENSG00000163428.4	LRRC58	protein_coding	chr3	120324509	120349354	-	16	16
ENSG00000163430.12	FSTL1	protein_coding	chr3	120392293	120450993	-	32	6
ENSG00000163449.11	TMEM169	protein_coding	chr2	216081866	216102783	+	6	4
ENSG00000163464.8	CXCR1	protein_coding	chr2	218162841	218166962	-	1	1
ENSG00000163466.16	ARPC2	protein_coding	chr2	218217141	218254356	+	17	17
ENSG00000163481.8	RNF25	protein_coding	chr2	218663892	218672002	-	9	9
ENSG00000163482.12	STK36	protein_coding	chr2	218672069	218702716	+	22	22
ENSG00000163491.16	NEK10	protein_coding	chr3	27110085	27369460	-	67	67
ENSG00000163492.15	CCDC141	protein_coding	chr2	178829757	179050086	-	60	5
ENSG00000163497.3	FEV	protein_coding	chr2	218981087	218985184	-	3	0
ENSG00000163501.7	IHH	protein_coding	chr2	219054424	219060921	-	6	6
ENSG00000163507.14	CIP2A	protein_coding	chr3	108549864	108589644	-	15	15
ENSG00000163508.13	EOMES	protein_coding	chr3	27715949	27722711	-	3	3
ENSG00000163510.14	CWC22	protein_coding	chr2	179944876	180007297	-	13	13
ENSG00000163512.14	AZI2	protein_coding	chr3	28315003	28349050	-	15	5
ENSG00000163513.19	TGFBR2	protein_coding	chr3	30606601	30694142	+	26	26
ENSG00000163515.6	RETNLB	protein_coding	chr3	108743424	108757384	-	10	10
ENSG00000163516.14	ANKZF1	protein_coding	chr2	219229783	219236679	+	13	13
ENSG00000163517.15	HDAC11	protein_coding	chr3	13479724	13506424	+	14	14
ENSG00000163519.14	TRAT1	protein_coding	chr3	108822770	108855005	+	10	10
ENSG00000163520.14	FBLN2	protein_coding	chr3	13549125	13638422	+	43	43
ENSG00000163521.16	GLB1L	protein_coding	chr2	219236598	219245478	-	6	6
ENSG00000163527.10	STT3B	protein_coding	chr3	31532638	31637616	+	22	22
ENSG00000163528.13	CHCHD4	protein_coding	chr3	14112077	14124870	-	7	7
ENSG00000163530.4	DPPA2	protein_coding	chr3	109293788	109316517	-	4	4
ENSG00000163535.18	SGO2	protein_coding	chr2	200510008	200584096	+	17	15
ENSG00000163536.13	SERPINI1	protein_coding	chr3	167735243	167825569	+	19	14
ENSG00000163539.17	CLASP2	protein_coding	chr3	33496245	33718356	-	44	44
ENSG00000163541.12	SUCLG1	protein_coding	chr2	84423528	84460045	-	14	14
ENSG00000163558.13	PRKCI	protein_coding	chr3	170222424	170305977	+	24	24
ENSG00000163576.18	EFHB	protein_coding	chr3	19879472	19947025	-	30	30
ENSG00000163577.8	EIF5A2	protein_coding	chr3	170888418	170908644	-	8	8
ENSG00000163581.14	SLC2A2	protein_coding	chr3	170996347	171026743	-	13	0
ENSG00000163584.18	RPL22L1	protein_coding	chr3	170864875	170870208	-	4	4
ENSG00000163586.10	FABP1	protein_coding	chr2	88122982	88128062	-	6	6
ENSG00000163590.14	PPM1L	protein_coding	chr3	160755602	161078902	+	51	51
ENSG00000163596.17	ICA1L	protein_coding	chr2	202773150	202871766	-	30	29
ENSG00000163597.15	SNHG16	lncRNA	chr17	76557764	76565348	+	11	1
ENSG00000163599.17	CTLA4	protein_coding	chr2	203867771	203873965	+	3	3
ENSG00000163600.13	ICOS	protein_coding	chr2	203936763	203961577	+	12	12
ENSG00000163602.11	RYBP	protein_coding	chr3	72371825	72446623	-	14	14
ENSG00000163605.15	PPP4R2	protein_coding	chr3	72996803	73069198	+	30	21
ENSG00000163606.11	CD200R1	protein_coding	chr3	112921205	112975103	-	29	29
ENSG00000163607.17	GTPBP8	protein_coding	chr3	112990984	113015060	+	23	6
ENSG00000163608.15	NEPRO	protein_coding	chr3	113002444	113019861	-	19	0
ENSG00000163611.11	SPICE1	protein_coding	chr3	113442718	113515187	-	33	0
ENSG00000163617.11	CCDC191	protein_coding	chr3	113964137	114056594	-	12	3
ENSG00000163618.18	CADPS	protein_coding	chr3	62398346	62875416	-	89	89
ENSG00000163630.11	SYNPR	protein_coding	chr3	63228315	63616924	+	54	41
ENSG00000163632.14	C3orf49	protein_coding	chr3	63819299	63848636	+	3	1
ENSG00000163634.12	THOC7	protein_coding	chr3	63833870	63863868	-	3	1
ENSG00000163635.20	ATXN7	protein_coding	chr3	63863155	64003462	+	30	30
ENSG00000163636.11	PSMD6	protein_coding	chr3	64010550	64024010	-	19	11
ENSG00000163637.13	PRICKLE2	protein_coding	chr3	64092236	64445476	-	70	49
ENSG00000163638.13	ADAMTS9	protein_coding	chr3	64515654	64688000	-	53	44
ENSG00000163645.15	ERICH6	protein_coding	chr3	150659885	150703971	-	12	9
ENSG00000163646.12	CLRN1	protein_coding	chr3	150926163	150972727	-	14	0
ENSG00000163655.16	GMPS	protein_coding	chr3	155870650	155944020	+	38	38
ENSG00000163659.13	TIPARP	protein_coding	chr3	156673235	156706770	+	6	6
ENSG00000163660.12	CCNL1	protein_coding	chr3	157146508	157160760	-	15	15
ENSG00000163661.4	PTX3	protein_coding	chr3	157436850	157443633	+	5	0
ENSG00000163666.10	HESX1	protein_coding	chr3	57197838	57227606	-	6	6
ENSG00000163673.7	DCLK3	protein_coding	chr3	36712422	36764349	-	18	18
ENSG00000163681.16	SLMAP	protein_coding	chr3	57755450	57930003	+	34	34
ENSG00000163684.12	RPP14	protein_coding	chr3	58306245	58324695	+	48	24
ENSG00000163686.15	ABHD6	protein_coding	chr3	58237532	58295693	+	20	20
ENSG00000163687.14	DNASE1L3	protein_coding	chr3	58192257	58214697	-	13	13
ENSG00000163689.20	CFAP20DC	protein_coding	chr3	58717365	59050084	-	41	19
ENSG00000163701.19	IL17RE	protein_coding	chr3	9902612	9916402	+	15	15
ENSG00000163702.20	IL17RC	protein_coding	chr3	9917074	9933630	+	13	10
ENSG00000163703.19	CRELD1	protein_coding	chr3	9933816	9945406	+	7	1
ENSG00000163704.12	PRRT3	protein_coding	chr3	9945542	9952408	-	5	2
ENSG00000163705.13	FANCD2OS	protein_coding	chr3	10081317	10108255	-	16	2
ENSG00000163710.9	PCOLCE2	protein_coding	chr3	142815922	142889206	-	17	17
ENSG00000163714.18	U2SURP	protein_coding	chr3	142964497	143060725	+	26	22
ENSG00000163719.20	MTMR14	protein_coding	chr3	9649433	9702393	+	14	9
ENSG00000163728.11	TTC14	protein_coding	chr3	180602163	180617828	+	9	1
ENSG00000163746.12	PLSCR2	protein_coding	chr3	146391421	146495991	-	22	18
ENSG00000163751.4	CPA3	protein_coding	chr3	148865296	148897203	+	8	0
ENSG00000163754.18	GYG1	protein_coding	chr3	148991408	149031775	+	13	11
ENSG00000163755.9	HPS3	protein_coding	chr3	149129638	149173732	+	23	15
ENSG00000163762.7	TM4SF18	protein_coding	chr3	149318498	149334414	-	17	0
ENSG00000163781.14	TOPBP1	protein_coding	chr3	133598175	133662380	-	30	30
ENSG00000163785.13	RYK	protein_coding	chr3	134065303	134250859	-	30	30
ENSG00000163788.14	SNRK	protein_coding	chr3	43286512	43424764	+	9	4
ENSG00000163792.6	TCF23	protein_coding	chr2	27149004	27156974	+	3	3
ENSG00000163793.13	DNAJC5G	protein_coding	chr2	27275433	27281499	+	4	4
ENSG00000163795.14	ZNF513	protein_coding	chr2	27377235	27380790	-	1	0
ENSG00000163798.13	SLC4A1AP	protein_coding	chr2	27663471	27694976	+	7	7
ENSG00000163803.13	PLB1	protein_coding	chr2	28457145	28644142	+	64	55
ENSG00000163806.16	SPDYA	protein_coding	chr2	28782517	28850611	+	13	8
ENSG00000163807.6	KIAA1143	protein_coding	chr3	44737661	44761619	-	3	3
ENSG00000163808.17	KIF15	protein_coding	chr3	44761721	44873376	+	19	17
ENSG00000163810.12	TGM4	protein_coding	chr3	44874608	44914990	+	24	24
ENSG00000163811.12	WDR43	protein_coding	chr2	28894667	28948219	+	19	19
ENSG00000163812.15	ZDHHC3	protein_coding	chr3	44915257	44976185	-	18	17
ENSG00000163814.8	CDCP1	protein_coding	chr3	45082277	45146422	-	28	28
ENSG00000163815.6	CLEC3B	protein_coding	chr3	45001548	45036071	+	11	0
ENSG00000163817.16	SLC6A20	protein_coding	chr3	45755449	45796536	-	18	18
ENSG00000163818.18	LZTFL1	protein_coding	chr3	45823316	45916042	-	16	9
ENSG00000163820.15	FYCO1	protein_coding	chr3	45917899	45995824	-	48	44
ENSG00000163823.4	CCR1	protein_coding	chr3	46201711	46208313	-	6	0
ENSG00000163825.4	RTP3	protein_coding	chr3	46497976	46500950	+	2	2
ENSG00000163827.13	LRRC2	protein_coding	chr3	46515385	46580099	-	33	21
ENSG00000163832.16	ELP6	protein_coding	chr3	47495640	47513712	-	10	10
ENSG00000163833.8	FBXO40	protein_coding	chr3	121593379	121630295	+	17	17
ENSG00000163840.10	DTX3L	protein_coding	chr3	122564338	122575203	+	14	14
ENSG00000163848.20	ZNF148	protein_coding	chr3	125225669	125375325	-	20	20
ENSG00000163864.17	NMNAT3	protein_coding	chr3	139560180	139678017	-	40	0
ENSG00000163870.16	TPRA1	protein_coding	chr3	127571232	127598267	-	8	8
ENSG00000163872.16	YEATS2	protein_coding	chr3	183697797	183812624	+	27	24
ENSG00000163882.9	POLR2H	protein_coding	chr3	184361718	184368596	+	7	7
ENSG00000163884.4	KLF15	protein_coding	chr3	126342635	126357408	-	2	2
ENSG00000163885.12	CFAP100	protein_coding	chr3	126394909	126436556	+	26	22
ENSG00000163888.4	CAMK2N2	protein_coding	chr3	184259213	184261553	-	4	0
ENSG00000163898.10	LIPH	protein_coding	chr3	185506262	185552588	-	10	10
ENSG00000163900.11	TMEM41A	protein_coding	chr3	185476496	185499057	-	13	4
ENSG00000163902.12	RPN1	protein_coding	chr3	128619969	128681075	-	17	17
ENSG00000163904.13	SENP2	protein_coding	chr3	185582496	185633551	+	29	29
ENSG00000163913.12	IFT122	protein_coding	chr3	129440036	129520507	+	31	31
ENSG00000163914.5	RHO	protein_coding	chr3	129528639	129535344	+	8	8
ENSG00000163915.7	IGF2BP2-AS1	lncRNA	chr3	185712528	185729787	+	1	0
ENSG00000163918.12	RFC4	protein_coding	chr3	186789880	186807058	-	14	14
ENSG00000163923.10	RPL39L	protein_coding	chr3	187120948	187180908	-	9	9
ENSG00000163930.10	BAP1	protein_coding	chr3	52401008	52410008	-	1	1
ENSG00000163931.16	TKT	protein_coding	chr3	53224712	53256052	-	56	56
ENSG00000163932.15	PRKCD	protein_coding	chr3	53156009	53192717	+	23	23
ENSG00000163933.10	RFT1	protein_coding	chr3	53088483	53130453	-	18	5
ENSG00000163935.14	SFMBT1	protein_coding	chr3	52903572	53046750	-	26	13
ENSG00000163938.17	GNL3	protein_coding	chr3	52681156	52694497	+	10	7
ENSG00000163939.18	PBRM1	protein_coding	chr3	52545352	52685917	-	227	162
ENSG00000163946.13	TASOR	protein_coding	chr3	56620133	56683237	-	35	28
ENSG00000163947.12	ARHGEF3	protein_coding	chr3	56727418	57079329	-	63	58
ENSG00000163958.14	ZDHHC19	protein_coding	chr3	196197452	196211437	-	23	23
ENSG00000163959.10	SLC51A	protein_coding	chr3	196211487	196243178	+	40	5
ENSG00000163960.12	UBXN7	protein_coding	chr3	196347662	196432430	-	23	23
ENSG00000163961.4	RNF168	protein_coding	chr3	196468783	196503768	-	15	15
ENSG00000163964.18	PIGX	protein_coding	chr3	196639775	196736007	+	42	25
ENSG00000163975.12	MELTF	protein_coding	chr3	196988621	197029817	-	37	30
ENSG00000164045.12	CDC25A	protein_coding	chr3	48157146	48188417	-	4	4
ENSG00000164048.14	ZNF589	protein_coding	chr3	48241100	48299253	+	26	13
ENSG00000164049.14	FBXW12	protein_coding	chr3	48372219	48401259	+	12	11
ENSG00000164050.13	PLXNB1	protein_coding	chr3	48403854	48430086	-	10	10
ENSG00000164051.14	CCDC51	protein_coding	chr3	48432164	48440456	-	5	5
ENSG00000164053.21	ATRIP	protein_coding	chr3	48446710	48467645	+	5	4
ENSG00000164054.15	SHISA5	protein_coding	chr3	48467798	48504826	-	4	4
ENSG00000164061.5	BSN	protein_coding	chr3	49554477	49671549	+	18	18
ENSG00000164062.13	APEH	protein_coding	chr3	49674014	49683971	+	3	3
ENSG00000164068.16	RNF123	protein_coding	chr3	49689538	49721529	+	14	12
ENSG00000164076.17	CAMKV	protein_coding	chr3	49857988	49869935	-	8	7
ENSG00000164077.14	MON1A	protein_coding	chr3	49907160	49930173	-	6	1
ENSG00000164078.13	MST1R	protein_coding	chr3	49887002	49903873	-	4	4
ENSG00000164080.13	RAD54L2	protein_coding	chr3	51541144	51668667	+	10	8
ENSG00000164081.13	TEX264	protein_coding	chr3	51662693	51704323	+	11	7
ENSG00000164086.10	DUSP7	protein_coding	chr3	52048919	52056571	-	2	2
ENSG00000164087.8	POC1A	protein_coding	chr3	52075226	52154690	-	11	11
ENSG00000164088.18	PPM1M	protein_coding	chr3	52245759	52250599	+	2	0
ENSG00000164091.12	WDR82	protein_coding	chr3	52254434	52288020	-	33	32
ENSG00000164151.12	ICE1	protein_coding	chr5	5420664	5490220	+	21	21
ENSG00000164171.11	ITGA2	protein_coding	chr5	52989340	53094779	+	52	49
ENSG00000164172.20	MOCS2	protein_coding	chr5	53095679	53110063	-	14	14
ENSG00000164175.15	SLC45A2	protein_coding	chr5	33944623	33984693	-	14	14
ENSG00000164176.13	EDIL3	protein_coding	chr5	83940554	84384880	-	51	51
ENSG00000164180.14	TMEM161B	protein_coding	chr5	88189633	88269476	-	22	22
ENSG00000164181.14	ELOVL7	protein_coding	chr5	60751791	60844274	-	19	19
ENSG00000164182.12	NDUFAF2	protein_coding	chr5	60945177	61154531	+	36	35
ENSG00000164185.6	ZNF474	protein_coding	chr5	122129546	122153569	+	7	0
ENSG00000164187.7	LMBRD2	protein_coding	chr5	36098407	36151887	-	26	26
ENSG00000164188.9	RANBP3L	protein_coding	chr5	36246913	36302114	-	29	29
ENSG00000164190.19	NIPBL	protein_coding	chr5	36876769	37066413	+	19	19
ENSG00000164197.12	RNF180	protein_coding	chr5	64165843	64372869	+	32	32
ENSG00000164199.18	ADGRV1	protein_coding	chr5	90529344	91164437	+	158	141
ENSG00000164209.17	SLC25A46	protein_coding	chr5	110738136	110765161	+	17	17
ENSG00000164211.13	STARD4	protein_coding	chr5	111496033	111512590	-	3	1
ENSG00000164219.10	PGGT1B	protein_coding	chr5	115204012	115262877	-	18	18
ENSG00000164220.7	F2RL2	protein_coding	chr5	76615482	76623413	-	8	0
ENSG00000164221.13	CCDC112	protein_coding	chr5	115267190	115296693	-	6	6
ENSG00000164236.12	ANKRD33B	protein_coding	chr5	10564070	10657816	+	39	34
ENSG00000164237.9	CMBL	protein_coding	chr5	10275875	10307902	-	22	22
ENSG00000164241.13	C5orf63	protein_coding	chr5	127042558	127073492	-	21	21
ENSG00000164244.21	PRRC1	protein_coding	chr5	127517640	127555085	+	25	25
ENSG00000164251.5	F2RL1	protein_coding	chr5	76818933	76835315	+	7	7
ENSG00000164252.13	AGGF1	protein_coding	chr5	77029251	77065234	+	14	0
ENSG00000164253.14	WDR41	protein_coding	chr5	77425970	77620611	-	56	48
ENSG00000164256.11	PRDM9	protein_coding	chr5	23443586	23528093	+	17	17
ENSG00000164258.12	NDUFS4	protein_coding	chr5	53560633	53683338	+	18	18
ENSG00000164265.9	SCGB3A2	protein_coding	chr5	147870682	147882191	+	19	14
ENSG00000164266.11	SPINK1	protein_coding	chr5	147824572	147831671	-	2	2
ENSG00000164270.18	HTR4	protein_coding	chr5	148451032	148677235	-	42	42
ENSG00000164283.13	ESM1	protein_coding	chr5	54977867	55022671	-	10	10
ENSG00000164284.15	GRPEL2	protein_coding	chr5	149345430	149354583	+	3	1
ENSG00000164287.13	CDC20B	protein_coding	chr5	55112971	55173177	-	26	17
ENSG00000164291.17	ARSK	protein_coding	chr5	95555101	95605102	+	8	8
ENSG00000164292.13	RHOBTB3	protein_coding	chr5	95713522	95824383	+	42	5
ENSG00000164294.14	GPX8	protein_coding	chr5	55160167	55167297	+	8	0
ENSG00000164296.7	TIGD6	protein_coding	chr5	149993118	150000654	-	13	10
ENSG00000164299.7	SPZ1	protein_coding	chr5	80319625	80321842	+	7	7
ENSG00000164300.17	SERINC5	protein_coding	chr5	80111651	80256048	-	45	27
ENSG00000164307.13	ERAP1	protein_coding	chr5	96760810	96808100	-	82	32
ENSG00000164308.17	ERAP2	protein_coding	chr5	96875986	96919703	+	37	0
ENSG00000164309.15	CMYA5	protein_coding	chr5	79689836	79800240	+	55	44
ENSG00000164318.18	EGFLAM	protein_coding	chr5	38258409	38465480	+	34	28
ENSG00000164325.8	TMEM174	protein_coding	chr5	73173193	73175143	+	4	4
ENSG00000164326.5	CARTPT	protein_coding	chr5	71719275	71721048	+	5	5
ENSG00000164327.13	RICTOR	protein_coding	chr5	38937920	39074399	-	27	22
ENSG00000164329.13	TENT2	protein_coding	chr5	79612120	79686648	+	17	17
ENSG00000164330.17	EBF1	protein_coding	chr5	158695916	159099916	-	47	46
ENSG00000164331.10	ANKRA2	protein_coding	chr5	73552190	73565667	-	9	5
ENSG00000164332.8	UBLCP1	protein_coding	chr5	159263290	159286036	+	6	6
ENSG00000164334.15	FAM170A	protein_coding	chr5	119629559	119635822	+	5	0
ENSG00000164338.10	UTP15	protein_coding	chr5	73565443	73583380	+	28	24
ENSG00000164346.10	NSA2	protein_coding	chr5	74766991	74780113	+	10	6
ENSG00000164347.18	GFM2	protein_coding	chr5	74721206	74767147	-	12	10
ENSG00000164362.21	TERT	protein_coding	chr5	1253147	1295068	-	15	11
ENSG00000164363.10	SLC6A18	protein_coding	chr5	1225381	1246189	+	16	16
ENSG00000164366.4	CCDC127	protein_coding	chr5	196868	218153	-	69	67
ENSG00000164398.15	ACSL6	protein_coding	chr5	131949973	132012243	-	39	0
ENSG00000164399.5	IL3	protein_coding	chr5	132060655	132063204	+	1	1
ENSG00000164400.6	CSF2	protein_coding	chr5	132073789	132076170	+	3	3
ENSG00000164402.14	SEPTIN8	protein_coding	chr5	132750819	132807241	-	21	19
ENSG00000164403.15	SHROOM1	protein_coding	chr5	132822141	132830659	-	5	5
ENSG00000164404.8	GDF9	protein_coding	chr5	132861181	132866884	-	13	11
ENSG00000164405.11	UQCRQ	protein_coding	chr5	132866630	132868847	+	6	4
ENSG00000164406.8	LEAP2	protein_coding	chr5	132873444	132875046	+	3	3
ENSG00000164438.6	TLX3	protein_coding	chr5	171309248	171312139	+	3	3
ENSG00000164463.12	CREBRF	protein_coding	chr5	173056352	173139284	+	17	17
ENSG00000164466.13	SFXN1	protein_coding	chr5	175477062	175529742	+	32	32
ENSG00000164509.15	IL31RA	protein_coding	chr5	55851357	55922854	+	29	29
ENSG00000164512.18	ANKRD55	protein_coding	chr5	56099680	56233330	-	29	24
ENSG00000164574.16	GALNT10	protein_coding	chr5	154190730	154420984	+	61	13
ENSG00000164576.12	SAP30L	protein_coding	chr5	154445997	154461053	+	11	11
ENSG00000164587.13	RPS14	protein_coding	chr5	150442635	150449739	-	24	24
ENSG00000164588.8	HCN1	protein_coding	chr5	45254948	45696498	-	40	40
ENSG00000164591.14	MYOZ3	protein_coding	chr5	150660882	150679368	+	33	31
ENSG00000164609.10	SLU7	protein_coding	chr5	160401641	160421711	-	18	18
ENSG00000164611.13	PTTG1	protein_coding	chr5	160421855	160428739	+	6	6
ENSG00000164615.6	CAMLG	protein_coding	chr5	134738495	134752157	+	5	5
ENSG00000164616.16	FBXL21P	transcribed_unitary_pseudogene	chr5	135930317	135951591	+	12	0
ENSG00000164620.9	RELL2	protein_coding	chr5	141636950	141641064	+	8	2
ENSG00000164621.5	SMAD5-AS1	lncRNA	chr5	136129507	136134890	-	5	1
ENSG00000164683.18	HEY1	protein_coding	chr8	79762371	79767857	-	7	7
ENSG00000164684.13	ZNF704	protein_coding	chr8	80628451	80874781	-	22	22
ENSG00000164687.11	FABP5	protein_coding	chr8	81280536	81284777	+	1	0
ENSG00000164695.5	CHMP4C	protein_coding	chr8	81732448	81759515	+	7	6
ENSG00000164729.7	SLC35G3	protein_coding	chr17	35192520	35194523	-	8	8
ENSG00000164733.22	CTSB	protein_coding	chr8	11842524	11869533	-	68	68
ENSG00000164736.6	SOX17	protein_coding	chr8	54457935	54460892	+	3	3
ENSG00000164741.15	DLC1	protein_coding	chr8	13083361	13604610	-	101	92
ENSG00000164743.5	C8orf48	protein_coding	chr8	13566869	13568288	+	3	0
ENSG00000164749.13	HNF4G	protein_coding	chr8	75407914	75566834	+	45	45
ENSG00000164751.15	PEX2	protein_coding	chr8	76980258	77001044	-	9	9
ENSG00000164754.15	RAD21	protein_coding	chr8	116845934	116874776	-	13	9
ENSG00000164756.12	SLC30A8	protein_coding	chr8	116950273	117176714	+	29	29
ENSG00000164758.7	MED30	protein_coding	chr8	117520713	117540262	+	7	7
ENSG00000164761.9	TNFRSF11B	protein_coding	chr8	118923557	118951885	-	19	19
ENSG00000164764.11	SBSPON	protein_coding	chr8	73064543	73124088	-	16	16
ENSG00000164794.9	KCNV1	protein_coding	chr8	109963636	109975771	-	5	5
ENSG00000164796.18	CSMD3	protein_coding	chr8	112222928	113436939	-	158	155
ENSG00000164808.17	SPIDR	protein_coding	chr8	47260878	47736306	+	42	42
ENSG00000164816.8	DEFA5	protein_coding	chr8	7055304	7056739	-	3	3
ENSG00000164821.5	DEFA4	protein_coding	chr8	6935820	6938306	-	3	3
ENSG00000164822.5	DEFA6	protein_coding	chr8	6924697	6926076	-	3	3
ENSG00000164823.11	OSGIN2	protein_coding	chr8	89901849	89927888	+	14	14
ENSG00000164825.4	DEFB1	protein_coding	chr8	6870592	6877936	-	6	0
ENSG00000164830.19	OXR1	protein_coding	chr8	106270144	106752694	+	55	43
ENSG00000164841.5	TMEM74	protein_coding	chr8	108606850	108787594	-	26	22
ENSG00000164871.17	SPAG11B	protein_coding	chr8	7442684	7463674	-	1	1
ENSG00000164879.7	CA3	protein_coding	chr8	85373436	85449040	+	9	7
ENSG00000164893.9	SLC7A13	protein_coding	chr8	86214063	86321146	-	19	19
ENSG00000164902.14	PHAX	protein_coding	chr5	126600925	126627252	+	8	8
ENSG00000164904.18	ALDH7A1	protein_coding	chr5	126531200	126595362	-	60	60
ENSG00000164919.11	COX6C	protein_coding	chr8	99873200	99893707	-	9	6
ENSG00000164920.9	OSR2	protein_coding	chr8	98944403	98952104	+	1	1
ENSG00000164924.18	YWHAZ	protein_coding	chr8	100916523	100953388	-	13	13
ENSG00000164929.17	BAALC	protein_coding	chr8	103140713	103230305	+	17	2
ENSG00000164930.12	FZD6	protein_coding	chr8	103298433	103332866	+	18	17
ENSG00000164932.13	CTHRC1	protein_coding	chr8	103371538	103382989	+	8	8
ENSG00000164933.12	SLC25A32	protein_coding	chr8	103398635	103415189	-	12	0
ENSG00000164934.14	DCAF13	protein_coding	chr8	103414714	103443453	+	20	0
ENSG00000164935.6	DCSTAMP	protein_coding	chr8	104339087	104356689	+	11	0
ENSG00000164938.14	TP53INP1	protein_coding	chr8	94925972	94949378	-	8	0
ENSG00000164941.14	INTS8	protein_coding	chr8	94813311	94881746	+	17	17
ENSG00000164944.12	VIRMA	protein_coding	chr8	94487689	94553529	-	33	33
ENSG00000164946.20	FREM1	protein_coding	chr9	14737152	14910995	-	67	67
ENSG00000164949.8	GEM	protein_coding	chr8	94249253	94262350	-	9	9
ENSG00000164951.16	PDP1	protein_coding	chr8	93857807	93926068	+	12	12
ENSG00000164953.16	TMEM67	protein_coding	chr8	93754844	93819234	+	15	15
ENSG00000164961.16	WASHC5	protein_coding	chr8	125024260	125091819	-	30	30
ENSG00000164967.10	RPP25L	protein_coding	chr9	34610486	34612104	-	1	1
ENSG00000164970.15	FAM219A	protein_coding	chr9	34398184	34458570	-	13	12
ENSG00000164972.13	C9orf24	protein_coding	chr9	34379019	34397810	-	5	5
ENSG00000164975.15	SNAPC3	protein_coding	chr9	15422704	15465953	+	25	22
ENSG00000164976.9	MYORG	protein_coding	chr9	34366666	34376898	-	11	11
ENSG00000164978.18	NUDT2	protein_coding	chr9	34329506	34343711	+	4	4
ENSG00000164983.8	TMEM65	protein_coding	chr8	124306189	124372701	-	23	23
ENSG00000164985.15	PSIP1	protein_coding	chr9	15464066	15510995	-	18	15
ENSG00000164989.17	CCDC171	protein_coding	chr9	15553043	16061663	+	91	91
ENSG00000165006.14	UBAP1	protein_coding	chr9	34179005	34252523	+	12	12
ENSG00000165023.7	DIRAS2	protein_coding	chr9	90609832	90642862	-	11	11
ENSG00000165025.15	SYK	protein_coding	chr9	90801787	90898549	+	43	43
ENSG00000165028.12	NIPSNAP3B	protein_coding	chr9	104764129	104777764	+	19	19
ENSG00000165029.17	ABCA1	protein_coding	chr9	104781006	104928155	-	56	55
ENSG00000165030.4	NFIL3	protein_coding	chr9	91409045	91423832	-	3	3
ENSG00000165046.13	LETM2	protein_coding	chr8	38386207	38409527	+	7	1
ENSG00000165059.8	PRKACG	protein_coding	chr9	69012504	69014113	-	2	2
ENSG00000165060.15	FXN	protein_coding	chr9	69035751	69079076	+	56	0
ENSG00000165061.15	ZMAT4	protein_coding	chr8	40530590	40897833	-	44	44
ENSG00000165066.13	NKX6-3	protein_coding	chr8	41645177	41650817	-	6	6
ENSG00000165071.15	TMEM71	protein_coding	chr8	132685007	132760712	-	23	14
ENSG00000165072.10	MAMDC2	protein_coding	chr9	70043848	70226972	+	30	2
ENSG00000165078.13	CPA6	protein_coding	chr8	67422038	67746378	-	34	34
ENSG00000165084.16	C8orf34	protein_coding	chr8	68330955	68819023	+	77	77
ENSG00000165091.18	TMC1	protein_coding	chr9	72521608	72838297	+	52	52
ENSG00000165092.13	ALDH1A1	protein_coding	chr9	72900671	73080442	-	22	20
ENSG00000165102.15	HGSNAT	protein_coding	chr8	43140464	43202855	+	8	8
ENSG00000165105.10	RASEF	protein_coding	chr9	82979590	83063177	-	16	16
ENSG00000165113.13	GKAP1	protein_coding	chr9	83739425	83829516	-	16	13
ENSG00000165115.15	KIF27	protein_coding	chr9	83834099	83921465	-	13	7
ENSG00000165118.15	C9orf64	protein_coding	chr9	83938311	83956986	-	5	5
ENSG00000165119.21	HNRNPK	protein_coding	chr9	83968083	83980616	-	12	11
ENSG00000165121.11	AL353743.1	transcribed_unprocessed_pseudogene	chr9	85805359	85849542	+	3	3
ENSG00000165124.18	SVEP1	protein_coding	chr9	110365248	110579880	-	68	68
ENSG00000165138.18	ANKS6	protein_coding	chr9	98731329	98796965	-	25	25
ENSG00000165140.11	FBP1	protein_coding	chr9	94603133	94640249	-	14	12
ENSG00000165152.9	PGAP4	protein_coding	chr9	101473170	101533537	-	20	12
ENSG00000165156.15	ZHX1	protein_coding	chr8	123248451	123275541	-	2	0
ENSG00000165181.16	SHOC1	protein_coding	chr9	111686173	111795008	-	49	49
ENSG00000165185.15	KIAA1958	protein_coding	chr9	112486827	112669397	+	40	38
ENSG00000165188.13	RNF183	protein_coding	chr9	113297093	113303376	-	10	10
ENSG00000165202.3	OR1Q1	protein_coding	chr9	122614738	122615682	+	3	0
ENSG00000165204.3	OR1K1	protein_coding	chr9	122800123	122801073	+	2	0
ENSG00000165209.19	STRBP	protein_coding	chr9	123109500	123268586	-	14	14
ENSG00000165219.22	GAPVD1	protein_coding	chr9	125261794	125367207	+	27	27
ENSG00000165233.18	CARD19	protein_coding	chr9	93096217	93113283	+	13	13
ENSG00000165238.16	WNK2	protein_coding	chr9	93184916	93320572	+	53	51
ENSG00000165244.7	ZNF367	protein_coding	chr9	96385941	96418370	-	3	3
ENSG00000165264.11	NDUFB6	protein_coding	chr9	32553001	32573184	-	9	0
ENSG00000165269.13	AQP7	protein_coding	chr9	33383179	33402682	-	13	9
ENSG00000165271.17	NOL6	protein_coding	chr9	33461353	33473930	-	19	19
ENSG00000165272.16	AQP3	protein_coding	chr9	33441156	33447596	-	10	10
ENSG00000165275.10	TRMT10B	protein_coding	chr9	37753803	37778972	+	8	0
ENSG00000165280.18	VCP	protein_coding	chr9	35053928	35072668	-	20	15
ENSG00000165282.14	PIGO	protein_coding	chr9	35088688	35096601	-	9	9
ENSG00000165283.16	STOML2	protein_coding	chr9	35099776	35103195	-	2	2
ENSG00000165304.8	MELK	protein_coding	chr9	36572862	36677683	+	18	18
ENSG00000165392.11	WRN	protein_coding	chr8	31033788	31176138	+	41	33
ENSG00000165643.11	SOHLH1	protein_coding	chr9	135693407	135704498	-	27	21
ENSG00000165661.17	QSOX2	protein_coding	chr9	136206333	136245812	-	14	14
ENSG00000165671.21	NSD1	protein_coding	chr5	177133025	177300213	+	33	33
ENSG00000165684.4	SNAPC4	protein_coding	chr9	136375577	136400168	-	20	20
ENSG00000165688.12	PMPCA	protein_coding	chr9	136410641	136423761	+	21	21
ENSG00000165689.17	ENTR1	protein_coding	chr9	136401922	136410614	-	21	21
ENSG00000165695.10	AK8	protein_coding	chr9	132725578	132878777	-	22	20
ENSG00000165698.16	SPACA9	protein_coding	chr9	132878027	132890201	+	7	5
ENSG00000165699.15	TSC1	protein_coding	chr9	132891348	132946874	-	47	39
ENSG00000165702.15	GFI1B	protein_coding	chr9	132944000	132991687	+	33	25
ENSG00000165716.11	DIPK1B	protein_coding	chr9	136712572	136724742	+	14	4
ENSG00000165724.6	ZMYND19	protein_coding	chr9	137582081	137590512	-	7	7
ENSG00000165802.23	NSMF	protein_coding	chr9	137447570	137459334	-	6	6
ENSG00000165810.17	BTNL9	protein_coding	chr5	181040225	181061521	+	29	29
ENSG00000166260.13	COX11	protein_coding	chr17	54951902	54968703	-	24	2
ENSG00000166263.13	STXBP4	protein_coding	chr17	54968727	55173632	+	54	54
ENSG00000166292.12	TMEM100	protein_coding	chr17	55719627	55732121	-	4	4
ENSG00000166329.3	CCDC182	protein_coding	chr17	57744495	57745299	-	3	3
ENSG00000166482.12	MFAP4	protein_coding	chr17	19383442	19387190	-	2	2
ENSG00000166484.20	MAPK7	protein_coding	chr17	19377721	19383544	+	2	1
ENSG00000166579.16	NDEL1	protein_coding	chr17	8413131	8490411	+	26	19
ENSG00000166582.10	CENPV	protein_coding	chr17	16342534	16353656	-	7	0
ENSG00000166596.15	CFAP52	protein_coding	chr17	9576627	9643447	+	12	11
ENSG00000166685.12	COG1	protein_coding	chr17	73192632	73208507	+	21	13
ENSG00000166750.10	SLFN5	protein_coding	chr17	35243071	35273655	+	35	35
ENSG00000167034.10	NKX3-1	protein_coding	chr8	23678697	23682938	-	3	3
ENSG00000167080.9	B4GALNT2	protein_coding	chr17	49132460	49176840	+	43	43
ENSG00000167081.18	PBX3	protein_coding	chr9	125747345	125967377	+	39	39
ENSG00000167083.7	GNGT2	protein_coding	chr17	49202791	49210574	-	6	6
ENSG00000167085.13	PHB	protein_coding	chr17	49404052	49414901	-	11	0
ENSG00000167094.16	TTC16	protein_coding	chr9	127716079	127731590	+	15	11
ENSG00000167100.15	SAMD14	protein_coding	chr17	50110040	50130160	-	19	11
ENSG00000167103.12	PIP5KL1	protein_coding	chr9	127920881	127930785	-	5	5
ENSG00000167105.8	TMEM92	protein_coding	chr17	50271406	50281485	+	11	11
ENSG00000167106.12	FAM102A	protein_coding	chr9	127940582	127980989	-	19	18
ENSG00000167107.13	ACSF2	protein_coding	chr17	50426158	50474845	+	18	15
ENSG00000167110.18	GOLGA2	protein_coding	chr9	128255829	128275995	-	9	9
ENSG00000167112.10	TRUB2	protein_coding	chr9	128305159	128322447	-	10	0
ENSG00000167113.11	COQ4	protein_coding	chr9	128322544	128334072	+	10	10
ENSG00000167114.13	SLC27A4	protein_coding	chr9	128340527	128361470	+	3	3
ENSG00000167117.10	ANKRD40CL	protein_coding	chr17	50761029	50767557	-	8	8
ENSG00000167118.11	URM1	protein_coding	chr9	128371361	128392016	+	7	7
ENSG00000167123.19	CERCAM	protein_coding	chr9	128411751	128437351	+	35	35
ENSG00000167130.18	DOLPP1	protein_coding	chr9	129081111	129090438	+	6	6
ENSG00000167131.17	CCDC103	protein_coding	chr17	44899142	44905390	+	15	2
ENSG00000167136.7	ENDOG	protein_coding	chr9	128818500	128822676	+	7	1
ENSG00000167157.11	PRRX2	protein_coding	chr9	129665647	129722674	+	8	8
ENSG00000167165.19	UGT1A6	protein_coding	chr2	233691607	233773300	+	52	0
ENSG00000167182.15	SP2	protein_coding	chr17	47896150	47928957	+	8	0
ENSG00000167183.3	PRR15L	protein_coding	chr17	47951967	47957883	-	5	0
ENSG00000167193.8	CRK	protein_coding	chr17	1420689	1463162	-	13	12
ENSG00000167258.15	CDK12	protein_coding	chr17	39461486	39564907	+	17	17
ENSG00000167280.17	ENGASE	protein_coding	chr17	79074824	79088599	+	47	47
ENSG00000167281.19	RBFOX3	protein_coding	chr17	79089345	79516148	-	74	74
ENSG00000167291.16	TBC1D16	protein_coding	chr17	79932343	80035872	-	72	71
ENSG00000167302.11	TEPSIN	protein_coding	chr17	81228277	81239091	-	9	7
ENSG00000167363.14	FN3K	protein_coding	chr17	82735615	82751196	+	17	17
ENSG00000167419.11	LPO	protein_coding	chr17	58218548	58268518	+	14	9
ENSG00000167434.10	CA4	protein_coding	chr17	60149942	60170899	+	6	6
ENSG00000167447.13	SMG8	protein_coding	chr17	59209400	59215239	+	3	0
ENSG00000167494.9	NOS2P2	transcribed_unprocessed_pseudogene	chr17	18497095	18506313	-	1	1
ENSG00000167524.16	RSKR	protein_coding	chr17	28601827	28614197	-	5	0
ENSG00000167525.14	PROCA1	protein_coding	chr17	28703197	28711854	-	5	5
ENSG00000167536.14	DHRS13	protein_coding	chr17	28897781	28903079	-	5	1
ENSG00000167543.16	TP53I13	protein_coding	chr17	29566052	29573157	+	3	0
ENSG00000167549.18	CORO6	protein_coding	chr17	29614756	29622907	-	4	0
ENSG00000167632.18	TRAPPC9	protein_coding	chr8	139727725	140458579	-	109	108
ENSG00000167653.5	PSCA	protein_coding	chr8	142670308	142682725	+	26	10
ENSG00000167656.5	LY6D	protein_coding	chr8	142784882	142786539	-	5	0
ENSG00000167693.17	NXN	protein_coding	chr17	799310	979776	-	60	60
ENSG00000167695.15	TLCD3A	protein_coding	chr17	732412	742968	+	9	9
ENSG00000167699.13	GLOD4	protein_coding	chr17	757097	783390	-	9	7
ENSG00000167701.14	GPT	protein_coding	chr8	144502973	144507174	+	2	0
ENSG00000167702.13	KIFC2	protein_coding	chr8	144466043	144474202	+	8	8
ENSG00000167703.15	SLC43A2	protein_coding	chr17	1569268	1628886	-	34	34
ENSG00000167705.12	RILP	protein_coding	chr17	1646145	1649866	-	9	9
ENSG00000167711.14	SERPINF2	protein_coding	chr17	1742836	1755265	+	10	10
ENSG00000167716.19	WDR81	protein_coding	chr17	1716523	1738599	+	23	1
ENSG00000167720.13	SRR	protein_coding	chr17	2303383	2325260	+	7	4
ENSG00000167721.11	TSR1	protein_coding	chr17	2322396	2336657	-	7	4
ENSG00000167723.15	TRPV3	protein_coding	chr17	3510502	3557812	-	61	43
ENSG00000167740.10	CYB5D2	protein_coding	chr17	4143168	4187310	+	26	4
ENSG00000167741.11	GGT6	protein_coding	chr17	4556927	4560818	-	6	6
ENSG00000167840.13	ZNF232	protein_coding	chr17	5105541	5123116	-	16	5
ENSG00000167842.16	MIS12	protein_coding	chr17	5486285	5490814	+	16	12
ENSG00000167850.4	CD300C	protein_coding	chr17	74541073	74546115	-	10	10
ENSG00000167851.15	CD300A	protein_coding	chr17	74466399	74484794	+	14	14
ENSG00000167858.13	TEKT1	protein_coding	chr17	6789133	6831761	-	28	25
ENSG00000167861.16	HID1	protein_coding	chr17	74950742	74973166	-	21	20
ENSG00000167862.10	MRPL58	protein_coding	chr17	75012670	75021261	+	6	6
ENSG00000167863.12	ATP5PD	protein_coding	chr17	75038863	75046985	-	11	0
ENSG00000167874.7	TMEM88	protein_coding	chr17	7855066	7856099	+	1	1
ENSG00000167880.8	EVPL	protein_coding	chr17	76004502	76027306	-	29	25
ENSG00000167881.15	SRP68	protein_coding	chr17	76038775	76072517	-	15	15
ENSG00000167889.13	MGAT5B	protein_coding	chr17	76868404	76950393	+	70	70
ENSG00000167895.15	TMC8	protein_coding	chr17	78130770	78142968	+	32	26
ENSG00000167900.12	TK1	protein_coding	chr17	78174091	78187233	-	14	14
ENSG00000167904.15	TMEM68	protein_coding	chr8	55696424	55773407	-	36	35
ENSG00000167910.4	CYP7A1	protein_coding	chr8	58490178	58500163	-	2	2
ENSG00000167912.6	AC090152.1	lncRNA	chr8	59119040	59123478	+	1	1
ENSG00000167914.12	GSDMA	protein_coding	chr17	39953263	39977768	+	22	22
ENSG00000167916.5	KRT24	protein_coding	chr17	40697991	40703752	-	7	7
ENSG00000167920.10	TMEM99	lncRNA	chr17	40819106	40836270	+	5	1
ENSG00000167925.16	GHDC	protein_coding	chr17	42188799	42194532	-	2	2
ENSG00000167941.3	SOST	protein_coding	chr17	43753738	43758791	-	3	3
ENSG00000168016.15	TRANK1	protein_coding	chr3	36826819	36945057	-	27	27
ENSG00000168026.18	TTC21A	protein_coding	chr3	39107704	39138903	+	29	27
ENSG00000168028.14	RPSA	protein_coding	chr3	39406716	39412542	+	19	19
ENSG00000168032.10	ENTPD3	protein_coding	chr3	40387184	40428744	+	14	0
ENSG00000168036.18	CTNNB1	protein_coding	chr3	41194741	41260096	+	21	16
ENSG00000168038.11	ULK4	protein_coding	chr3	41246599	41962130	-	112	106
ENSG00000168077.14	SCARA3	protein_coding	chr8	27633868	27676776	+	21	21
ENSG00000168078.10	PBK	protein_coding	chr8	27809624	27838082	-	17	7
ENSG00000168079.17	SCARA5	protein_coding	chr8	27869883	27992673	-	38	28
ENSG00000168081.9	PNOC	protein_coding	chr8	28316986	28343355	+	8	4
ENSG00000168137.18	SETD5	protein_coding	chr3	9397615	9479240	+	22	22
ENSG00000168172.9	HOOK3	protein_coding	chr8	42896946	43030535	+	15	9
ENSG00000168237.18	GLYCTK	protein_coding	chr3	52287089	52295257	+	9	1
ENSG00000168246.6	UBTD2	protein_coding	chr5	172209646	172283764	-	12	12
ENSG00000168256.18	NKIRAS2	protein_coding	chr17	42011382	42025644	+	8	2
ENSG00000168259.17	DNAJC7	protein_coding	chr17	41976421	42021376	-	15	8
ENSG00000168263.9	KCNV2	protein_coding	chr9	2717510	2730037	+	12	7
ENSG00000168268.11	NT5DC2	protein_coding	chr3	52524385	52535054	-	31	30
ENSG00000168269.10	FOXI1	protein_coding	chr5	170105897	170109734	+	6	6
ENSG00000168273.8	SMIM4	protein_coding	chr3	52534013	52579237	+	84	21
ENSG00000168280.18	KIF5C	protein_coding	chr2	148875227	149026759	+	59	56
ENSG00000168288.13	MMADHC	protein_coding	chr2	149569637	149587778	-	8	7
ENSG00000168291.13	PDHB	protein_coding	chr3	58427630	58433857	-	17	15
ENSG00000168297.16	PXK	protein_coding	chr3	58332880	58426127	+	38	38
ENSG00000168300.14	PCMTD1	protein_coding	chr8	51817575	51899186	-	24	24
ENSG00000168301.13	KCTD6	protein_coding	chr3	58492096	58502360	+	6	6
ENSG00000168306.13	ACOX2	protein_coding	chr3	58505136	58537283	-	11	11
ENSG00000168309.18	FAM107A	protein_coding	chr3	58564117	58627610	-	23	17
ENSG00000168314.17	MOBP	protein_coding	chr3	39467198	39529479	+	44	38
ENSG00000168329.14	CX3CR1	protein_coding	chr3	39263495	39281735	-	18	18
ENSG00000168333.14	PPDPFL	protein_coding	chr8	49054311	49076093	+	10	10
ENSG00000168334.9	XIRP1	protein_coding	chr3	39183210	39192596	-	6	6
ENSG00000168356.13	SCN11A	protein_coding	chr3	38845764	39052157	-	49	49
ENSG00000168374.11	ARF4	protein_coding	chr3	57571363	57598220	-	11	8
ENSG00000168385.18	SEPTIN2	protein_coding	chr2	241315100	241354027	+	32	23
ENSG00000168386.18	FILIP1L	protein_coding	chr3	99830141	100114513	-	25	0
ENSG00000168393.13	DTYMK	protein_coding	chr2	241675747	241686944	-	10	10
ENSG00000168395.16	ING5	protein_coding	chr2	241687085	241729478	+	50	47
ENSG00000168397.17	ATG4B	protein_coding	chr2	241637213	241673857	+	54	54
ENSG00000168427.9	KLHL30	protein_coding	chr2	238138668	238152947	+	16	16
ENSG00000168453.16	HR	protein_coding	chr8	22114419	22133384	-	28	28
ENSG00000168476.12	REEP4	protein_coding	chr8	22138020	22141951	-	1	1
ENSG00000168481.9	LGI3	protein_coding	chr8	22146830	22157084	-	9	9
ENSG00000168484.13	SFTPC	protein_coding	chr8	22156913	22164479	+	16	16
ENSG00000168487.20	BMP1	protein_coding	chr8	22165140	22212326	+	22	15
ENSG00000168490.14	PHYHIP	protein_coding	chr8	22219703	22232101	-	9	9
ENSG00000168495.13	POLR3D	protein_coding	chr8	22245133	22254601	+	7	7
ENSG00000168497.5	CAVIN2	protein_coding	chr2	191834310	191847088	-	5	5
ENSG00000168505.7	GBX2	protein_coding	chr2	236165236	236168386	-	4	1
ENSG00000168517.10	HEXIM2	protein_coding	chr17	45160700	45170040	+	1	1
ENSG00000168522.13	FNTA	protein_coding	chr8	43034194	43085788	+	10	5
ENSG00000168530.16	MYL1	protein_coding	chr2	210290150	210315174	-	4	4
ENSG00000168542.16	COL3A1	protein_coding	chr2	188974373	189012746	+	30	30
ENSG00000168546.11	GFRA2	protein_coding	chr8	21690398	21812357	-	31	31
ENSG00000168575.10	SLC20A2	protein_coding	chr8	42416475	42541926	-	18	17
ENSG00000168582.5	CRYGA	protein_coding	chr2	208160740	208163589	-	2	2
ENSG00000168591.16	TMUB2	protein_coding	chr17	44186970	44191929	+	7	7
ENSG00000168610.16	STAT3	protein_coding	chr17	42313324	42388540	-	27	27
ENSG00000168615.13	ADAM9	protein_coding	chr8	38996754	39105445	+	39	39
ENSG00000168619.16	ADAM18	protein_coding	chr8	39584489	39730065	+	27	27
ENSG00000168621.15	GDNF	protein_coding	chr5	37812677	37840041	-	10	0
ENSG00000168646.13	AXIN2	protein_coding	chr17	65528563	65561648	-	26	13
ENSG00000168658.19	VWA3B	protein_coding	chr2	98087116	98313299	+	37	37
ENSG00000168671.10	UGT3A2	protein_coding	chr5	36035021	36071358	-	11	11
ENSG00000168672.4	LRATD2	protein_coding	chr8	126552443	126558478	-	2	1
ENSG00000168685.15	IL7R	protein_coding	chr5	35852695	35879603	+	30	30
ENSG00000168702.18	LRP1B	protein_coding	chr2	140231423	142131016	-	236	234
ENSG00000168724.17	DNAJC21	protein_coding	chr5	34929559	34958964	+	20	20
ENSG00000168754.15	FAM178B	protein_coding	chr2	96875882	96986580	-	21	21
ENSG00000168758.11	SEMA4C	protein_coding	chr2	96859718	96870757	-	3	3
ENSG00000168763.16	CNNM3	protein_coding	chr2	96816245	96835382	+	10	1
ENSG00000168779.20	SHOX2	protein_coding	chr3	158095905	158106420	-	15	14
ENSG00000168792.5	ABHD15	protein_coding	chr17	29560547	29567037	-	3	0
ENSG00000168795.5	ZBTB5	protein_coding	chr9	37438102	37465450	-	6	6
ENSG00000168811.7	IL12A	protein_coding	chr3	159988835	159996019	+	2	0
ENSG00000168827.15	GFM1	protein_coding	chr3	158644527	158695581	+	45	12
ENSG00000168828.5	OR13J1	protein_coding	chr9	35869263	35870601	-	2	2
ENSG00000168874.13	ATOH8	protein_coding	chr2	85751344	85791383	+	37	37
ENSG00000168875.3	SOX14	protein_coding	chr3	137764315	137766334	+	3	3
ENSG00000168878.19	SFTPB	protein_coding	chr2	85657314	85668741	-	13	13
ENSG00000168883.20	USP39	protein_coding	chr2	85602856	85649283	+	16	13
ENSG00000168887.11	C2orf68	protein_coding	chr2	85605254	85612066	-	3	0
ENSG00000168890.14	TMEM150A	protein_coding	chr2	85598547	85603196	-	5	5
ENSG00000168894.10	RNF181	protein_coding	chr2	85595725	85597708	+	5	5
ENSG00000168899.5	VAMP5	protein_coding	chr2	85584431	85593406	+	7	7
ENSG00000168903.9	BTNL3	protein_coding	chr5	180988846	181006727	+	17	17
ENSG00000168906.13	MAT2A	protein_coding	chr2	85539168	85545281	+	4	4
ENSG00000168913.7	ENHO	protein_coding	chr9	34521043	34522990	-	2	1
ENSG00000168916.15	ZNF608	protein_coding	chr5	124636913	124748807	-	16	16
ENSG00000168917.9	SLC35G2	protein_coding	chr3	136818647	136855888	+	19	8
ENSG00000168918.14	INPP5D	protein_coding	chr2	233059967	233207903	+	47	47
ENSG00000168938.6	PPIC	protein_coding	chr5	123023250	123036725	-	5	1
ENSG00000168944.17	CEP120	protein_coding	chr5	123344890	123423592	-	33	33
ENSG00000168955.4	TM4SF20	protein_coding	chr2	227362038	227381995	-	13	13
ENSG00000168958.20	MFF	protein_coding	chr2	227325151	227357836	+	31	26
ENSG00000168961.17	LGALS9	protein_coding	chr17	27629798	27649560	+	24	19
ENSG00000168967.14	PMCHL1	transcribed_unprocessed_pseudogene	chr5	22142352	22152356	+	1	0
ENSG00000169006.7	NTSR2	protein_coding	chr2	11658178	11670195	-	3	3
ENSG00000169016.17	E2F6	protein_coding	chr2	11444375	11466177	-	2	2
ENSG00000169031.20	COL4A3	protein_coding	chr2	227164624	227314792	+	56	6
ENSG00000169040.14	PMCHL2	transcribed_unprocessed_pseudogene	chr5	71375786	71385993	+	1	0
ENSG00000169045.17	HNRNPH1	protein_coding	chr5	179614178	179634784	-	25	25
ENSG00000169047.6	IRS1	protein_coding	chr2	226731312	226799820	-	19	19
ENSG00000169064.13	ZBBX	protein_coding	chr3	167239843	167407874	-	32	30
ENSG00000169067.4	ACTBL2	protein_coding	chr5	57480018	57482811	-	4	0
ENSG00000169071.15	ROR2	protein_coding	chr9	91563091	91950228	-	63	63
ENSG00000169085.13	VXN	protein_coding	chr8	66493520	66518524	+	8	0
ENSG00000169087.11	HSPBAP1	protein_coding	chr3	122739999	122793831	-	27	27
ENSG00000169122.11	FAM110B	protein_coding	chr8	57994509	58204279	+	25	22
ENSG00000169131.13	ZNF354A	protein_coding	chr5	178711512	178730659	-	10	3
ENSG00000169139.12	UBE2V2	protein_coding	chr8	48008415	48064708	+	4	4
ENSG00000169154.7	GOT1L1	protein_coding	chr8	37934281	37940124	-	2	0
ENSG00000169155.10	ZBTB43	protein_coding	chr9	126805006	126838210	+	10	10
ENSG00000169194.9	IL13	protein_coding	chr5	132656263	132661110	+	11	0
ENSG00000169220.18	RGS14	protein_coding	chr5	177357924	177372596	+	6	6
ENSG00000169223.15	LMAN2	protein_coding	chr5	177331567	177351668	-	5	5
ENSG00000169228.14	RAB24	protein_coding	chr5	177301198	177303744	-	4	2
ENSG00000169230.10	PRELID1	protein_coding	chr5	177303799	177306949	+	5	0
ENSG00000169247.14	SH3TC2	protein_coding	chr5	148923639	149063163	-	92	92
ENSG00000169251.13	NMD3	protein_coding	chr3	161104696	161253532	+	29	28
ENSG00000169252.6	ADRB2	protein_coding	chr5	148826611	148828623	+	7	7
ENSG00000169255.15	B3GALNT1	protein_coding	chr3	161083883	161105411	-	12	11
ENSG00000169258.7	GPRIN1	protein_coding	chr5	176595802	176610156	-	4	4
ENSG00000169271.3	HSPB3	protein_coding	chr5	54455699	54456377	+	2	2
ENSG00000169282.18	KCNAB1	protein_coding	chr3	156037701	156539138	+	69	9
ENSG00000169302.16	STK32A	protein_coding	chr5	147234963	147387855	+	45	45
ENSG00000169313.10	P2RY12	protein_coding	chr3	151336843	151384753	-	23	0
ENSG00000169359.16	SLC33A1	protein_coding	chr3	155821024	155854456	-	25	0
ENSG00000169379.17	ARL13B	protein_coding	chr3	93980139	94055678	+	10	8
ENSG00000169398.19	PTK2	protein_coding	chr8	140657900	141002216	-	55	55
ENSG00000169427.8	KCNK9	protein_coding	chr8	139600838	139704109	-	21	21
ENSG00000169432.18	SCN9A	protein_coding	chr2	166195185	166376001	-	67	0
ENSG00000169436.17	COL22A1	protein_coding	chr8	138588235	138914041	-	89	89
ENSG00000169439.12	SDC2	protein_coding	chr8	96493813	96611790	+	21	21
ENSG00000169490.17	TM2D2	protein_coding	chr8	38988808	38996824	-	9	9
ENSG00000169495.5	HTRA4	protein_coding	chr8	38974228	38988663	+	6	6
ENSG00000169499.15	PLEKHA2	protein_coding	chr8	38901235	38973912	+	17	15
ENSG00000169507.9	SLC38A11	protein_coding	chr2	164896186	164955525	-	17	0
ENSG00000169554.22	ZEB2	protein_coding	chr2	144364364	144521057	-	32	31
ENSG00000169567.13	HINT1	protein_coding	chr5	131155383	131224468	-	43	30
ENSG00000169570.10	DTWD2	protein_coding	chr5	118836074	118988547	-	26	26
ENSG00000169599.13	NFU1	protein_coding	chr2	69396113	69437628	-	5	5
ENSG00000169604.21	ANTXR1	protein_coding	chr2	69013176	69249327	+	77	75
ENSG00000169605.7	GKN1	protein_coding	chr2	68974573	68980980	+	12	12
ENSG00000169607.13	CKAP2L	protein_coding	chr2	112736349	112764664	-	10	6
ENSG00000169618.7	PROKR1	protein_coding	chr2	68643579	68658251	+	17	13
ENSG00000169621.10	APLF	protein_coding	chr2	68467572	68655862	+	30	26
ENSG00000169629.12	RGPD8	protein_coding	chr2	112368369	112434488	-	3	3
ENSG00000169660.17	HEXD	protein_coding	chr17	82418318	82442645	+	8	8
ENSG00000169679.15	BUB1	protein_coding	chr2	110637528	110678063	-	4	4
ENSG00000169683.8	LRRC45	protein_coding	chr17	82023305	82031151	+	4	2
ENSG00000169689.15	CENPX	protein_coding	chr17	82018702	82024107	-	7	5
ENSG00000169692.13	AGPAT2	protein_coding	chr9	136673143	136687457	-	7	7
ENSG00000169696.16	ASPSCR1	protein_coding	chr17	81976807	82017406	+	31	31
ENSG00000169704.5	GP9	protein_coding	chr3	129060779	129062406	+	2	2
ENSG00000169710.9	FASN	protein_coding	chr17	82078338	82098294	-	32	32
ENSG00000169714.17	CNBP	protein_coding	chr3	129167827	129183922	-	4	4
ENSG00000169718.18	DUS1L	protein_coding	chr17	82057506	82065887	-	11	11
ENSG00000169727.12	GPS1	protein_coding	chr17	82050691	82057470	+	9	8
ENSG00000169733.12	RFNG	protein_coding	chr17	82047902	82051831	-	19	18
ENSG00000169738.8	DCXR	protein_coding	chr17	82035136	82037709	-	9	9
ENSG00000169750.9	RAC3	protein_coding	chr17	82031678	82034204	+	1	1
ENSG00000169756.16	LIMS1	protein_coding	chr2	108534355	108687246	+	37	37
ENSG00000169760.17	NLGN1	protein_coding	chr3	173396284	174286644	+	102	101
ENSG00000169764.16	UGP2	protein_coding	chr2	63840952	63891562	+	17	17
ENSG00000169777.7	TAS2R1	protein_coding	chr5	9627347	9712378	-	14	0
ENSG00000169814.16	BTD	protein_coding	chr3	15601341	15722311	+	65	32
ENSG00000169855.20	ROBO1	protein_coding	chr3	78597239	79767998	-	120	114
ENSG00000169860.7	P2RY1	protein_coding	chr3	152835131	152841439	+	8	8
ENSG00000169862.19	CTNND2	protein_coding	chr5	10971836	11904446	-	97	97
ENSG00000169903.7	TM4SF4	protein_coding	chr3	149474697	149503394	+	11	11
ENSG00000169908.12	TM4SF1	protein_coding	chr3	149369022	149377692	-	9	9
ENSG00000169925.17	BRD3	protein_coding	chr9	134030305	134068535	-	23	15
ENSG00000169946.14	ZFPM2	protein_coding	chr8	104590733	105804539	+	136	88
ENSG00000169964.8	TMEM42	protein_coding	chr3	44861904	44865670	+	2	0
ENSG00000169967.16	MAP3K2	protein_coding	chr2	127298730	127388465	-	28	6
ENSG00000169981.11	ZNF35	protein_coding	chr3	44648732	44660791	+	2	0
ENSG00000169992.10	NLGN2	protein_coding	chr17	7404874	7419860	+	10	10
ENSG00000169994.18	MYO7B	protein_coding	chr2	127535802	127637729	+	45	45
ENSG00000170004.17	CHD3	protein_coding	chr17	7884796	7912760	+	11	10
ENSG00000170011.14	MYRIP	protein_coding	chr3	39808914	40260321	+	66	27
ENSG00000170017.12	ALCAM	protein_coding	chr3	105366909	105576900	+	37	37
ENSG00000170035.16	UBE2E3	protein_coding	chr2	180967248	181076585	+	12	12
ENSG00000170037.14	CNTROB	protein_coding	chr17	7932101	7949920	+	12	12
ENSG00000170043.12	TRAPPC1	protein_coding	chr17	7930345	7932123	-	2	2
ENSG00000170044.8	ZPLD1	protein_coding	chr3	102099244	102479841	+	47	47
ENSG00000170049.9	KCNAB3	protein_coding	chr17	7921859	7929803	-	6	4
ENSG00000170074.19	FAM153A	protein_coding	chr5	177707981	177783398	-	21	16
ENSG00000170085.18	SIMC1	protein_coding	chr5	176238367	176345991	+	16	16
ENSG00000170089.15	AC106795.1	transcribed_unprocessed_pseudogene	chr5	177809407	177950732	+	8	6
ENSG00000170091.11	NSG2	protein_coding	chr5	174045706	174243501	+	24	22
ENSG00000170122.6	FOXD4	protein_coding	chr9	116231	118417	-	6	6
ENSG00000170142.12	UBE2E1	protein_coding	chr3	23805955	23891640	+	9	7
ENSG00000170144.21	HNRNPA3	protein_coding	chr2	177212563	177223958	+	9	9
ENSG00000170160.17	CCDC144A	protein_coding	chr17	16689537	16777881	+	15	3
ENSG00000170166.6	HOXD4	protein_coding	chr2	176151550	176153226	+	3	0
ENSG00000170175.11	CHRNB1	protein_coding	chr17	7445061	7457710	+	18	16
ENSG00000170178.7	HOXD12	protein_coding	chr2	176099795	176102489	+	3	3
ENSG00000170190.16	SLC16A5	protein_coding	chr17	75087727	75106162	+	13	13
ENSG00000170214.5	ADRA1B	protein_coding	chr5	159865080	159973012	+	14	2
ENSG00000170222.12	ADPRM	protein_coding	chr17	10697594	10711558	+	12	0
ENSG00000170231.16	FABP6	protein_coding	chr5	160187367	160238735	+	13	11
ENSG00000170234.13	PWWP2A	protein_coding	chr5	160061801	160119450	-	12	10
ENSG00000170248.15	PDCD6IP	protein_coding	chr3	33798571	33869707	+	28	28
ENSG00000170264.13	FAM161A	protein_coding	chr2	61824848	61854143	-	16	16
ENSG00000170266.16	GLB1	protein_coding	chr3	32996609	33097202	-	37	30
ENSG00000170271.11	FAXDC2	protein_coding	chr5	154818492	154859252	-	12	11
ENSG00000170275.15	CRTAP	protein_coding	chr3	33114014	33147773	+	22	11
ENSG00000170289.13	CNGB3	protein_coding	chr8	86553977	86743675	-	56	32
ENSG00000170291.15	ELP5	protein_coding	chr17	7251416	7259940	+	7	0
ENSG00000170293.9	CMTM8	protein_coding	chr3	32238679	32370321	+	14	14
ENSG00000170296.10	GABARAP	protein_coding	chr17	7240008	7242449	-	3	0
ENSG00000170298.15	LGALS9B	protein_coding	chr17	20449395	20467539	-	1	1
ENSG00000170310.15	STX8	protein_coding	chr17	9250471	9576591	-	42	39
ENSG00000170315.14	UBB	protein_coding	chr17	16380798	16382745	+	2	2
ENSG00000170323.9	FABP4	protein_coding	chr8	81478419	81483236	-	7	0
ENSG00000170340.11	B3GNT2	protein_coding	chr2	62196115	62224731	+	8	8
ENSG00000170364.12	SETMAR	protein_coding	chr3	4303304	4317567	+	8	0
ENSG00000170396.9	ZNF804A	protein_coding	chr2	184598529	184939492	+	38	37
ENSG00000170412.18	GPRC5C	protein_coding	chr17	74424851	74451653	+	19	19
ENSG00000170417.16	TMEM182	protein_coding	chr2	102736905	103019900	+	32	29
ENSG00000170425.3	ADORA2B	protein_coding	chr17	15944917	15975746	+	4	4
ENSG00000170445.16	HARS1	protein_coding	chr5	140673035	140691537	-	23	22
ENSG00000170458.14	CD14	protein_coding	chr5	140631728	140633701	-	3	3
ENSG00000170464.10	DNAJC18	protein_coding	chr5	139408588	139444491	-	6	6
ENSG00000170469.11	SPATA24	protein_coding	chr5	139396563	139404089	-	1	1
ENSG00000170482.17	SLC23A1	protein_coding	chr5	139367196	139384553	-	4	4
ENSG00000170485.17	NPAS2	protein_coding	chr2	100820139	100996829	+	56	41
ENSG00000170500.13	LONRF2	protein_coding	chr2	100271875	100322501	-	63	63
ENSG00000170549.4	IRX1	protein_coding	chr5	3595832	3601403	+	7	2
ENSG00000170561.13	IRX2	protein_coding	chr5	2745845	2751677	-	8	8
ENSG00000170571.12	EMB	protein_coding	chr5	50396192	50443248	-	14	14
ENSG00000170577.8	SIX2	protein_coding	chr2	45005182	45009452	-	4	4
ENSG00000170584.11	NUDCD2	protein_coding	chr5	163446526	163460102	-	9	9
ENSG00000170606.15	HSPA4	protein_coding	chr5	133052013	133106449	+	18	18
ENSG00000170613.4	FAM71B	protein_coding	chr5	157161846	157166264	-	4	0
ENSG00000170619.10	COMMD5	protein_coding	chr8	144841042	144853736	-	22	6
ENSG00000170624.14	SGCD	protein_coding	chr5	155870344	156767788	+	109	104
ENSG00000170631.15	ZNF16	protein_coding	chr8	144930358	144950888	-	12	12
ENSG00000170634.13	ACYP2	protein_coding	chr2	53970838	54305300	+	62	55
ENSG00000170681.7	CAVIN4	protein_coding	chr9	100578079	100588389	+	11	11
ENSG00000170689.10	HOXB9	protein_coding	chr17	48621156	48626358	-	9	0
ENSG00000170703.15	TTLL6	protein_coding	chr17	48762235	48817214	-	16	16
ENSG00000170745.12	KCNS3	protein_coding	chr2	17877847	18361616	+	60	60
ENSG00000170777.10	TPD52L3	protein_coding	chr9	6328375	6331900	+	10	10
ENSG00000170786.13	SDR16C5	protein_coding	chr8	56300005	56320776	-	5	5
ENSG00000170791.18	CHCHD7	protein_coding	chr8	56211686	56218809	+	9	9
ENSG00000170802.16	FOXN2	protein_coding	chr2	48314637	48379295	+	13	13
ENSG00000170819.5	BFSP2	protein_coding	chr3	133400056	133475222	+	12	8
ENSG00000170820.12	FSHR	protein_coding	chr2	48962157	49154527	-	25	0
ENSG00000170827.9	CELP	transcribed_unprocessed_pseudogene	chr9	133079900	133087355	+	1	1
ENSG00000170832.13	USP32	protein_coding	chr17	60177327	60422470	-	22	19
ENSG00000170835.17	CEL	protein_coding	chr9	133061981	133071861	+	3	3
ENSG00000170836.12	PPM1D	protein_coding	chr17	60600183	60666280	+	10	10
ENSG00000170837.3	GPR27	protein_coding	chr3	71753855	71756496	+	1	0
ENSG00000170854.18	RIOX2	protein_coding	chr3	97941818	97972457	-	5	5
ENSG00000170860.4	LSM3	protein_coding	chr3	14178817	14201122	+	14	14
ENSG00000170873.19	MTSS1	protein_coding	chr8	124550784	124728473	-	66	22
ENSG00000170876.8	TMEM43	protein_coding	chr3	14125015	14143680	+	15	5
ENSG00000170881.5	RNF139	protein_coding	chr8	124474880	124488618	+	5	5
ENSG00000170893.4	TRH	protein_coding	chr3	129974688	129977935	+	3	3
ENSG00000170921.15	TANC2	protein_coding	chr17	63009556	63427699	+	42	25
ENSG00000170961.7	HAS2	protein_coding	chr8	121612116	121641440	-	8	5
ENSG00000170983.4	LINC00208	lncRNA	chr8	11576257	11582817	+	1	1
ENSG00000171033.13	PKIA	protein_coding	chr8	78516340	78605267	+	11	8
ENSG00000171044.11	XKR6	protein_coding	chr8	10896045	11201833	-	37	37
ENSG00000171045.16	TSNARE1	protein_coding	chr8	142212080	142403182	-	44	44
ENSG00000171055.15	FEZ2	protein_coding	chr2	36531805	36646087	-	53	46
ENSG00000171056.8	SOX7	protein_coding	chr8	10723768	10730511	-	8	4
ENSG00000171060.11	C8orf74	protein_coding	chr8	10672628	10700590	+	27	0
ENSG00000171084.15	FAM86JP	transcribed_unprocessed_pseudogene	chr3	125916620	125930024	+	7	2
ENSG00000171094.18	ALK	protein_coding	chr2	29192774	29921586	-	94	82
ENSG00000171097.14	KYAT1	protein_coding	chr9	128832942	128882494	-	9	1
ENSG00000171102.14	OBP2B	protein_coding	chr9	133205277	133209250	-	9	9
ENSG00000171103.11	TRMT61B	protein_coding	chr2	28849821	28870309	-	5	5
ENSG00000171109.19	MFN1	protein_coding	chr3	179347709	179394936	+	19	19
ENSG00000171121.16	KCNMB3	protein_coding	chr3	179236691	179267002	-	33	26
ENSG00000171126.8	KCNG3	protein_coding	chr2	42442017	42493982	-	7	6
ENSG00000171132.14	PRKCE	protein_coding	chr2	45651345	46187990	+	80	80
ENSG00000171133.3	OR2K2	protein_coding	chr9	111327483	111330183	-	2	2
ENSG00000171135.15	JAGN1	protein_coding	chr3	9890574	9894349	+	5	5
ENSG00000171148.13	TADA3	protein_coding	chr3	9779860	9793011	-	11	4
ENSG00000171150.9	SOCS5	protein_coding	chr2	46698952	46780245	+	23	0
ENSG00000171159.5	C9orf16	protein_coding	chr9	128160265	128163924	+	5	0
ENSG00000171169.9	NAIF1	protein_coding	chr9	128061233	128068206	-	4	4
ENSG00000171174.15	RBKS	protein_coding	chr2	27781379	27890681	-	13	0
ENSG00000171227.7	TMEM37	protein_coding	chr2	119429901	119438504	+	4	4
ENSG00000171246.6	NPTX1	protein_coding	chr17	80466834	80477843	-	23	23
ENSG00000171298.13	GAA	protein_coding	chr17	80101556	80119881	+	46	46
ENSG00000171302.17	CANT1	protein_coding	chr17	78991716	79009867	-	14	14
ENSG00000171303.7	KCNK3	protein_coding	chr2	26692690	26733420	+	11	11
ENSG00000171316.12	CHD7	protein_coding	chr8	60678740	60868028	+	39	39
ENSG00000171320.15	ESCO2	protein_coding	chr8	27771949	27812640	+	34	22
ENSG00000171345.13	KRT19	protein_coding	chr17	41523617	41528308	-	4	4
ENSG00000171346.16	KRT15	protein_coding	chr17	41513745	41522529	-	14	14
ENSG00000171360.4	KRT38	protein_coding	chr17	41436154	41440983	-	19	19
ENSG00000171368.12	TPPP	protein_coding	chr5	659862	693352	-	42	7
ENSG00000171396.12	KRTAP4-4	protein_coding	chr17	41159649	41160748	-	5	5
ENSG00000171401.15	KRT13	protein_coding	chr17	41500981	41505705	-	10	8
ENSG00000171403.10	KRT9	protein_coding	chr17	41565836	41572059	-	6	6
ENSG00000171421.13	MRPL36	protein_coding	chr5	1798385	1801366	-	12	12
ENSG00000171428.15	NAT1	protein_coding	chr8	18170477	18223689	+	13	13
ENSG00000171431.4	KRT20	protein_coding	chr17	40875889	40885242	-	5	5
ENSG00000171444.18	MCC	protein_coding	chr5	113022099	113488823	-	95	68
ENSG00000171446.7	KRT27	protein_coding	chr17	40776808	40782550	-	11	11
ENSG00000171448.9	ZBTB26	protein_coding	chr9	122915566	122931512	-	4	4
ENSG00000171459.4	OR1L6	protein_coding	chr9	122742303	122750783	+	3	3
ENSG00000171475.14	WIPF2	protein_coding	chr17	40219304	40284136	+	10	10
ENSG00000171481.4	OR1L3	protein_coding	chr9	122675036	122676153	+	5	5
ENSG00000171495.17	MROH2B	protein_coding	chr5	40998017	41071342	-	54	54
ENSG00000171496.4	OR1L8	protein_coding	chr9	122567117	122583384	-	19	0
ENSG00000171501.10	OR1N2	protein_coding	chr9	122553112	122555173	+	12	0
ENSG00000171505.5	OR1N1	protein_coding	chr9	122526358	122527296	-	4	0
ENSG00000171522.6	PTGER4	protein_coding	chr5	40679915	40693735	+	4	0
ENSG00000171530.15	TBCA	protein_coding	chr5	77691166	77868780	-	30	30
ENSG00000171532.5	NEUROD2	protein_coding	chr17	39603536	39609777	-	3	3
ENSG00000171540.8	OTP	protein_coding	chr5	77628712	77638713	-	10	10
ENSG00000171551.12	ECEL1	protein_coding	chr2	232479827	232487834	-	7	7
ENSG00000171595.14	DNAI2	protein_coding	chr17	74274234	74314884	+	23	22
ENSG00000171596.7	NMUR1	protein_coding	chr2	231523187	231530445	-	14	14
ENSG00000171604.12	CXXC5	protein_coding	chr5	139647299	139683882	+	9	8
ENSG00000171617.15	ENC1	protein_coding	chr5	74627406	74641424	-	14	14
ENSG00000171634.18	BPTF	protein_coding	chr17	67825503	67984378	+	36	36
ENSG00000171643.14	S100Z	protein_coding	chr5	76850001	76921650	+	16	16
ENSG00000171658.8	NMRAL2P	transcribed_unprocessed_pseudogene	chr3	185959943	185980872	+	2	2
ENSG00000171720.10	HDAC3	protein_coding	chr5	141620876	141636849	-	5	2
ENSG00000171757.17	LRRC34	protein_coding	chr3	169793003	169812986	-	5	5
ENSG00000171815.6	PCDHB1	protein_coding	chr5	141051374	141059346	+	5	0
ENSG00000171843.17	MLLT3	protein_coding	chr9	20341669	20622499	-	37	37
ENSG00000171848.16	RRM2	protein_coding	chr2	10120698	10211725	+	23	23
ENSG00000171853.16	TRAPPC12	protein_coding	chr2	3379675	3485094	+	62	61
ENSG00000171855.7	IFNB1	protein_coding	chr9	21077104	21077942	-	1	1
ENSG00000171861.11	MRM3	protein_coding	chr17	782353	792509	+	4	2
ENSG00000171863.15	RPS7	protein_coding	chr2	3575260	3580920	+	22	22
ENSG00000171865.10	RNASEH1	protein_coding	chr2	3541430	3558333	-	13	0
ENSG00000171889.5	MIR31HG	lncRNA	chr9	21453802	21559900	-	28	24
ENSG00000171916.17	LGALS9C	protein_coding	chr17	18476737	18494945	+	12	12
ENSG00000171928.14	TVP23B	protein_coding	chr17	18781111	18806714	+	15	15
ENSG00000171931.13	FBXW10	protein_coding	chr17	18744026	18779349	+	15	15
ENSG00000171951.5	SCG2	protein_coding	chr2	223596940	223602361	-	3	3
ENSG00000171953.16	ATPAF2	protein_coding	chr17	17977409	18039209	-	22	6
ENSG00000171962.18	DRC3	protein_coding	chr17	17972813	18016889	+	22	6
ENSG00000171992.13	SYNPO	protein_coding	chr5	150601080	150659207	+	21	21
ENSG00000172005.11	MAL	protein_coding	chr2	95025677	95053992	+	2	2
ENSG00000172014.12	ANKRD20A4P	protein_coding	chr9	64369394	64413142	+	6	6
ENSG00000172016.16	REG3A	protein_coding	chr2	79157003	79159753	-	4	0
ENSG00000172020.13	GAP43	protein_coding	chr3	115623510	115721490	+	14	14
ENSG00000172023.8	REG1B	protein_coding	chr2	79085023	79088019	-	11	11
ENSG00000172037.14	LAMB2	protein_coding	chr3	49121114	49133118	-	3	3
ENSG00000172046.19	USP19	protein_coding	chr3	49108046	49120938	-	7	7
ENSG00000172053.18	QARS1	protein_coding	chr3	49095932	49105130	-	5	5
ENSG00000172057.10	ORMDL3	protein_coding	chr17	39921041	39927601	-	5	5
ENSG00000172059.11	KLF11	protein_coding	chr2	10042849	10054836	+	10	10
ENSG00000172061.9	LRRC15	protein_coding	chr3	194355249	194369743	-	35	35
ENSG00000172071.14	EIF2AK3	protein_coding	chr2	88556741	88627464	-	12	8
ENSG00000172073.4	TEX37	protein_coding	chr2	88524649	88529585	+	1	1
ENSG00000172086.9	KRCC1	protein_coding	chr2	88027205	88064252	-	6	6
ENSG00000172113.10	NME6	protein_coding	chr3	48290722	48301685	-	17	4
ENSG00000172116.23	CD8B	protein_coding	chr2	86815339	86861924	-	17	16
ENSG00000172123.13	SLFN12	protein_coding	chr17	35410922	35433283	-	14	14
ENSG00000172139.15	SLC9C1	protein_coding	chr3	112140898	112294227	-	48	48
ENSG00000172146.3	OR1A1	protein_coding	chr17	3207539	3218896	+	44	44
ENSG00000172150.4	OR1A2	protein_coding	chr17	3197519	3198448	+	5	5
ENSG00000172156.4	CCL11	protein_coding	chr17	34285742	34288334	+	4	4
ENSG00000172159.16	FRMD3	protein_coding	chr9	83242990	83538546	-	57	57
ENSG00000172164.15	SNTB1	protein_coding	chr8	120535745	120813273	-	45	35
ENSG00000172167.8	MTBP	protein_coding	chr8	120445400	120542133	+	29	23
ENSG00000172171.11	TEFM	protein_coding	chr17	30897336	30906238	-	6	4
ENSG00000172172.8	MRPL13	protein_coding	chr8	120380761	120445402	-	9	9
ENSG00000172215.6	CXCR6	protein_coding	chr3	45940933	45948351	+	4	0
ENSG00000172239.14	PAIP1	protein_coding	chr5	43526267	43557758	-	11	11
ENSG00000172244.9	C5orf34	protein_coding	chr5	43486709	43515148	-	5	0
ENSG00000172262.11	ZNF131	protein_coding	chr5	43065176	43192021	+	34	34
ENSG00000172292.15	CERS6	protein_coding	chr2	168456249	168775134	+	33	28
ENSG00000172301.11	COPRS	protein_coding	chr17	31851871	31859291	-	2	2
ENSG00000172318.5	B3GALT1	protein_coding	chr2	167868948	167874041	+	5	0
ENSG00000172340.15	SUCLG2	protein_coding	chr3	67360460	67654612	-	44	44
ENSG00000172421.10	EFCAB3	protein_coding	chr17	62343941	62416480	+	21	21
ENSG00000172428.11	COPS9	protein_coding	chr2	240126563	240136807	-	8	8
ENSG00000172478.18	MAB21L4	protein_coding	chr2	240886048	240896889	-	28	28
ENSG00000172482.5	AGXT	protein_coding	chr2	240868824	240880502	+	29	29
ENSG00000172497.9	ACOT12	protein_coding	chr5	81329996	81394179	-	13	13
ENSG00000172548.15	NIPAL4	protein_coding	chr5	157460213	157474722	+	11	0
ENSG00000172554.12	SNTG2	protein_coding	chr2	950849	1367613	+	103	100
ENSG00000172568.5	FNDC9	protein_coding	chr5	157341598	157345677	-	5	0
ENSG00000172578.12	KLHL6	protein_coding	chr3	183487551	183555706	-	50	49
ENSG00000172667.11	ZMAT3	protein_coding	chr3	178960121	179072215	-	26	26
ENSG00000172680.1	MOS	protein_coding	chr8	56112942	56113982	-	1	1
ENSG00000172716.16	SLFN11	protein_coding	chr17	35350305	35373701	-	12	12
ENSG00000172724.12	CCL19	protein_coding	chr9	34689570	34691276	-	1	1
ENSG00000172728.16	FUT10	protein_coding	chr8	33370824	33473146	-	32	32
ENSG00000172733.11	PURG	protein_coding	chr8	30995802	31033715	-	5	5
ENSG00000172748.14	ZNF596	protein_coding	chr8	232137	264703	+	16	13
ENSG00000172752.14	COL6A5	protein_coding	chr3	130345516	130484844	+	60	60
ENSG00000172765.17	TMCC1	protein_coding	chr3	129647792	129893606	-	23	23
ENSG00000172771.12	EFCAB12	protein_coding	chr3	129401321	129428651	-	39	39
ENSG00000172780.17	RAB43	protein_coding	chr3	129087569	129122801	-	4	0
ENSG00000172782.12	FADS6	protein_coding	chr17	74877302	74893781	-	13	13
ENSG00000172785.18	CBWD1	protein_coding	chr9	121038	179147	-	26	26
ENSG00000172794.20	RAB37	protein_coding	chr17	74670578	74747335	+	26	12
ENSG00000172795.17	DCP2	protein_coding	chr5	112976702	113022195	+	20	20
ENSG00000172809.13	RPL38	protein_coding	chr17	74203582	74210655	+	3	2
ENSG00000172817.4	CYP7B1	protein_coding	chr8	64587763	64798737	-	28	25
ENSG00000172845.17	SP3	protein_coding	chr2	173880850	173965702	-	32	32
ENSG00000172869.14	DMXL1	protein_coding	chr5	119037772	119249138	+	32	27
ENSG00000172878.14	METAP1D	protein_coding	chr2	171999943	172082430	+	19	19
ENSG00000172888.12	ZNF621	protein_coding	chr3	40524878	40574685	+	18	18
ENSG00000172889.16	EGFL7	protein_coding	chr9	136658856	136672678	+	12	11
ENSG00000172901.20	LVRN	protein_coding	chr5	115962454	116027619	+	42	42
ENSG00000172936.16	MYD88	protein_coding	chr3	38138478	38143022	+	2	2
ENSG00000172939.9	OXSR1	protein_coding	chr3	38165089	38255484	+	11	11
ENSG00000172940.13	SLC22A13	protein_coding	chr3	38265812	38278757	+	6	5
ENSG00000172954.14	LCLAT1	protein_coding	chr2	30447226	30644225	+	49	49
ENSG00000172965.17	MIR4435-2HG	lncRNA	chr2	111006015	111523376	-	74	16
ENSG00000172969.7	FRG2C	protein_coding	chr3	75664330	75667220	+	36	0
ENSG00000172985.11	SH3RF3	protein_coding	chr2	109129205	109504634	+	49	49
ENSG00000172986.13	GXYLT2	protein_coding	chr3	72888046	72998138	+	25	22
ENSG00000172992.12	DCAKD	protein_coding	chr17	45023340	45061109	-	15	0
ENSG00000172995.16	ARPP21	protein_coding	chr3	35638945	35794496	+	32	31
ENSG00000173065.13	FAM222B	protein_coding	chr17	28755978	28855232	-	13	12
ENSG00000173068.18	BNC2	protein_coding	chr9	16409503	16870843	-	67	63
ENSG00000173077.16	DELEC1	lncRNA	chr9	114850968	115402644	+	110	31
ENSG00000173137.12	ADCK5	protein_coding	chr8	144373101	144393242	+	11	11
ENSG00000173163.10	COMMD1	protein_coding	chr2	61888724	62147247	+	24	14
ENSG00000173166.18	RAPH1	protein_coding	chr2	203394345	203535335	-	35	11
ENSG00000173175.15	ADCY5	protein_coding	chr3	123282296	123449090	-	34	34
ENSG00000173193.15	PARP14	protein_coding	chr3	122680839	122730840	+	29	29
ENSG00000173200.13	PARP15	protein_coding	chr3	122577628	122639047	+	31	31
ENSG00000173209.23	AHSA2P	transcribed_unitary_pseudogene	chr2	61177418	61191203	+	7	1
ENSG00000173210.20	ABLIM3	protein_coding	chr5	149141483	149260542	+	33	2
ENSG00000173221.14	GLRX	protein_coding	chr5	95751319	95822726	-	35	0
ENSG00000173226.17	IQCB1	protein_coding	chr3	121769761	121835079	-	19	19
ENSG00000173230.15	GOLGB1	protein_coding	chr3	121663199	121749767	-	25	25
ENSG00000173250.2	GPR151	protein_coding	chr5	146513103	146516190	-	4	4
ENSG00000173253.15	DMRT2	protein_coding	chr9	1049858	1057552	+	18	18
ENSG00000173258.13	ZNF483	protein_coding	chr9	111525159	111577844	+	43	22
ENSG00000173261.9	PLAC8L1	protein_coding	chr5	146084313	146105577	-	7	1
ENSG00000173272.16	MZT2A	protein_coding	chr2	131464900	131492743	-	44	33
ENSG00000173273.16	TNKS	protein_coding	chr8	9555912	9782346	+	59	59
ENSG00000173281.5	PPP1R3B	protein_coding	chr8	9136255	9151574	-	30	28
ENSG00000173295.8	FAM86B3P	transcribed_unprocessed_pseudogene	chr8	8228595	8244865	+	1	0
ENSG00000173302.5	GPR148	protein_coding	chr2	130729070	130730336	+	3	3
ENSG00000173334.4	TRIB1	protein_coding	chr8	125430358	125438403	+	12	12
ENSG00000173349.6	SFT2D3	protein_coding	chr2	127701497	127705242	+	4	0
ENSG00000173366.11	AC097637.1	protein_coding	chr3	52221081	52231190	-	4	2
ENSG00000173389.16	IQCF1	protein_coding	chr3	51894876	51903353	-	2	2
ENSG00000173402.12	DAG1	protein_coding	chr3	49468703	49535618	+	13	13
ENSG00000173421.17	IHO1	protein_coding	chr3	49198428	49258106	+	9	9
ENSG00000173473.11	SMARCC1	protein_coding	chr3	47585269	47782106	-	24	23
ENSG00000173530.6	TNFRSF10D	protein_coding	chr8	23135588	23164027	-	11	11
ENSG00000173531.15	MST1	protein_coding	chr3	49683947	49689501	-	4	3
ENSG00000173535.15	TNFRSF10C	protein_coding	chr8	23102921	23117445	+	5	1
ENSG00000173540.14	GMPPB	protein_coding	chr3	49716844	49723973	-	2	0
ENSG00000173545.5	ZNF622	protein_coding	chr5	16451519	16465800	-	3	3
ENSG00000173557.15	FAM166C	protein_coding	chr2	26562585	26579532	+	10	10
ENSG00000173559.15	NABP1	protein_coding	chr2	191678068	191741097	+	27	20
ENSG00000173567.15	ADGRF3	protein_coding	chr2	26308173	26346817	-	19	0
ENSG00000173578.8	XCR1	protein_coding	chr3	46017007	46027487	-	13	13
ENSG00000173585.16	CCR9	protein_coding	chr3	45886504	45903175	+	4	0
ENSG00000173611.18	SCAI	protein_coding	chr9	124942608	125143528	-	29	29
ENSG00000173679.2	OR1L1	protein_coding	chr9	122661566	122662648	+	4	4
ENSG00000173692.14	PSMD1	protein_coding	chr2	231056845	231173116	+	27	24
ENSG00000173699.17	SPATA3	protein_coding	chr2	230990324	231025055	+	36	32
ENSG00000173702.7	MUC13	protein_coding	chr3	124905442	124953819	-	13	13
ENSG00000173705.9	SUSD5	protein_coding	chr3	33150043	33218810	-	20	20
ENSG00000173706.14	HEG1	protein_coding	chr3	124965710	125055997	-	37	37
ENSG00000173714.8	WFIKKN2	protein_coding	chr17	50834650	50842353	+	10	8
ENSG00000173744.18	AGFG1	protein_coding	chr2	227472152	227561217	+	30	30
ENSG00000173757.10	STAT5B	protein_coding	chr17	42199177	42276707	-	8	7
ENSG00000173762.8	CD7	protein_coding	chr17	82314868	82317608	-	5	5
ENSG00000173769.4	TOPAZ1	protein_coding	chr3	44241886	44332098	+	16	16
ENSG00000173786.17	CNP	protein_coding	chr17	41966763	41977740	+	14	13
ENSG00000173801.17	JUP	protein_coding	chr17	41754604	41786931	-	16	16
ENSG00000173805.16	HAP1	protein_coding	chr17	41717742	41734644	-	36	36
ENSG00000173811.11	CCDC13-AS1	lncRNA	chr3	42732575	42746768	+	6	0
ENSG00000173818.17	ENDOV	protein_coding	chr17	80415165	80438086	+	35	35
ENSG00000173821.19	RNF213	protein_coding	chr17	80260866	80398786	+	74	41
ENSG00000173826.15	KCNH6	protein_coding	chr17	63523334	63548977	+	11	11
ENSG00000173838.12	MARCHF10	protein_coding	chr17	62701314	62808344	-	22	6
ENSG00000173868.12	PHOSPHO1	protein_coding	chr17	49223366	49230787	-	4	4
ENSG00000173889.16	PHC3	protein_coding	chr3	170086732	170181749	-	24	24
ENSG00000173890.17	GPR160	protein_coding	chr3	170037995	170085392	+	11	10
ENSG00000173894.11	CBX2	protein_coding	chr17	79778148	79787983	+	12	12
ENSG00000173905.9	GOLIM4	protein_coding	chr3	168008689	168095924	-	21	21
ENSG00000173908.9	KRT28	protein_coding	chr17	40792196	40799959	-	8	8
ENSG00000173917.11	HOXB2	protein_coding	chr17	48540894	48545109	-	9	5
ENSG00000173918.15	C1QTNF1	protein_coding	chr17	79022814	79049788	+	16	14
ENSG00000173926.6	MARCHF3	protein_coding	chr5	126867714	127030558	-	25	25
ENSG00000173930.9	SLCO4C1	protein_coding	chr5	102233986	102296284	-	28	28
ENSG00000173950.16	XXYLT1	protein_coding	chr3	195068284	195271159	-	47	46
ENSG00000173960.14	UBXN2A	protein_coding	chr2	23927285	24004909	+	24	24
ENSG00000173991.6	TCAP	protein_coding	chr17	39665349	39666554	+	1	1
ENSG00000174004.6	NRROS	protein_coding	chr3	196639694	196662004	+	7	0
ENSG00000174007.9	CEP19	protein_coding	chr3	196706277	196712250	-	10	0
ENSG00000174013.8	FBXO45	protein_coding	chr3	196568611	196589059	+	10	10
ENSG00000174038.13	C9orf131	protein_coding	chr9	35041095	35045986	+	4	1
ENSG00000174132.9	FAM174A	protein_coding	chr5	100535374	100586741	+	9	9
ENSG00000174136.13	RGMB	protein_coding	chr5	98768650	98798643	+	23	14
ENSG00000174173.7	TRMT10C	protein_coding	chr3	101561868	101566446	+	3	3
ENSG00000174226.9	SNX31	protein_coding	chr8	100572889	100663415	-	29	29
ENSG00000174231.17	PRPF8	protein_coding	chr17	1650629	1684867	-	24	24
ENSG00000174238.15	PITPNA	protein_coding	chr17	1517718	1562792	-	20	19
ENSG00000174255.8	ZNF80	protein_coding	chr3	114234631	114237578	-	9	7
ENSG00000174279.4	EVX2	protein_coding	chr2	176077472	176083913	-	4	4
ENSG00000174282.12	ZBTB4	protein_coding	chr17	7459366	7484263	-	16	11
ENSG00000174292.12	TNK1	protein_coding	chr17	7380534	7389774	+	10	10
ENSG00000174325.6	DIRC1	lncRNA	chr2	188734155	188790104	-	5	0
ENSG00000174326.14	SLC16A11	protein_coding	chr17	7041621	7044092	-	9	9
ENSG00000174327.7	SLC16A13	protein_coding	chr17	7036015	7040117	+	6	6
ENSG00000174339.2	OR2Y1	protein_coding	chr5	180739042	180740099	-	2	2
ENSG00000174358.16	SLC6A19	protein_coding	chr5	1201595	1225111	+	37	37
ENSG00000174417.3	TRHR	protein_coding	chr8	109086585	109121565	+	4	4
ENSG00000174429.4	ABRA	protein_coding	chr8	106759483	106770244	-	5	5
ENSG00000174453.10	VWC2L	protein_coding	chr2	214411054	214578976	+	20	0
ENSG00000174482.10	LINGO2	protein_coding	chr9	27948078	28670286	-	77	74
ENSG00000174500.13	GCSAM	protein_coding	chr3	112120839	112133270	-	16	2
ENSG00000174501.14	ANKRD36C	protein_coding	chr2	95836919	95991831	-	23	23
ENSG00000174564.13	IL20RB	protein_coding	chr3	136946230	137011085	+	13	6
ENSG00000174579.4	MSL2	protein_coding	chr3	136148917	136197241	-	6	6
ENSG00000174611.12	KY	protein_coding	chr3	134599923	134651636	-	25	0
ENSG00000174640.15	SLCO2A1	protein_coding	chr3	133932701	134052184	-	30	30
ENSG00000174695.10	TMEM167A	protein_coding	chr5	83052846	83077863	-	18	18
ENSG00000174705.13	SH3PXD2B	protein_coding	chr5	172325000	172454525	-	37	37
ENSG00000174738.13	NR1D2	protein_coding	chr3	23945286	23980617	+	15	8
ENSG00000174748.22	RPL15	protein_coding	chr3	23916591	23924374	+	11	0
ENSG00000174776.11	WDR49	protein_coding	chr3	167478684	167653983	-	23	23
ENSG00000174839.13	DENND6A	protein_coding	chr3	57625454	57693077	-	12	9
ENSG00000174840.9	PDE12	protein_coding	chr3	57556274	57566848	+	12	12
ENSG00000174844.14	DNAH12	protein_coding	chr3	57293699	57544344	-	61	60
ENSG00000174891.13	RSRC1	protein_coding	chr3	158105855	158545730	+	54	50
ENSG00000174899.12	SLC66A1L	transcribed_unitary_pseudogene	chr3	157543246	157677749	+	12	11
ENSG00000174928.16	C3orf33	protein_coding	chr3	155762617	155806278	-	12	0
ENSG00000174930.4	VN2R1P	unitary_pseudogene	chr3	156019646	156037647	+	1	1
ENSG00000174944.9	P2RY14	protein_coding	chr3	151212117	151278542	-	10	0
ENSG00000174946.7	GPR171	protein_coding	chr3	151197832	151203216	-	4	0
ENSG00000174948.6	GPR149	protein_coding	chr3	154334943	154430190	-	12	10
ENSG00000174953.14	DHX36	protein_coding	chr3	154272546	154324487	-	17	17
ENSG00000174963.18	ZIC4	protein_coding	chr3	147386046	147406809	-	8	3
ENSG00000175040.6	CHST2	protein_coding	chr3	143119771	143124014	+	9	6
ENSG00000175054.16	ATR	protein_coding	chr3	142449007	142578733	-	47	43
ENSG00000175061.18	SNHG29	lncRNA	chr17	16438767	16478678	+	13	2
ENSG00000175066.16	GK5	protein_coding	chr3	142157527	142225592	-	52	52
ENSG00000175073.8	VCPIP1	protein_coding	chr8	66628487	66667231	-	5	5
ENSG00000175077.6	RTP1	protein_coding	chr3	187197486	187201462	+	5	0
ENSG00000175084.12	DES	protein_coding	chr2	219418377	219426734	+	7	7
ENSG00000175093.5	SPSB4	protein_coding	chr3	141051347	141148611	+	20	19
ENSG00000175105.8	ZNF654	protein_coding	chr3	88059255	88144660	+	19	0
ENSG00000175106.17	TVP23C	protein_coding	chr17	15502264	15563595	-	25	0
ENSG00000175110.13	MRPS22	protein_coding	chr3	139005806	139357223	+	64	40
ENSG00000175155.11	YPEL2	protein_coding	chr17	59331655	59401729	+	28	22
ENSG00000175161.14	CADM2	protein_coding	chr3	84958989	86074429	+	117	110
ENSG00000175164.16	ABO	protein_coding	chr9	133233278	133276024	-	84	84
ENSG00000175166.17	PSMD2	protein_coding	chr3	184299198	184309050	+	9	9
ENSG00000175175.6	PPM1E	protein_coding	chr17	58755854	58985179	+	26	24
ENSG00000175182.15	FAM131A	protein_coding	chr3	184335926	184348421	+	15	10
ENSG00000175193.14	PARL	protein_coding	chr3	183829271	183884933	-	10	0
ENSG00000175287.19	PHYHD1	protein_coding	chr9	128920966	128942041	+	8	8
ENSG00000175305.18	CCNE2	protein_coding	chr8	94879770	94896678	-	10	6
ENSG00000175309.15	PHYKPL	protein_coding	chr5	178208471	178232802	-	39	38
ENSG00000175324.10	LSM1	protein_coding	chr8	38163335	38176730	-	4	4
ENSG00000175325.2	PROP1	protein_coding	chr5	177992235	177996242	-	6	6
ENSG00000175414.7	ARL10	protein_coding	chr5	176365487	176401865	+	32	20
ENSG00000175416.16	CLTB	protein_coding	chr5	176392501	176416539	-	6	3
ENSG00000175426.11	PCSK1	protein_coding	chr5	96390333	96434143	-	15	0
ENSG00000175445.17	LPL	protein_coding	chr8	19901717	19967259	+	30	30
ENSG00000175449.14	RFESD	protein_coding	chr5	95646754	95684773	+	16	4
ENSG00000175455.16	CCDC14	protein_coding	chr3	123897305	123961408	-	33	33
ENSG00000175471.19	MCTP1	protein_coding	chr5	94703741	95284575	-	73	57
ENSG00000175497.17	DPP10	protein_coding	chr2	114442299	115845780	+	153	140
ENSG00000175509.8	ACRP1	processed_pseudogene	chr2	113667478	113668621	-	1	1
ENSG00000175606.11	TMEM70	protein_coding	chr8	73972437	73982783	+	12	11
ENSG00000175611.12	LINC00476	lncRNA	chr9	95759231	95876049	-	13	10
ENSG00000175662.18	TOM1L2	protein_coding	chr17	17843511	17972422	-	28	28
ENSG00000175697.11	GPR156	protein_coding	chr3	120164645	120285222	-	27	27
ENSG00000175701.11	MTLN	protein_coding	chr2	110211529	110245420	-	14	14
ENSG00000175711.8	B3GNTL1	protein_coding	chr17	82942155	83051810	-	60	44
ENSG00000175745.14	NR2F1	protein_coding	chr5	93583222	93594611	+	1	1
ENSG00000175764.15	TTLL11	protein_coding	chr9	121821928	122093606	-	34	27
ENSG00000175766.13	EIF4E1B	protein_coding	chr5	176630618	176646644	+	7	7
ENSG00000175768.13	TOMM5	protein_coding	chr9	37582646	37592604	-	7	0
ENSG00000175787.17	ZNF169	protein_coding	chr9	94259298	94301829	+	20	20
ENSG00000175792.12	RUVBL1	protein_coding	chr3	128064778	128153914	-	37	25
ENSG00000175806.15	MSRA	protein_coding	chr8	10054292	10428891	+	52	49
ENSG00000175826.12	CTDNEP1	protein_coding	chr17	7243591	7252491	-	4	0
ENSG00000175832.13	ETV4	protein_coding	chr17	43527844	43579620	-	12	0
ENSG00000175854.14	SWI5	protein_coding	chr9	128275379	128316123	+	21	11
ENSG00000175857.8	GAPT	protein_coding	chr5	58491435	58497090	+	5	5
ENSG00000175866.15	BAIAP2	protein_coding	chr17	81035122	81117432	+	68	51
ENSG00000175874.10	CREG2	protein_coding	chr2	101345550	101387503	-	26	26
ENSG00000175879.9	HOXD8	protein_coding	chr2	176129694	176132695	+	3	0
ENSG00000175893.12	ZDHHC21	protein_coding	chr9	14611071	14693432	-	54	54
ENSG00000175895.4	PLEKHF2	protein_coding	chr8	95133785	95156685	+	5	5
ENSG00000175906.5	ARL4D	protein_coding	chr17	43398993	43401137	+	3	3
ENSG00000175928.6	LRRN1	protein_coding	chr3	3799431	3849834	+	25	0
ENSG00000175931.13	UBE2O	protein_coding	chr17	76389456	76453152	-	13	13
ENSG00000175946.8	KLHL38	protein_coding	chr8	123645527	123652950	-	14	0
ENSG00000176018.13	LYSMD3	protein_coding	chr5	90515611	90529584	-	6	5
ENSG00000176020.9	AMIGO3	protein_coding	chr3	49716829	49719684	-	1	0
ENSG00000176040.13	TMPRSS7	protein_coding	chr3	112034843	112081269	+	30	30
ENSG00000176049.16	JAKMIP2	protein_coding	chr5	147585438	147782775	-	42	11
ENSG00000176055.10	MBLAC2	protein_coding	chr5	90458209	90474771	-	10	4
ENSG00000176058.13	TPRN	protein_coding	chr9	137191617	137204193	-	5	5
ENSG00000176087.16	SLC35A4	protein_coding	chr5	140564446	140569100	+	3	0
ENSG00000176095.12	IP6K1	protein_coding	chr3	49724294	49786542	-	10	10
ENSG00000176101.12	SSNA1	protein_coding	chr9	137188660	137190370	+	4	4
ENSG00000176108.9	CHMP6	protein_coding	chr17	80991598	81009517	+	19	16
ENSG00000176142.13	TMEM39A	protein_coding	chr3	119428949	119468830	-	22	22
ENSG00000176155.19	CCDC57	protein_coding	chr17	82101460	82212830	-	77	70
ENSG00000176160.11	HSF5	protein_coding	chr17	58420167	58488408	-	8	8
ENSG00000176170.14	SPHK1	protein_coding	chr17	76376584	76387860	+	14	6
ENSG00000176204.14	LRRTM4	protein_coding	chr2	76747685	77593319	-	86	73
ENSG00000176208.9	ATAD5	protein_coding	chr17	30831966	30895869	+	23	14
ENSG00000176209.12	SMIM19	protein_coding	chr8	42541155	42555195	+	8	7
ENSG00000176248.9	ANAPC2	protein_coding	chr9	137174784	137188560	-	13	13
ENSG00000176358.15	TAC4	protein_coding	chr17	49838309	49848017	-	1	0
ENSG00000176386.9	CDC26	protein_coding	chr9	113255835	113275572	-	18	4
ENSG00000176390.12	CRLF3	protein_coding	chr17	30769388	30824692	-	39	8
ENSG00000176399.4	DMRTA1	protein_coding	chr9	22446824	22455740	+	12	12
ENSG00000176406.23	RIMS2	protein_coding	chr8	103500696	104256094	+	99	98
ENSG00000176407.18	KCMF1	protein_coding	chr2	84971093	85059472	+	16	16
ENSG00000176542.10	USF3	protein_coding	chr3	113648385	113696646	-	21	21
ENSG00000176563.10	CNTD1	protein_coding	chr17	42798800	42811587	+	2	1
ENSG00000176566.5	DCAF4L2	protein_coding	chr8	87870747	87874015	-	3	3
ENSG00000176571.12	CNBD1	protein_coding	chr8	86866415	87615219	+	77	67
ENSG00000176595.4	KBTBD11	protein_coding	chr8	1973677	2006936	+	26	24
ENSG00000176597.12	B3GNT5	protein_coding	chr3	183253253	183298504	+	16	0
ENSG00000176601.13	MAP3K19	protein_coding	chr2	134964485	135047468	-	32	32
ENSG00000176623.12	RMDN1	protein_coding	chr8	86468257	86514357	-	20	10
ENSG00000176658.17	MYO1D	protein_coding	chr17	32492522	32877177	-	48	33
ENSG00000176714.10	CCDC121	protein_coding	chr2	27625638	27629012	-	2	0
ENSG00000176720.6	BOK	protein_coding	chr2	241551424	241574131	+	10	8
ENSG00000176731.12	RBIS	protein_coding	chr8	85214048	85220421	-	6	2
ENSG00000176732.7	PFN4	protein_coding	chr2	24114809	24123464	-	9	0
ENSG00000176749.9	CDK5R1	protein_coding	chr17	32486993	32491253	+	2	2
ENSG00000176771.17	NCKAP5	protein_coding	chr2	132671788	133568463	-	108	78
ENSG00000176783.15	RUFY1	protein_coding	chr5	179550554	179610012	+	34	32
ENSG00000176788.9	BASP1	protein_coding	chr5	17065598	17276843	+	22	10
ENSG00000176809.10	LRRC37A3	protein_coding	chr17	64854312	64919480	-	3	3
ENSG00000176845.13	METRNL	protein_coding	chr17	83079609	83095122	+	14	14
ENSG00000176853.16	FAM91A1	protein_coding	chr8	123768439	123815452	+	10	10
ENSG00000176884.16	GRIN1	protein_coding	chr9	137139154	137168756	+	14	14
ENSG00000176887.7	SOX11	protein_coding	chr2	5692384	5701385	+	7	2
ENSG00000176907.5	TCIM	protein_coding	chr8	40153482	40155310	+	2	2
ENSG00000176919.13	C8G	protein_coding	chr9	136945185	136946975	+	7	7
ENSG00000176927.15	EFCAB5	protein_coding	chr17	29929200	30108452	+	26	24
ENSG00000176928.7	GCNT4	protein_coding	chr5	75025346	75052558	-	21	21
ENSG00000176945.17	MUC20	protein_coding	chr3	195720884	195741123	+	62	3
ENSG00000176946.12	THAP4	protein_coding	chr2	241584405	241637158	-	14	14
ENSG00000176956.13	LY6H	protein_coding	chr8	143157914	143160711	-	5	5
ENSG00000176974.20	SHMT1	protein_coding	chr17	18327860	18363563	-	24	24
ENSG00000176978.14	DPP7	protein_coding	chr9	137110546	137115177	-	12	12
ENSG00000176994.11	SMCR8	protein_coding	chr17	18315293	18328056	+	20	20
ENSG00000177023.2	DEFB104B	protein_coding	chr8	7470308	7475082	-	1	1
ENSG00000177034.17	MTX3	protein_coding	chr5	79976716	79991262	-	15	15
ENSG00000177047.6	IFNW1	protein_coding	chr9	21140214	21142145	-	1	1
ENSG00000177058.12	SLC38A9	protein_coding	chr5	55625845	55773194	-	60	51
ENSG00000177076.6	ACER2	protein_coding	chr9	19409009	19452505	+	12	12
ENSG00000177125.5	ZBTB34	protein_coding	chr9	126860665	126885878	+	8	8
ENSG00000177182.11	CLVS1	protein_coding	chr8	61057158	61501645	+	60	55
ENSG00000177239.15	MAN1B1	protein_coding	chr9	137086985	137109183	+	26	26
ENSG00000177294.7	FBXO39	protein_coding	chr17	6776215	6797101	+	19	16
ENSG00000177302.15	TOP3A	protein_coding	chr17	18271428	18315007	-	26	26
ENSG00000177303.10	CASKIN2	protein_coding	chr17	75500261	75515537	-	17	17
ENSG00000177311.11	ZBTB38	protein_coding	chr3	141324213	141449792	+	25	19
ENSG00000177335.11	C8orf31	lncRNA	chr8	143039209	143060684	+	2	2
ENSG00000177338.14	LINC00469	lncRNA	chr17	73749270	73828520	-	7	5
ENSG00000177352.10	CCDC71	protein_coding	chr3	49162535	49166331	-	3	3
ENSG00000177369.9	FLJ40194	lncRNA	chr17	49230853	49318011	+	18	5
ENSG00000177370.5	TIMM22	protein_coding	chr17	997129	1003671	+	8	8
ENSG00000177374.13	HIC1	protein_coding	chr17	2054154	2063241	+	17	6
ENSG00000177383.5	MAGEF1	protein_coding	chr3	184710364	184712064	-	3	3
ENSG00000177427.13	MIEF2	protein_coding	chr17	18260597	18266552	+	6	6
ENSG00000177453.7	NIM1K	protein_coding	chr5	43192071	43280850	+	18	18
ENSG00000177459.11	ERICH5	protein_coding	chr8	98064522	98093610	+	4	4
ENSG00000177463.15	NR2C2	protein_coding	chr3	14947584	15053600	+	29	18
ENSG00000177469.13	CAVIN1	protein_coding	chr17	42402449	42423256	-	10	10
ENSG00000177479.20	ARIH2	protein_coding	chr3	48918821	48986382	+	8	8
ENSG00000177483.12	RBM44	protein_coding	chr2	237798389	237842808	+	16	11
ENSG00000177494.6	ZBED2	protein_coding	chr3	111592900	111595346	-	4	0
ENSG00000177519.4	RPRM	protein_coding	chr2	153477338	153478762	-	3	0
ENSG00000177556.12	ATOX1	protein_coding	chr5	151742316	151772532	-	9	3
ENSG00000177565.18	TBL1XR1	protein_coding	chr3	177019340	177228000	-	58	55
ENSG00000177570.15	SAMD12	protein_coding	chr8	118189455	118622112	-	79	62
ENSG00000177602.5	HASPIN	protein_coding	chr17	3723903	3726699	+	9	0
ENSG00000177646.20	ACAD9	protein_coding	chr3	128879596	128924003	+	55	37
ENSG00000177669.4	MBOAT4	protein_coding	chr8	30131671	30144665	-	10	0
ENSG00000177673.4	TEX44	protein_coding	chr2	231592864	231594276	+	1	1
ENSG00000177694.16	NAALADL2	protein_coding	chr3	174438573	175810548	+	173	157
ENSG00000177707.11	NECTIN3	protein_coding	chr3	111070071	111275563	+	28	26
ENSG00000177710.6	SLC35G5	protein_coding	chr8	11331012	11332360	+	9	9
ENSG00000177721.5	ANXA2R	protein_coding	chr5	43039233	43043170	-	3	0
ENSG00000177725.5	AC105206.1	lncRNA	chr8	22169338	22171710	+	2	0
ENSG00000177728.17	TMEM94	protein_coding	chr17	75441159	75500452	+	20	20
ENSG00000177731.16	FLII	protein_coding	chr17	18244815	18258738	-	9	9
ENSG00000177733.7	HNRNPA0	protein_coding	chr5	137745651	137754363	-	4	4
ENSG00000177738.4	AC025171.1	lncRNA	chr5	43013060	43067452	-	9	5
ENSG00000177839.7	PCDHB9	protein_coding	chr5	141187127	141191541	+	20	0
ENSG00000177842.12	ZNF620	protein_coding	chr3	40477131	40518736	+	21	13
ENSG00000177873.14	ZNF619	protein_coding	chr3	40477113	40491053	+	8	0
ENSG00000177879.17	AP3S1	protein_coding	chr5	115841592	115914081	+	16	16
ENSG00000177885.15	GRB2	protein_coding	chr17	75318076	75405709	-	13	10
ENSG00000177917.11	ARL6IP6	protein_coding	chr2	152717893	152762396	+	8	8
ENSG00000177932.7	ZNF354C	protein_coding	chr5	179060373	179083977	+	22	19
ENSG00000177943.14	MAMDC4	protein_coding	chr9	136850943	136860799	+	4	4
ENSG00000177984.7	LCN15	protein_coding	chr9	136759634	136766255	-	8	8
ENSG00000177992.10	SPATA31E1	protein_coding	chr9	87882877	87888903	+	20	20
ENSG00000177994.16	C2orf73	protein_coding	chr2	54330034	54383742	+	15	15
ENSG00000178015.5	GPR150	protein_coding	chr5	95620087	95622142	+	2	2
ENSG00000178021.11	TSPYL6	protein_coding	chr2	54253178	54256229	-	7	0
ENSG00000178031.18	ADAMTSL1	protein_coding	chr9	17906563	18910950	+	162	120
ENSG00000178035.13	IMPDH2	protein_coding	chr3	49024325	49029447	-	1	1
ENSG00000178038.17	ALS2CL	protein_coding	chr3	46668995	46693704	-	42	42
ENSG00000178053.20	MLF1	protein_coding	chr3	158571163	158607252	+	22	22
ENSG00000178055.13	PRSS42P	transcribed_unitary_pseudogene	chr3	46829542	46834095	-	1	1
ENSG00000178057.15	NDUFAF3	protein_coding	chr3	49020459	49023495	+	1	0
ENSG00000178074.6	C2orf69	protein_coding	chr2	199911293	199955935	+	23	5
ENSG00000178075.20	GRAMD1C	protein_coding	chr3	113828182	113947174	+	23	21
ENSG00000178084.2	HTR3C	protein_coding	chr3	184053047	184060673	+	7	7
ENSG00000178125.14	PPP1R42	protein_coding	chr8	66964099	67056604	-	4	2
ENSG00000178149.17	DALRD3	protein_coding	chr3	49015488	49022293	-	3	1
ENSG00000178171.11	AMER3	protein_coding	chr2	130755540	130768134	+	5	5
ENSG00000178172.7	SPINK6	protein_coding	chr5	148202794	148215137	+	2	0
ENSG00000178175.12	ZNF366	protein_coding	chr5	72439903	72507410	-	22	19
ENSG00000178187.8	ZNF454	protein_coding	chr5	178941191	178966433	+	9	9
ENSG00000178209.16	PLEC	protein_coding	chr8	143915153	143976734	-	72	72
ENSG00000178252.18	WDR6	protein_coding	chr3	49007062	49015953	+	4	3
ENSG00000178287.18	SPAG11A	protein_coding	chr8	7847876	7868867	+	4	4
ENSG00000178295.15	GEN1	protein_coding	chr2	17753858	17788946	+	34	0
ENSG00000178307.10	TMEM11	protein_coding	chr17	21197954	21214176	-	6	6
ENSG00000178338.11	ZNF354B	protein_coding	chr5	178859953	178888122	+	13	13
ENSG00000178385.15	PLEKHM3	protein_coding	chr2	207821288	208025527	-	35	35
ENSG00000178394.5	HTR1A	protein_coding	chr5	63957874	63962507	-	6	0
ENSG00000178404.10	CEP295NL	protein_coding	chr17	78870910	78903217	-	20	0
ENSG00000178445.10	GLDC	protein_coding	chr9	6532467	6645729	-	54	54
ENSG00000178460.18	MCMDC2	protein_coding	chr8	66870749	66922048	+	4	3
ENSG00000178467.18	P4HTM	protein_coding	chr3	48989889	49007153	+	2	1
ENSG00000178502.6	KLHL11	protein_coding	chr17	41848518	41865423	-	16	7
ENSG00000178537.10	SLC25A20	protein_coding	chr3	48856926	48898904	-	4	4
ENSG00000178538.10	CA8	protein_coding	chr8	60185412	60281400	-	46	46
ENSG00000178562.18	CD28	protein_coding	chr2	203706475	203738912	+	6	6
ENSG00000178567.8	EPM2AIP1	protein_coding	chr3	36985043	36993131	-	8	8
ENSG00000178568.15	ERBB4	protein_coding	chr2	211375717	212538841	-	147	147
ENSG00000178586.5	OR6B3	protein_coding	chr2	240045077	240047027	-	3	3
ENSG00000178602.8	OTOS	protein_coding	chr2	240139026	240144562	-	9	9
ENSG00000178607.17	ERN1	protein_coding	chr17	64039080	64130819	-	55	52
ENSG00000178623.12	GPR35	protein_coding	chr2	240605430	240631259	+	29	19
ENSG00000178662.16	CSRNP3	protein_coding	chr2	165469647	165689407	+	26	26
ENSG00000178685.14	PARP10	protein_coding	chr8	143977153	144012772	-	17	13
ENSG00000178691.11	SUZ12	protein_coding	chr17	31937007	32001038	+	21	21
ENSG00000178694.10	NSUN3	protein_coding	chr3	94062980	94131832	+	10	10
ENSG00000178700.9	DHFR2	protein_coding	chr3	94047836	94063389	-	5	4
ENSG00000178719.17	GRINA	protein_coding	chr8	143990056	143993415	+	3	0
ENSG00000178722.13	C5orf64	lncRNA	chr5	61610424	61793401	+	16	12
ENSG00000178723.7	GLULP4	processed_pseudogene	chr9	34917175	34918296	+	1	1
ENSG00000178732.5	GP5	protein_coding	chr3	194394821	194398354	-	14	14
ENSG00000178750.3	STX19	protein_coding	chr3	94014365	94028597	-	1	0
ENSG00000178752.16	ERFE	protein_coding	chr2	238158970	238168900	+	5	5
ENSG00000178764.8	ZHX2	protein_coding	chr8	122781655	122974510	+	28	27
ENSG00000178772.7	CPN2	protein_coding	chr3	194339768	194351328	-	14	14
ENSG00000178776.5	C5orf46	protein_coding	chr5	147880726	147906538	-	14	9
ENSG00000178789.9	CD300LB	protein_coding	chr17	74521174	74531475	-	5	5
ENSG00000178804.7	H1-8	protein_coding	chr3	129543214	129551467	+	9	9
ENSG00000178814.17	OPLAH	protein_coding	chr8	144051266	144063965	-	11	10
ENSG00000178836.6	AC114812.1	transcribed_processed_pseudogene	chr2	233754305	233755345	-	1	0
ENSG00000178852.16	EFCAB13	protein_coding	chr17	47323290	47441312	+	40	24
ENSG00000178860.9	MSC	protein_coding	chr8	71841560	71844412	-	9	0
ENSG00000178896.9	EXOSC4	protein_coding	chr8	144078648	144080648	+	2	2
ENSG00000178913.8	TAF7	protein_coding	chr5	141260225	141320784	-	13	11
ENSG00000178917.17	ZNF852	protein_coding	chr3	44494847	44510636	-	1	1
ENSG00000178919.9	FOXE1	protein_coding	chr9	97853226	97856717	+	15	15
ENSG00000178921.14	PFAS	protein_coding	chr17	8247618	8270491	+	15	15
ENSG00000178927.18	CYBC1	protein_coding	chr17	82442586	82450829	-	22	22
ENSG00000178966.17	RMI1	protein_coding	chr9	83980798	84004074	+	6	6
ENSG00000178971.16	CTC1	protein_coding	chr17	8224815	8248056	-	20	20
ENSG00000178996.14	SNX18	protein_coding	chr5	54517759	54546586	+	16	16
ENSG00000178999.13	AURKB	protein_coding	chr17	8204733	8210600	-	4	4
ENSG00000179021.10	C3orf38	protein_coding	chr3	88149959	88168729	+	5	5
ENSG00000179029.15	TMEM107	protein_coding	chr17	8172457	8176399	-	10	9
ENSG00000179041.4	RRS1	protein_coding	chr8	66429014	66430733	+	3	0
ENSG00000179055.7	OR13D1	protein_coding	chr9	104694379	104695485	+	8	8
ENSG00000179058.7	C9orf50	protein_coding	chr9	129612225	129620776	-	14	0
ENSG00000179082.3	C9orf106	lncRNA	chr9	129321016	129324905	+	1	1
ENSG00000179091.5	CYC1	protein_coding	chr8	144095039	144097525	+	3	3
ENSG00000179094.16	PER1	protein_coding	chr17	8140472	8156506	-	11	9
ENSG00000179097.7	HTR1F	protein_coding	chr3	87792706	87993839	+	23	22
ENSG00000179111.9	HES7	protein_coding	chr17	8120592	8124106	-	9	9
ENSG00000179136.7	LINC00670	lncRNA	chr17	12549764	12642854	+	9	5
ENSG00000179142.2	CYP11B2	protein_coding	chr8	142910559	142917843	-	23	3
ENSG00000179148.10	ALOXE3	protein_coding	chr17	8095900	8119047	-	12	12
ENSG00000179152.20	TCAIM	protein_coding	chr3	44338119	44409451	+	16	14
ENSG00000179170.11	OR7E97P	unprocessed_pseudogene	chr3	125747084	125748098	+	1	1
ENSG00000179270.7	PCARE	protein_coding	chr2	29060976	29074523	-	32	32
ENSG00000179277.9	MEIS3P1	processed_pseudogene	chr17	15786618	15787575	+	1	1
ENSG00000179314.14	WSCD1	protein_coding	chr17	6057807	6124427	+	28	21
ENSG00000179348.12	GATA2	protein_coding	chr3	128479427	128493201	-	13	11
ENSG00000179388.9	EGR3	protein_coding	chr8	22687659	22693480	-	4	2
ENSG00000179407.3	DNAJB8	protein_coding	chr3	128462439	128467248	-	14	4
ENSG00000179409.11	GEMIN4	protein_coding	chr17	744421	753999	-	20	18
ENSG00000179477.11	ALOX12B	protein_coding	chr17	8072636	8087716	-	17	14
ENSG00000179526.17	SHARPIN	protein_coding	chr8	144098633	144108124	-	8	4
ENSG00000179528.16	LBX2	protein_coding	chr2	74497517	74503316	-	3	3
ENSG00000179564.4	LSMEM2	protein_coding	chr3	50279087	50288114	+	2	2
ENSG00000179593.16	ALOX15B	protein_coding	chr17	8039034	8049134	+	17	17
ENSG00000179598.6	PLD6	protein_coding	chr17	17200995	17206333	-	6	0
ENSG00000179604.10	CDC42EP4	protein_coding	chr17	73283624	73312005	-	15	15
ENSG00000179632.10	MAF1	protein_coding	chr8	144104461	144107611	+	4	0
ENSG00000179673.5	RPRML	protein_coding	chr17	46978156	46979253	-	1	0
ENSG00000179674.4	ARL14	protein_coding	chr3	160677160	160678448	+	2	2
ENSG00000179698.14	WDR97	protein_coding	chr8	144107726	144118328	+	20	20
ENSG00000179761.12	PIPOX	protein_coding	chr17	28950513	29057216	+	16	9
ENSG00000179766.19	ATP8B5P	transcribed_unprocessed_pseudogene	chr9	35406755	35483035	+	6	6
ENSG00000179796.12	LRRC3B	protein_coding	chr3	26622806	26717537	+	25	25
ENSG00000179799.9	OR7E22P	transcribed_unprocessed_pseudogene	chr3	75356437	75362268	-	1	1
ENSG00000179818.14	PCBP1-AS1	lncRNA	chr2	69962263	70103220	-	14	13
ENSG00000179832.17	MROH1	protein_coding	chr8	144148016	144261940	+	42	42
ENSG00000179833.4	SERTAD2	protein_coding	chr2	64631621	64751005	-	13	13
ENSG00000179886.6	TIGD5	protein_coding	chr8	143597831	143603224	+	15	15
ENSG00000179915.24	NRXN1	protein_coding	chr2	49918503	51225575	-	193	166
ENSG00000179921.15	GPBAR1	protein_coding	chr2	218259496	218263861	+	6	6
ENSG00000179934.7	CCR8	protein_coding	chr3	39329709	39333680	+	1	0
ENSG00000179950.14	PUF60	protein_coding	chr8	143816344	143829352	-	7	7
ENSG00000180016.2	OR1E1	protein_coding	chr17	3397104	3398410	-	1	1
ENSG00000180042.5	OR1R1P	protein_coding	chr17	3385930	3386874	+	3	0
ENSG00000180044.6	C3orf80	protein_coding	chr3	160225422	160228213	+	3	0
ENSG00000180053.8	NKX2-6	protein_coding	chr8	23701740	23706756	-	7	7
ENSG00000180071.20	ANKRD18A	protein_coding	chr9	38571358	38620596	-	23	12
ENSG00000180090.5	OR3A1	protein_coding	chr17	3291017	3298360	-	1	0
ENSG00000180104.16	EXOC3	protein_coding	chr5	443175	471937	+	52	31
ENSG00000180155.20	LYNX1	protein_coding	chr8	142771197	142777810	-	12	0
ENSG00000180178.11	FAR2P1	transcribed_unprocessed_pseudogene	chr2	130012065	130040560	-	2	0
ENSG00000180190.13	TDRP	protein_coding	chr8	489803	545781	-	19	19
ENSG00000180228.14	PRKRA	protein_coding	chr2	178431292	178451512	-	6	5
ENSG00000180251.5	SLC9A4	protein_coding	chr2	102473226	102533972	+	23	23
ENSG00000180264.11	ADGRD2	protein_coding	chr9	124451425	124478589	+	26	26
ENSG00000180329.14	CCDC43	protein_coding	chr17	44673069	44689779	-	3	0
ENSG00000180336.18	MEIOC	protein_coding	chr17	44656404	44690308	+	9	6
ENSG00000180340.7	FZD2	protein_coding	chr17	44557484	44561262	+	2	2
ENSG00000180353.11	HCLS1	protein_coding	chr3	121631399	121660927	-	23	23
ENSG00000180370.10	PAK2	protein_coding	chr3	196739857	196832647	+	25	25
ENSG00000180376.17	CCDC66	protein_coding	chr3	56557161	56621837	+	50	43
ENSG00000180385.8	EMC3-AS1	transcribed_unprocessed_pseudogene	chr3	9986893	10006990	+	2	0
ENSG00000180386.7	KRTAP9-7	protein_coding	chr17	41275659	41276697	+	1	1
ENSG00000180398.13	MCFD2	protein_coding	chr2	46901870	46941855	-	28	7
ENSG00000180432.6	CYP8B1	protein_coding	chr3	42856005	42875898	-	11	0
ENSG00000180438.15	TPRXL	transcribed_processed_pseudogene	chr3	13937273	14082811	+	14	14
ENSG00000180447.7	GAS1	protein_coding	chr9	86944362	86947506	-	6	6
ENSG00000180539.8	C9orf139	lncRNA	chr9	137027464	137037957	+	5	0
ENSG00000180543.5	TSPYL5	protein_coding	chr8	97273488	97277928	-	7	7
ENSG00000180549.8	FUT7	protein_coding	chr9	137030174	137032088	-	4	0
ENSG00000180611.7	MB21D2	protein_coding	chr3	192796815	192917856	-	18	18
ENSG00000180616.9	SSTR2	protein_coding	chr17	73165010	73176633	+	13	0
ENSG00000180626.10	ZNF594	protein_coding	chr17	5179535	5191868	-	9	9
ENSG00000180638.19	SLC47A2	protein_coding	chr17	19678288	19718979	-	20	15
ENSG00000180694.14	TMEM64	protein_coding	chr8	90621995	90791632	-	23	9
ENSG00000180697.9	C3orf22	protein_coding	chr3	126526999	126558965	-	22	8
ENSG00000180767.10	CHST13	protein_coding	chr3	126524155	126543291	+	16	2
ENSG00000180787.6	ZFP3	protein_coding	chr17	5078467	5096374	+	10	10
ENSG00000180828.3	BHLHE22	protein_coding	chr8	64580365	64583627	+	5	2
ENSG00000180834.8	MAP6D1	protein_coding	chr3	183815922	183825594	-	11	0
ENSG00000180871.8	CXCR2	protein_coding	chr2	218125289	218137251	+	7	7
ENSG00000180891.13	CUEDC1	protein_coding	chr17	57861243	57955412	-	20	19
ENSG00000180900.20	SCRIB	protein_coding	chr8	143790920	143815773	-	13	13
ENSG00000180901.11	KCTD2	protein_coding	chr17	75032575	75065889	+	30	19
ENSG00000180902.18	D2HGDH	protein_coding	chr2	241734602	241768816	+	32	28
ENSG00000180914.11	OXTR	protein_coding	chr3	8750381	8769628	-	22	0
ENSG00000180921.7	FAM83H	protein_coding	chr8	143723933	143738234	-	12	11
ENSG00000180929.6	GPR62	protein_coding	chr3	51955381	51957499	+	3	3
ENSG00000180938.6	ZNF572	protein_coding	chr8	124973295	124979389	+	7	7
ENSG00000181031.16	RPH3AL	protein_coding	chr17	212389	386254	-	60	58
ENSG00000181038.14	METTL23	protein_coding	chr17	76726830	76733936	+	2	2
ENSG00000181045.15	SLC26A11	protein_coding	chr17	80219699	80253500	+	39	36
ENSG00000181061.14	HIGD1A	protein_coding	chr3	42782908	42804490	-	6	0
ENSG00000181085.15	MAPK15	protein_coding	chr8	143716340	143722458	+	10	10
ENSG00000181090.21	EHMT1	protein_coding	chr9	137618992	137870016	+	122	99
ENSG00000181092.10	ADIPOQ	protein_coding	chr3	186842704	186858463	+	13	7
ENSG00000181104.7	F2R	protein_coding	chr5	76716126	76735770	+	6	6
ENSG00000181135.16	ZNF707	protein_coding	chr8	143684452	143713898	+	27	24
ENSG00000181163.14	NPM1	protein_coding	chr5	171387116	171411810	+	24	24
ENSG00000181171.5	FER1L6-AS1	lncRNA	chr8	123984138	124040782	-	6	0
ENSG00000181195.11	PENK	protein_coding	chr8	56436674	56446671	-	13	10
ENSG00000181222.19	POLR2A	protein_coding	chr17	7484366	7514616	+	34	34
ENSG00000181284.3	TMEM102	protein_coding	chr17	7435435	7437679	+	3	0
ENSG00000181291.8	TMEM132E	protein_coding	chr17	34579487	34639318	+	22	22
ENSG00000181322.15	NME9	protein_coding	chr3	138261437	138329886	-	9	5
ENSG00000181323.8	SPEM1	protein_coding	chr17	7420324	7421632	+	5	0
ENSG00000181350.12	LRRC75A	protein_coding	chr17	16441577	16492193	-	12	1
ENSG00000181374.8	CCL13	protein_coding	chr17	34356480	34358610	+	1	1
ENSG00000181378.14	CFAP65	protein_coding	chr2	219002846	219041527	-	27	24
ENSG00000181396.13	OGFOD3	protein_coding	chr17	82389210	82418637	-	24	24
ENSG00000181404.17	WASHC1	protein_coding	chr9	14475	73865	-	4	1
ENSG00000181408.4	UTS2R	protein_coding	chr17	82371400	82375586	+	4	4
ENSG00000181409.14	AATK	protein_coding	chr17	81110487	81166221	-	45	27
ENSG00000181449.4	SOX2	protein_coding	chr3	181711925	181714436	+	2	0
ENSG00000181458.10	TMEM45A	protein_coding	chr3	100492619	100577444	+	27	27
ENSG00000181467.5	RAP2B	protein_coding	chr3	153162226	153170627	+	10	10
ENSG00000181481.14	RNF135	protein_coding	chr17	30970984	30999911	+	9	8
ENSG00000181513.15	ACBD4	protein_coding	chr17	45132600	45144181	+	7	7
ENSG00000181523.13	SGSH	protein_coding	chr17	80206716	80220923	-	35	19
ENSG00000181555.21	SETD2	protein_coding	chr3	47016429	47164113	-	23	23
ENSG00000181585.7	TMIE	protein_coding	chr3	46694528	46710886	+	9	9
ENSG00000181610.13	MRPS23	protein_coding	chr17	57834781	57850056	-	19	19
ENSG00000181631.7	P2RY13	protein_coding	chr3	151326312	151329549	-	8	0
ENSG00000181634.8	TNFSF15	protein_coding	chr9	114784652	114806039	-	10	10
ENSG00000181638.20	ZFP41	protein_coding	chr8	143246821	143262705	+	23	0
ENSG00000181690.8	PLAG1	protein_coding	chr8	56160909	56211324	-	7	7
ENSG00000181722.17	ZBTB20	protein_coding	chr3	114314500	115147288	-	106	76
ENSG00000181744.9	DIPK2A	protein_coding	chr3	143971823	144048719	+	22	22
ENSG00000181751.10	MACIR	protein_coding	chr5	103258763	103278660	+	6	6
ENSG00000181778.5	TMEM252	protein_coding	chr9	68536580	68540883	-	3	3
ENSG00000181788.4	SIAH2	protein_coding	chr3	150741125	150763477	-	3	2
ENSG00000181789.14	COPG1	protein_coding	chr3	129249606	129277773	+	25	24
ENSG00000181790.11	ADGRB1	protein_coding	chr8	142449430	142545009	+	33	33
ENSG00000181798.3	LINC00471	lncRNA	chr2	231508422	231514366	-	1	1
ENSG00000181804.15	SLC9A9	protein_coding	chr3	143265222	143848485	-	67	65
ENSG00000181847.12	TIGIT	protein_coding	chr3	114276913	114310288	+	17	17
ENSG00000181856.15	SLC2A4	protein_coding	chr17	7281718	7288257	+	4	3
ENSG00000181885.18	CLDN7	protein_coding	chr17	7259903	7263983	-	4	0
ENSG00000181904.9	C5orf24	protein_coding	chr5	134845680	134859735	+	2	0
ENSG00000181965.6	NEUROG1	protein_coding	chr5	135534282	135535964	-	2	2
ENSG00000182040.9	USH1G	protein_coding	chr17	74916083	74923256	-	4	4
ENSG00000182083.7	OR6B2	protein_coding	chr2	240028965	240030456	-	3	3
ENSG00000182132.14	KCNIP1	protein_coding	chr5	170353487	170736632	+	82	41
ENSG00000182150.18	ERCC6L2	protein_coding	chr9	95871264	96121154	+	59	52
ENSG00000182156.10	ENPP7	protein_coding	chr17	79730943	79742219	+	12	12
ENSG00000182173.14	TSEN54	protein_coding	chr17	75515944	75524735	+	29	29
ENSG00000182177.14	ASB18	protein_coding	chr2	236194872	236264409	-	38	0
ENSG00000182179.13	UBA7	protein_coding	chr3	49805209	49813953	-	5	5
ENSG00000182187.4	CRYGB	protein_coding	chr2	208142573	208146158	-	2	2
ENSG00000182197.12	EXT1	protein_coding	chr8	117794490	118111826	-	48	48
ENSG00000182224.12	CYB5D1	protein_coding	chr17	7857746	7862282	+	2	0
ENSG00000182230.12	FAM153B	protein_coding	chr5	176060689	176116015	+	9	0
ENSG00000182247.10	UBE2E2	protein_coding	chr3	23203020	23591794	+	45	45
ENSG00000182263.14	FIGN	protein_coding	chr2	163593396	163736012	-	25	25
ENSG00000182271.13	TMIGD1	protein_coding	chr17	30316333	30334059	-	2	2
ENSG00000182307.14	C8orf33	protein_coding	chr8	145052465	145066685	+	11	11
ENSG00000182325.11	FBXL6	protein_coding	chr8	144355431	144359376	-	3	0
ENSG00000182327.8	GLTPD2	protein_coding	chr17	4788964	4790589	+	2	2
ENSG00000182329.14	KIAA2012	protein_coding	chr2	202073255	202205188	+	44	28
ENSG00000182352.8	C17orf77	lncRNA	chr17	74584679	74594209	+	4	0
ENSG00000182366.10	FAM87A	lncRNA	chr8	375931	384079	-	1	1
ENSG00000182372.10	CLN8	protein_coding	chr8	1755778	1801711	+	30	1
ENSG00000182383.8	RPL27AP5	processed_pseudogene	chr5	74990189	74990637	-	1	0
ENSG00000182389.20	CACNB4	protein_coding	chr2	151832771	152099167	-	90	14
ENSG00000182446.14	NPLOC4	protein_coding	chr17	81556887	81648465	-	102	70
ENSG00000182447.4	OTOL1	protein_coding	chr3	161496808	161503942	+	4	4
ENSG00000182459.5	TEX19	protein_coding	chr17	82359247	82363775	+	2	1
ENSG00000182473.22	EXOC7	protein_coding	chr17	76081016	76121576	-	37	28
ENSG00000182481.10	KPNA2	protein_coding	chr17	68035636	68047364	+	16	16
ENSG00000182504.11	CEP97	protein_coding	chr3	101724593	101770562	+	9	9
ENSG00000182533.7	CAV3	protein_coding	chr3	8733802	8841808	+	49	10
ENSG00000182534.13	MXRA7	protein_coding	chr17	76672551	76711016	-	23	22
ENSG00000182551.14	ADI1	protein_coding	chr2	3497366	3519531	-	29	29
ENSG00000182557.8	SPNS3	protein_coding	chr17	4433940	4488208	+	28	23
ENSG00000182568.17	SATB1	protein_coding	chr3	18345377	18445588	-	27	0
ENSG00000182575.8	NXPH3	protein_coding	chr17	49575871	49583827	+	3	2
ENSG00000182578.14	CSF1R	protein_coding	chr5	150053291	150113372	-	29	29
ENSG00000182580.3	EPHB3	protein_coding	chr3	184561785	184582408	+	21	21
ENSG00000182600.9	SNORC	protein_coding	chr2	232857270	232878708	+	12	7
ENSG00000182606.17	TRAK1	protein_coding	chr3	42013802	42225890	+	61	61
ENSG00000182612.10	TSPAN10	protein_coding	chr17	81637171	81648749	+	33	1
ENSG00000182613.3	OR2V2	protein_coding	chr5	181147586	181159285	+	26	26
ENSG00000182628.13	SKA2	protein_coding	chr17	59109857	59155260	-	8	5
ENSG00000182631.7	RXFP3	protein_coding	chr5	33936386	33938918	+	2	2
ENSG00000182674.6	KCNB2	protein_coding	chr8	72537225	72938349	+	43	41
ENSG00000182676.5	PPP1R27	protein_coding	chr17	81833492	81835050	-	2	2
ENSG00000182698.12	RESP18	protein_coding	chr2	219327407	219333177	-	8	8
ENSG00000182700.5	IGIP	protein_coding	chr5	140125937	140129392	+	1	1
ENSG00000182742.6	HOXB4	protein_coding	chr17	48575507	48578350	-	4	0
ENSG00000182752.10	PAPPA	protein_coding	chr9	116153791	116402321	+	44	37
ENSG00000182759.4	MAFA	protein_coding	chr8	143419182	143430732	-	9	9
ENSG00000182836.10	PLCXD3	protein_coding	chr5	41306952	41510628	-	25	25
ENSG00000182853.12	VMO1	protein_coding	chr17	4785285	4786433	-	3	3
ENSG00000182896.13	TMEM95	protein_coding	chr17	7355123	7357219	+	4	4
ENSG00000182899.17	RPL35A	protein_coding	chr3	197950190	197956610	+	9	0
ENSG00000182923.19	CEP63	protein_coding	chr3	134485721	134575017	+	32	28
ENSG00000182938.7	OTOP3	protein_coding	chr17	74935898	74949992	+	11	11
ENSG00000182963.11	GJC1	protein_coding	chr17	44798448	44830816	-	11	11
ENSG00000182973.19	CNOT10	protein_coding	chr3	32685145	32773875	+	16	15
ENSG00000182983.15	ZNF662	protein_coding	chr3	42906142	42919334	+	8	0
ENSG00000183010.17	PYCR1	protein_coding	chr17	81932384	81942412	-	9	2
ENSG00000183011.13	NAA38	protein_coding	chr17	7856685	7885238	-	8	5
ENSG00000183018.9	SPNS2	protein_coding	chr17	4498881	4539035	+	19	18
ENSG00000183023.18	SLC8A1	protein_coding	chr2	40097270	40611053	-	94	32
ENSG00000183024.3	OR1G1	protein_coding	chr17	3126584	3127581	-	1	1
ENSG00000183034.13	OTOP2	protein_coding	chr17	74922950	74933912	+	4	4
ENSG00000183048.12	SLC25A10	protein_coding	chr17	81712236	81721016	+	15	7
ENSG00000183072.10	NKX2-5	protein_coding	chr5	173232109	173235311	-	3	3
ENSG00000183077.15	AFMID	protein_coding	chr17	78187317	78207701	+	18	18
ENSG00000183091.20	NEB	protein_coding	chr2	151485336	151734487	-	90	70
ENSG00000183111.12	ARHGEF37	protein_coding	chr5	149551947	149634968	+	38	38
ENSG00000183117.19	CSMD1	protein_coding	chr8	2935353	4994972	-	345	338
ENSG00000183153.7	GJD3	protein_coding	chr17	40360652	40364737	-	4	0
ENSG00000183185.9	GABRR3	protein_coding	chr3	97986673	98035304	-	18	18
ENSG00000183258.12	DDX41	protein_coding	chr5	177511577	177516961	-	2	2
ENSG00000183281.15	PLGLB1	protein_coding	chr2	87002559	87021852	-	1	0
ENSG00000183308.6	AC005037.1	lncRNA	chr2	200963263	201009102	+	6	1
ENSG00000183309.12	ZNF623	protein_coding	chr8	143636019	143656418	+	15	15
ENSG00000183318.11	SPDYE4	protein_coding	chr17	8753106	8758559	-	1	1
ENSG00000183323.13	CCDC125	protein_coding	chr5	69280175	69332809	-	22	22
ENSG00000183354.12	KIAA2026	protein_coding	chr9	5881596	6008482	-	30	22
ENSG00000183396.4	TMEM89	protein_coding	chr3	48620759	48621769	-	2	2
ENSG00000183513.9	COA5	protein_coding	chr2	98599314	98608515	-	7	7
ENSG00000183580.10	FBXL7	protein_coding	chr5	15500180	15939795	+	43	41
ENSG00000183607.10	GKN2	protein_coding	chr2	68945232	68952893	-	8	8
ENSG00000183624.14	HMCES	protein_coding	chr3	129278828	129306186	+	7	7
ENSG00000183625.15	CCR3	protein_coding	chr3	46163604	46266706	+	18	12
ENSG00000183638.6	RP1L1	protein_coding	chr8	10606349	10712187	-	84	57
ENSG00000183654.9	MARCHF11	protein_coding	chr5	16067139	16180762	-	14	12
ENSG00000183662.11	TAFA1	protein_coding	chr3	68004247	68545621	+	55	55
ENSG00000183665.5	TRMT12	protein_coding	chr8	124450820	124462150	+	6	6
ENSG00000183666.17	GUSBP1	transcribed_unprocessed_pseudogene	chr5	21341833	21589372	+	21	21
ENSG00000183671.12	GPR1	protein_coding	chr2	206175316	206218047	-	12	7
ENSG00000183684.8	ALYREF	protein_coding	chr17	81887835	81891586	-	1	1
ENSG00000183688.4	RFLNB	protein_coding	chr17	439978	445939	-	20	20
ENSG00000183718.5	TRIM52	protein_coding	chr5	181254417	181261139	-	13	0
ENSG00000183733.6	FIGLA	protein_coding	chr2	70777310	70790643	-	6	6
ENSG00000183763.9	TRAIP	protein_coding	chr3	49828601	49856574	-	6	6
ENSG00000183770.7	FOXL2	protein_coding	chr3	138944224	138947137	-	6	6
ENSG00000183775.11	KCTD16	protein_coding	chr5	144170873	144485686	+	54	51
ENSG00000183779.7	ZNF703	protein_coding	chr8	37695782	37700019	+	1	1
ENSG00000183784.7	DOCK8-AS1	lncRNA	chr9	212824	215893	-	7	1
ENSG00000183808.11	RBM12B	protein_coding	chr8	93729356	93741017	-	9	6
ENSG00000183813.7	CCR4	protein_coding	chr3	32951644	32956349	+	7	7
ENSG00000183833.16	CFAP91	protein_coding	chr3	119703022	119767102	+	25	1
ENSG00000183840.7	GPR39	protein_coding	chr2	132416805	132646582	+	33	26
ENSG00000183873.18	SCN5A	protein_coding	chr3	38548057	38649687	-	40	40
ENSG00000183876.9	ARSI	protein_coding	chr5	150296343	150339307	-	8	8
ENSG00000183891.6	TTC32	protein_coding	chr2	19896631	19901983	-	8	8
ENSG00000183914.14	DNAH2	protein_coding	chr17	7717354	7833744	+	60	60
ENSG00000183960.9	KCNH8	protein_coding	chr3	19148510	19535642	+	36	17
ENSG00000183977.14	PP2D1	protein_coding	chr3	19979961	20012267	-	15	11
ENSG00000183978.8	COA3	protein_coding	chr17	42795147	42798704	-	1	0
ENSG00000183979.8	NPB	protein_coding	chr17	81900745	81902905	+	1	0
ENSG00000184009.13	ACTG1	protein_coding	chr17	81509413	81523847	-	29	29
ENSG00000184060.11	ADAP2	protein_coding	chr17	30906344	30959322	+	9	8
ENSG00000184115.17	AC112229.1	transcribed_unprocessed_pseudogene	chr2	110397406	110435166	-	1	0
ENSG00000184156.17	KCNQ3	protein_coding	chr8	132120859	132481095	-	68	68
ENSG00000184166.2	OR1D2	protein_coding	chr17	3088484	3104422	-	5	5
ENSG00000184182.19	UBE2F	protein_coding	chr2	237966827	238042782	+	21	1
ENSG00000184185.10	KCNJ12	protein_coding	chr17	21376357	21419870	+	14	14
ENSG00000184188.6	AC026410.1	processed_pseudogene	chr5	80299678	80302847	-	1	1
ENSG00000184203.8	PPP1R2	protein_coding	chr3	195514428	195543386	-	16	16
ENSG00000184220.12	CMSS1	protein_coding	chr3	99817837	100181732	+	37	3
ENSG00000184261.5	KCNK12	protein_coding	chr2	47509290	47570985	-	39	0
ENSG00000184307.16	ZDHHC23	protein_coding	chr3	113947901	113965401	+	9	8
ENSG00000184345.5	IQCF2	protein_coding	chr3	51861615	51863424	+	1	1
ENSG00000184347.15	SLIT3	protein_coding	chr5	168661733	169301139	-	116	100
ENSG00000184349.14	EFNA5	protein_coding	chr5	107376894	107670937	-	36	36
ENSG00000184361.13	SPATA32	protein_coding	chr17	45254393	45262094	-	7	0
ENSG00000184374.3	COLEC10	protein_coding	chr8	118995452	119108455	+	31	30
ENSG00000184378.3	ACTRT3	protein_coding	chr3	169766921	169769561	-	2	2
ENSG00000184428.13	TOP1MT	protein_coding	chr8	143304384	143359979	-	46	46
ENSG00000184432.11	COPB2	protein_coding	chr3	139353946	139389736	-	43	32
ENSG00000184434.8	LRRC19	protein_coding	chr9	26993136	27005672	-	10	0
ENSG00000184451.5	CCR10	protein_coding	chr17	42678889	42683917	-	3	0
ENSG00000184489.13	PTP4A3	protein_coding	chr8	141391995	141432454	+	16	16
ENSG00000184492.6	FOXD4L1	protein_coding	chr2	113498665	113501155	+	6	6
ENSG00000184500.16	PROS1	protein_coding	chr3	93873051	93980003	-	10	10
ENSG00000184502.4	GAST	protein_coding	chr17	41712331	41715969	+	3	3
ENSG00000184544.12	DHRS7C	protein_coding	chr17	9771434	9791592	-	6	0
ENSG00000184557.4	SOCS3	protein_coding	chr17	78356778	78360077	-	4	4
ENSG00000184560.8	SPEM2	protein_coding	chr17	7425616	7427568	+	3	0
ENSG00000184584.13	STING1	protein_coding	chr5	139475533	139482935	-	7	7
ENSG00000184608.9	FAM167A-AS1	lncRNA	chr8	11368402	11438658	+	18	7
ENSG00000184611.12	KCNH7	protein_coding	chr2	162371407	162838767	-	47	44
ENSG00000184619.8	KRBA2	protein_coding	chr17	8356902	8376704	-	22	7
ENSG00000184640.20	SEPTIN9	protein_coding	chr17	77280569	77500596	+	74	68
ENSG00000184647.11	PRSS55	protein_coding	chr8	10525532	10554166	+	27	1
ENSG00000184650.11	ODF4	protein_coding	chr17	8339840	8346048	+	6	6
ENSG00000184659.5	FOXD4L4	protein_coding	chr9	65736555	65738784	+	1	1
ENSG00000184661.14	CDCA2	protein_coding	chr8	25459199	25507911	+	14	14
ENSG00000184672.12	RALYL	protein_coding	chr8	84182787	84921844	+	79	78
ENSG00000184709.7	LRRC26	protein_coding	chr9	137168758	137170051	-	3	0
ENSG00000184731.6	FAM110C	protein_coding	chr2	38814	46870	-	8	8
ENSG00000184811.4	TRARG1	protein_coding	chr17	1279662	1300978	+	15	15
ENSG00000184814.5	PRR23B	protein_coding	chr3	139019031	139020926	-	1	0
ENSG00000184838.15	PRR16	protein_coding	chr5	120464300	120687332	+	25	25
ENSG00000184840.12	TMED9	protein_coding	chr5	177592203	177597242	+	5	5
ENSG00000184845.4	DRD1	protein_coding	chr5	175440036	175444182	-	6	6
ENSG00000184897.6	H1-10	protein_coding	chr3	129314771	129316286	-	8	3
ENSG00000184898.7	RBM43	protein_coding	chr2	151247940	151261863	-	11	11
ENSG00000184922.14	FMNL1	protein_coding	chr17	45221444	45247319	+	10	8
ENSG00000184924.6	PTRHD1	protein_coding	chr2	24789728	24793391	-	2	2
ENSG00000184925.12	LCN12	protein_coding	chr9	136949551	136955497	+	12	12
ENSG00000184945.14	AQP12A	protein_coding	chr2	240691851	240698483	+	4	4
ENSG00000184988.8	TMEM106A	protein_coding	chr17	43211835	43220041	+	8	2
ENSG00000184995.7	IFNE	protein_coding	chr9	21480839	21482313	-	4	0
ENSG00000185000.12	DGAT1	protein_coding	chr8	144314584	144326910	-	6	6
ENSG00000185008.17	ROBO2	protein_coding	chr3	75906695	77649964	+	182	180
ENSG00000185013.16	NT5C1B	protein_coding	chr2	18562872	18589572	-	8	0
ENSG00000185015.8	CA13	protein_coding	chr8	85220587	85284073	+	9	6
ENSG00000185028.4	LRRC14B	protein_coding	chr5	191495	196334	+	9	4
ENSG00000185038.14	MROH2A	protein_coding	chr2	233775679	233833423	+	64	64
ENSG00000185053.14	SGCZ	protein_coding	chr8	14084845	15238431	-	123	122
ENSG00000185056.10	C5orf47	protein_coding	chr5	173973779	174006140	+	11	11
ENSG00000185105.5	MYADML2	protein_coding	chr17	81939645	81947233	-	7	0
ENSG00000185112.6	FAM43A	protein_coding	chr3	194685883	194689037	+	11	11
ENSG00000185122.11	HSF1	protein_coding	chr8	144291591	144314720	+	10	10
ENSG00000185129.8	PURA	protein_coding	chr5	140107777	140125619	+	3	3
ENSG00000185156.6	MFSD6L	protein_coding	chr17	8797110	8799365	-	6	6
ENSG00000185158.12	LRRC37B	protein_coding	chr17	32007872	32053504	+	11	11
ENSG00000185176.13	AQP12B	protein_coding	chr2	240676418	240682906	-	2	2
ENSG00000185189.18	NRBP2	protein_coding	chr8	143833583	143840973	-	4	4
ENSG00000185219.17	ZNF445	protein_coding	chr3	44431705	44477670	-	15	9
ENSG00000185245.8	GP1BA	protein_coding	chr17	4932277	4935023	+	6	0
ENSG00000185261.14	KIAA0825	protein_coding	chr5	94152966	94618597	-	49	48
ENSG00000185262.9	UBALD2	protein_coding	chr17	76265348	76271298	+	4	4
ENSG00000185269.12	NOTUM	protein_coding	chr17	81952507	81961840	-	12	12
ENSG00000185298.13	CCDC137	protein_coding	chr17	81666737	81673904	+	21	21
ENSG00000185304.15	RGPD2	protein_coding	chr2	87755960	87825952	-	3	0
ENSG00000185305.11	ARL15	protein_coding	chr5	53883942	54310582	-	43	43
ENSG00000185313.9	SCN10A	protein_coding	chr3	38696802	38816286	-	34	34
ENSG00000185332.8	TMEM105	lncRNA	chr17	81311270	81330674	-	2	2
ENSG00000185359.14	HGS	protein_coding	chr17	81683326	81703138	+	48	39
ENSG00000185372.3	OR2V1	protein_coding	chr5	181123122	181131169	-	7	7
ENSG00000185379.21	RAD51D	protein_coding	chr17	35092221	35121522	-	13	0
ENSG00000185404.17	SP140L	protein_coding	chr2	230327184	230403732	+	45	45
ENSG00000185414.20	MRPL30	protein_coding	chr2	99181152	99199561	+	5	0
ENSG00000185485.14	SDHAP1	transcribed_unprocessed_pseudogene	chr3	195959748	195990318	-	3	3
ENSG00000185504.17	FAAP100	protein_coding	chr17	81539885	81553961	-	22	22
ENSG00000185527.12	PDE6G	protein_coding	chr17	81650459	81663112	-	14	14
ENSG00000185561.10	TLCD2	protein_coding	chr17	1702816	1710377	-	19	19
ENSG00000185565.12	LSAMP	protein_coding	chr3	115802363	117139389	-	143	139
ENSG00000185585.20	OLFML2A	protein_coding	chr9	124777133	124814885	+	19	19
ENSG00000185621.11	LMLN	protein_coding	chr3	197960200	198043720	+	25	22
ENSG00000185624.16	P4HB	protein_coding	chr17	81843159	81860856	-	23	21
ENSG00000185662.10	SMIM23	protein_coding	chr5	171782432	171796126	+	13	13
ENSG00000185674.9	LYG2	protein_coding	chr2	99242246	99255282	-	2	0
ENSG00000185681.13	MORN5	protein_coding	chr9	122159908	122200088	+	8	8
ENSG00000185697.16	MYBL1	protein_coding	chr8	66562175	66614247	-	8	8
ENSG00000185722.18	ANKFY1	protein_coding	chr17	4163821	4263995	-	38	16
ENSG00000185728.17	YTHDF3	protein_coding	chr8	63168553	63212786	+	6	6
ENSG00000185730.8	ZNF696	protein_coding	chr8	143289676	143299952	+	24	24
ENSG00000185775.10	SPATA31A6	protein_coding	chr9	42183659	42189887	+	3	3
ENSG00000185798.8	WDR53	protein_coding	chr3	196554177	196568674	-	4	4
ENSG00000185803.12	SLC52A2	protein_coding	chr8	144333957	144361286	+	12	2
ENSG00000185813.11	PCYT2	protein_coding	chr17	81900958	81911432	-	6	5
ENSG00000185862.7	EVI2B	protein_coding	chr17	31303770	31314105	-	3	0
ENSG00000185900.11	POMK	protein_coding	chr8	43093498	43131180	+	11	11
ENSG00000185909.15	KLHDC8B	protein_coding	chr3	49171598	49176486	+	4	4
ENSG00000185920.16	PTCH1	protein_coding	chr9	95442980	95517057	-	43	43
ENSG00000185924.7	RTN4RL1	protein_coding	chr17	1934677	2025334	-	18	16
ENSG00000185942.13	NKAIN3	protein_coding	chr8	62248591	63014000	+	204	194
ENSG00000185963.14	BICD2	protein_coding	chr9	92711363	92764833	-	12	12
ENSG00000185972.6	CCIN	protein_coding	chr9	36169388	36171334	+	3	3
ENSG00000185986.12	SDHAP3	transcribed_unprocessed_pseudogene	chr5	1567495	1594620	-	3	3
ENSG00000186001.14	LRCH3	protein_coding	chr3	197791226	197888436	+	46	45
ENSG00000186038.9	HTR3E	protein_coding	chr3	184097064	184106995	+	7	1
ENSG00000186051.7	TAL2	protein_coding	chr9	105662457	105663124	+	2	2
ENSG00000186074.19	CD300LF	protein_coding	chr17	74694311	74712978	-	9	0
ENSG00000186075.13	ZPBP2	protein_coding	chr17	39868202	39877896	+	6	6
ENSG00000186090.11	HTR3D	protein_coding	chr3	184031544	184039369	+	17	17
ENSG00000186103.5	ARGFX	protein_coding	chr3	121567949	121590622	+	8	8
ENSG00000186106.11	ANKRD46	protein_coding	chr8	100509752	100559784	-	11	8
ENSG00000186130.5	ZBTB6	protein_coding	chr9	122908056	122913323	-	4	4
ENSG00000186132.15	C2orf76	protein_coding	chr2	119302225	119366834	-	18	18
ENSG00000186143.11	PRR30	protein_coding	chr2	27136848	27139410	-	5	5
ENSG00000186162.10	CIDECP1	transcribed_unprocessed_pseudogene	chr3	10014238	10026365	-	1	1
ENSG00000186185.14	KIF18B	protein_coding	chr17	44924709	44947773	-	15	15
ENSG00000186193.9	SAPCD2	protein_coding	chr9	137062127	137070557	-	18	15
ENSG00000186265.10	BTLA	protein_coding	chr3	112463966	112499472	-	8	8
ENSG00000186281.12	GPAT2	protein_coding	chr2	96021946	96039451	-	3	3
ENSG00000186314.11	PRELID2	protein_coding	chr5	145471799	145835369	-	52	52
ENSG00000186329.9	TMEM212	protein_coding	chr3	171843349	171938715	+	15	4
ENSG00000186334.10	SLC36A3	protein_coding	chr5	151276358	151303766	-	33	33
ENSG00000186335.9	SLC36A2	protein_coding	chr5	151314972	151347590	-	27	27
ENSG00000186350.12	RXRA	protein_coding	chr9	134317098	134440585	+	52	51
ENSG00000186367.7	MINAR2	protein_coding	chr5	129748094	129766732	+	11	0
ENSG00000186393.5	KRT26	protein_coding	chr17	40766238	40772162	-	4	4
ENSG00000186395.9	KRT10	protein_coding	chr17	40818117	40822614	-	6	2
ENSG00000186407.7	CD300E	protein_coding	chr17	74609885	74623738	-	17	17
ENSG00000186432.10	KPNA4	protein_coding	chr3	160495007	160565571	-	20	20
ENSG00000186446.12	ZNF501	protein_coding	chr3	44729596	44737083	+	4	4
ENSG00000186448.15	ZNF197	protein_coding	chr3	44584888	44648471	+	12	0
ENSG00000186451.2	SPATA12	protein_coding	chr3	57060664	57075432	+	4	0
ENSG00000186453.13	FAM228A	protein_coding	chr2	24175053	24200849	+	10	4
ENSG00000186468.13	RPS23	protein_coding	chr5	82273320	82278396	-	13	2
ENSG00000186479.5	RGS7BP	protein_coding	chr5	64506015	64612319	+	14	14
ENSG00000186487.20	MYT1L	protein_coding	chr2	1789113	2331664	-	143	131
ENSG00000186493.14	C5orf38	lncRNA	chr5	2752131	2755397	+	1	1
ENSG00000186522.15	SEPTIN10	protein_coding	chr2	109542799	109614143	-	16	15
ENSG00000186532.12	SMYD4	protein_coding	chr17	1779485	1830634	-	42	38
ENSG00000186566.13	GPATCH8	protein_coding	chr17	44395281	44503430	-	15	15
ENSG00000186572.2	DEFB107A	protein_coding	chr8	7811720	7815716	-	1	1
ENSG00000186583.12	SPATC1	protein_coding	chr8	144012280	144047114	+	4	3
ENSG00000186594.14	MIR22HG	lncRNA	chr17	1711493	1717174	-	1	1
ENSG00000186638.16	KIF24	protein_coding	chr9	34252381	34311371	-	17	17
ENSG00000186665.10	C17orf58	protein_coding	chr17	67991099	67996469	-	6	6
ENSG00000186684.14	CYP27C1	protein_coding	chr2	127183832	127220313	-	15	15
ENSG00000186687.16	LYRM7	protein_coding	chr5	131170944	131205428	+	13	0
ENSG00000186765.12	FSCN2	protein_coding	chr17	81528377	81537130	+	10	10
ENSG00000186788.13	SPATA31D3	protein_coding	chr9	81943586	81950038	+	1	0
ENSG00000186792.17	HYAL3	protein_coding	chr3	50292831	50299405	-	5	2
ENSG00000186803.3	IFNA10	protein_coding	chr9	21206181	21207143	-	4	4
ENSG00000186825.6	CDRT15P3	transcribed_unprocessed_pseudogene	chr2	131794961	131801661	-	1	1
ENSG00000186832.9	KRT16	protein_coding	chr17	41609778	41615899	-	2	2
ENSG00000186834.4	HEXIM1	protein_coding	chr17	45148475	45152099	+	8	4
ENSG00000186847.6	KRT14	protein_coding	chr17	41582279	41586895	-	10	10
ENSG00000186854.11	TRABD2A	protein_coding	chr2	84821650	84907008	-	32	31
ENSG00000186860.5	KRTAP17-1	protein_coding	chr17	41314912	41315710	-	4	4
ENSG00000186868.17	MAPT	protein_coding	chr17	45894527	46028334	+	10	8
ENSG00000186881.3	OR13F1	protein_coding	chr9	104504263	104505222	+	6	6
ENSG00000186889.10	TMEM17	protein_coding	chr2	62500218	62511894	-	17	17
ENSG00000186918.14	ZNF395	protein_coding	chr8	28345590	28402701	-	17	2
ENSG00000186919.13	ZACN	protein_coding	chr17	76071961	76083666	+	10	4
ENSG00000186943.1	OR13C8	protein_coding	chr9	104569168	104570130	+	1	1
ENSG00000186952.15	TMEM232	protein_coding	chr5	110289233	110738956	-	73	73
ENSG00000187003.7	ACTL7A	protein_coding	chr9	108862266	108863756	+	3	3
ENSG00000187024.15	PTRH1	protein_coding	chr9	127690348	127724873	-	13	1
ENSG00000187033.9	SAMD7	protein_coding	chr3	169911572	169939175	+	10	10
ENSG00000187068.3	C3orf70	protein_coding	chr3	185076838	185153060	-	22	22
ENSG00000187091.14	PLCD1	protein_coding	chr3	38007496	38029642	-	7	7
ENSG00000187094.12	CCK	protein_coding	chr3	42257825	42266185	-	8	8
ENSG00000187098.17	MITF	protein_coding	chr3	69739464	69968336	+	25	25
ENSG00000187118.14	CMC1	protein_coding	chr3	28241584	28325142	+	18	10
ENSG00000187123.15	LYPD6	protein_coding	chr2	149329985	149474138	+	25	25
ENSG00000187186.15	AL162231.1	protein_coding	chr9	34664163	34666112	-	3	0
ENSG00000187210.14	GCNT1	protein_coding	chr9	76419850	76651203	+	56	40
ENSG00000187229.3	AC100800.1	lncRNA	chr8	18720905	18734405	+	1	0
ENSG00000187231.14	SESTD1	protein_coding	chr2	179101678	179264832	-	43	43
ENSG00000187239.17	FNBP1	protein_coding	chr9	129887187	130043194	-	27	27
ENSG00000187242.6	KRT12	protein_coding	chr17	40861303	40867223	-	4	3
ENSG00000187288.12	CIDEC	protein_coding	chr3	9866711	9880255	-	8	8
ENSG00000187372.11	PCDHB13	protein_coding	chr5	141213919	141218979	+	10	0
ENSG00000187492.9	CDHR4	protein_coding	chr3	49790732	49799873	-	4	4
ENSG00000187514.17	PTMA	protein_coding	chr2	231706895	231713551	+	8	8
ENSG00000187527.11	ATP13A5	protein_coding	chr3	193274789	193378820	-	32	29
ENSG00000187531.14	SIRT7	protein_coding	chr17	81911939	81921323	-	6	5
ENSG00000187595.16	ZNF385C	protein_coding	chr17	42025576	42098479	-	19	13
ENSG00000187600.14	LINC02583	lncRNA	chr2	46429190	46441833	+	1	0
ENSG00000187605.16	TET3	protein_coding	chr2	73984910	74108176	+	19	18
ENSG00000187607.16	ZNF286A	protein_coding	chr17	15699577	15720787	+	12	0
ENSG00000187609.16	EXD3	protein_coding	chr9	137306896	137423211	-	53	53
ENSG00000187616.5	MYMK	protein_coding	chr9	133514586	133528612	-	9	9
ENSG00000187624.9	C17orf97	protein_coding	chr17	410325	431062	+	10	4
ENSG00000187627.17	RGPD1	protein_coding	chr2	86907953	87013976	+	5	4
ENSG00000187658.7	C5orf52	protein_coding	chr5	157671533	157680158	+	8	8
ENSG00000187672.14	ERC2	protein_coding	chr3	55508311	56468467	-	97	97
ENSG00000187678.10	SPRY4	protein_coding	chr5	142310427	142326455	-	11	11
ENSG00000187688.15	TRPV2	protein_coding	chr17	16415571	16437003	+	16	12
ENSG00000187699.10	C2orf88	protein_coding	chr2	189879609	190203484	+	56	42
ENSG00000187715.13	KBTBD12	protein_coding	chr3	127915232	127987671	+	20	0
ENSG00000187735.14	TCEA1	protein_coding	chr8	53966552	54022456	-	10	10
ENSG00000187736.13	NHEJ1	protein_coding	chr2	219069357	219160865	-	21	6
ENSG00000187742.15	SECISBP2	protein_coding	chr9	89318500	89359663	+	9	9
ENSG00000187753.13	C9orf153	protein_coding	chr9	86220265	86259657	-	17	17
ENSG00000187764.12	SEMA4D	protein_coding	chr9	89360787	89498130	-	60	60
ENSG00000187775.17	DNAH17	protein_coding	chr17	78423697	78577396	-	138	101
ENSG00000187791.13	FAM205C	protein_coding	chr9	34889066	34895764	-	8	1
ENSG00000187796.15	CARD9	protein_coding	chr9	136361903	136373681	-	17	12
ENSG00000187824.9	TMEM220	protein_coding	chr17	10699015	10730023	-	25	16
ENSG00000187833.7	C2orf78	protein_coding	chr2	73784189	73817147	+	1	1
ENSG00000187838.17	PLSCR3	protein_coding	chr17	7389727	7394842	-	2	0
ENSG00000187840.5	EIF4EBP1	protein_coding	chr8	38030534	38060365	+	4	4
ENSG00000187866.10	FAM122A	protein_coding	chr9	68780065	68785566	+	9	0
ENSG00000187870.7	RNFT1P3	unprocessed_pseudogene	chr17	20743333	20754501	-	2	2
ENSG00000187922.14	LCN10	protein_coding	chr9	136738167	136743356	-	12	0
ENSG00000187944.5	C2orf66	protein_coding	chr2	196804417	196809355	-	2	2
ENSG00000187954.13	CYHR1	protein_coding	chr8	144449582	144465667	-	27	23
ENSG00000187955.12	COL14A1	protein_coding	chr8	120059780	120373573	+	68	68
ENSG00000187957.8	DNER	protein_coding	chr2	229357629	229714555	-	42	42
ENSG00000187959.9	CPSF4L	protein_coding	chr17	73248449	73262352	-	7	5
ENSG00000187984.13	ANKRD19P	transcribed_unprocessed_pseudogene	chr9	92809568	92838457	+	3	0
ENSG00000187988.5	KCTD9P3	processed_pseudogene	chr9	37477149	37478317	+	1	1
ENSG00000187997.11	C17orf99	protein_coding	chr17	78146353	78166177	+	18	18
ENSG00000188001.10	TPRG1	protein_coding	chr3	188947214	189325304	+	53	52
ENSG00000188002.10	AC026412.1	transcribed_unprocessed_pseudogene	chr5	1598920	1634005	-	3	1
ENSG00000188010.15	MORN2	protein_coding	chr2	38875962	38929072	+	10	4
ENSG00000188011.5	RTP5	protein_coding	chr2	241869600	241873823	+	20	20
ENSG00000188029.8	CTSL3P	transcribed_unprocessed_pseudogene	chr9	87772453	87786884	+	1	1
ENSG00000188042.8	ARL4C	protein_coding	chr2	234493041	234497081	-	6	6
ENSG00000188086.15	PRSS45P	protein_coding	chr3	46742092	46750891	-	13	0
ENSG00000188133.6	TMEM215	protein_coding	chr9	32783540	32789201	+	9	9
ENSG00000188152.13	NUTM2G	protein_coding	chr9	96928310	96940253	+	2	0
ENSG00000188163.8	FAM166A	protein_coding	chr9	137243584	137247770	-	2	2
ENSG00000188167.9	TMPPE	protein_coding	chr3	33090421	33097146	-	7	0
ENSG00000188176.12	SMTNL2	protein_coding	chr17	4583999	4608319	+	17	17
ENSG00000188177.14	ZC3H6	protein_coding	chr2	112275597	112340063	+	18	18
ENSG00000188219.14	POTEE	protein_coding	chr2	131218067	131265278	+	6	0
ENSG00000188229.6	TUBB4B	protein_coding	chr9	137241287	137243707	+	3	3
ENSG00000188242.4	PP7080	lncRNA	chr5	466124	473098	-	24	0
ENSG00000188282.12	RUFY4	protein_coding	chr2	218034960	218090581	+	21	20
ENSG00000188306.6	LRRIQ4	protein_coding	chr3	169821922	169837775	+	6	6
ENSG00000188312.14	CENPP	protein_coding	chr9	92325953	92620529	+	57	17
ENSG00000188313.13	PLSCR1	protein_coding	chr3	146515180	146544856	-	25	25
ENSG00000188315.8	C3orf62	protein_coding	chr3	49268596	49277232	-	3	3
ENSG00000188338.15	SLC38A3	protein_coding	chr3	50205246	50221486	+	7	7
ENSG00000188343.13	CIBAR1	protein_coding	chr8	93698561	93731527	+	12	8
ENSG00000188352.12	FOCAD	protein_coding	chr9	20658309	20995955	+	62	60
ENSG00000188379.7	IFNA2	protein_coding	chr9	21384255	21385398	-	1	1
ENSG00000188383.8	GPAT2P2	unprocessed_pseudogene	chr2	97081098	97083249	+	1	1
ENSG00000188386.8	PPP3R2	protein_coding	chr9	101591604	101595021	-	5	0
ENSG00000188389.11	PDCD1	protein_coding	chr2	241849884	241858894	-	4	4
ENSG00000188452.14	CERKL	protein_coding	chr2	181536672	181680665	-	37	29
ENSG00000188483.8	IER5L	protein_coding	chr9	129175552	129178261	-	2	0
ENSG00000188522.15	FAM83G	protein_coding	chr17	18968789	19004764	-	19	0
ENSG00000188523.9	CFAP77	protein_coding	chr9	132410043	132573319	+	25	25
ENSG00000188525.4	AC010969.1	lncRNA	chr2	10001757	10006030	-	3	0
ENSG00000188542.10	DUSP28	protein_coding	chr2	240560054	240565256	+	11	0
ENSG00000188554.15	NBR1	protein_coding	chr17	43170481	43211689	+	17	17
ENSG00000188566.14	NDOR1	protein_coding	chr9	137205685	137217009	+	10	10
ENSG00000188573.8	FBLL1	protein_coding	chr5	168529305	168530634	+	6	6
ENSG00000188581.9	KRTAP1-1	protein_coding	chr17	41040541	41041450	-	6	6
ENSG00000188582.10	PAQR9	protein_coding	chr3	142949164	142963674	-	19	13
ENSG00000188612.12	SUMO2	protein_coding	chr17	75165586	75182959	-	4	2
ENSG00000188647.13	PTAR1	protein_coding	chr9	69709522	69760011	-	22	22
ENSG00000188662.6	H1-9P	transcribed_unitary_pseudogene	chr17	50171428	50181178	-	4	1
ENSG00000188674.11	C2orf80	protein_coding	chr2	208165343	208190030	-	16	16
ENSG00000188676.13	IDO2	protein_coding	chr8	39934614	40016391	+	33	15
ENSG00000188687.17	SLC4A5	protein_coding	chr2	74216242	74343414	-	34	0
ENSG00000188710.3	QRFP	protein_coding	chr9	130892707	130896812	-	7	7
ENSG00000188729.6	OSTN	protein_coding	chr3	191199241	191265615	+	24	21
ENSG00000188738.15	FSIP2	protein_coding	chr2	185738804	185833290	+	45	17
ENSG00000188747.8	NOXA1	protein_coding	chr9	137423350	137434406	+	12	12
ENSG00000188755.10	TBC1D3P2	transcribed_unprocessed_pseudogene	chr17	62264705	62275655	-	1	1
ENSG00000188760.11	TMEM198	protein_coding	chr2	219543663	219550595	+	5	5
ENSG00000188778.6	ADRB3	protein_coding	chr8	37962990	37966599	-	4	1
ENSG00000188803.15	SHISA6	protein_coding	chr17	11241213	11564063	+	45	44
ENSG00000188817.8	SNTN	protein_coding	chr3	63652675	63679020	+	18	18
ENSG00000188818.12	ZDHHC11	protein_coding	chr5	795606	850986	-	53	47
ENSG00000188825.14	LINC00910	lncRNA	chr17	43338741	43389199	-	4	4
ENSG00000188833.10	ENTPD8	protein_coding	chr9	137434364	137441816	-	8	8
ENSG00000188846.14	RPL14	protein_coding	chr3	40457292	40468587	+	22	22
ENSG00000188850.9	AC114947.1	transcribed_processed_pseudogene	chr5	43336164	43348716	+	1	1
ENSG00000188877.12	POTEA	polymorphic_pseudogene	chr8	43292483	43363518	+	5	5
ENSG00000188878.19	FBF1	protein_coding	chr17	75909574	75941140	-	22	8
ENSG00000188886.3	ASTL	protein_coding	chr2	96123850	96138436	-	7	7
ENSG00000188895.12	MSL1	protein_coding	chr17	40121971	40136917	+	10	10
ENSG00000188921.14	HACD4	protein_coding	chr9	20999509	21031640	-	31	31
ENSG00000188933.16	USP32P1	transcribed_unprocessed_pseudogene	chr17	16786489	16804455	+	3	0
ENSG00000188938.17	FAM120AOS	protein_coding	chr9	93431441	93453581	-	12	11
ENSG00000188958.9	UTS2B	protein_coding	chr3	191267168	191330536	-	48	45
ENSG00000188959.10	C9orf152	protein_coding	chr9	110190048	110208159	-	14	14
ENSG00000188986.9	NELFB	protein_coding	chr9	137255327	137273542	+	12	12
ENSG00000189002.10	PROS2P	unprocessed_pseudogene	chr3	90202316	90257415	-	5	5
ENSG00000189045.15	ANKDD1B	protein_coding	chr5	75611182	75681773	+	31	24
ENSG00000189050.16	RNFT1	protein_coding	chr17	59952240	59964761	-	5	0
ENSG00000189051.5	RNF222	protein_coding	chr17	8390704	8397826	-	12	12
ENSG00000189058.9	APOD	protein_coding	chr3	195568705	195584033	-	10	10
ENSG00000189120.5	SP6	protein_coding	chr17	47844908	47855874	-	7	7
ENSG00000189127.8	ANKRD34B	protein_coding	chr5	80556755	80570280	-	12	12
ENSG00000189159.16	JPT1	protein_coding	chr17	75135248	75168281	-	6	4
ENSG00000189196.4	LINC00994	lncRNA	chr3	64078361	64087363	-	1	0
ENSG00000189223.15	PAX8-AS1	lncRNA	chr2	113211421	113276581	+	26	1
ENSG00000189229.11	AC069277.1	lncRNA	chr3	6490460	6736750	+	21	11
ENSG00000189233.12	NUGGC	protein_coding	chr8	28021964	28083936	-	19	19
ENSG00000189283.10	FHIT	protein_coding	chr3	59747277	61251459	-	176	154
ENSG00000189292.16	ALKAL2	protein_coding	chr2	279558	288851	-	2	1
ENSG00000189350.13	TOGARAM2	protein_coding	chr2	28956611	29052230	+	64	64
ENSG00000189362.12	NEMP2	protein_coding	chr2	190504338	190534722	-	20	11
ENSG00000189366.9	ALG1L	protein_coding	chr3	125929275	125937039	-	13	8
ENSG00000189375.12	TBC1D28	protein_coding	chr17	18634247	18644427	-	11	5
ENSG00000189376.12	C8orf76	protein_coding	chr8	123219967	123241377	-	1	1
ENSG00000189423.13	USP32P3	transcribed_unprocessed_pseudogene	chr17	20408311	20434286	+	2	1
ENSG00000196083.10	IL1RAP	protein_coding	chr3	190514051	190659750	+	51	50
ENSG00000196092.14	PAX5	protein_coding	chr9	36833269	37034268	-	29	28
ENSG00000196096.3	SPAG16-DT	lncRNA	chr2	213276552	213284205	-	1	1
ENSG00000196098.2	OR5K4	protein_coding	chr3	98353854	98354819	+	1	0
ENSG00000196115.13	ADAM5	transcribed_unitary_pseudogene	chr8	39314591	39417378	+	9	9
ENSG00000196116.8	TDRD7	protein_coding	chr9	97412096	97496125	+	14	14
ENSG00000196141.14	SPATS2L	protein_coding	chr2	200305881	200482264	+	36	26
ENSG00000196150.14	ZNF250	protein_coding	chr8	144876497	144902168	-	11	11
ENSG00000196151.11	WDSUB1	protein_coding	chr2	159235798	159286703	-	19	19
ENSG00000196152.10	ZNF79	protein_coding	chr9	127424374	127445372	+	9	9
ENSG00000196156.5	KRTAP4-3	protein_coding	chr17	41167231	41168221	-	8	8
ENSG00000196166.5	C8orf86	lncRNA	chr8	38510834	38560939	-	4	3
ENSG00000196169.15	KIF19	protein_coding	chr17	74326210	74355820	+	23	23
ENSG00000196196.3	HRCT1	protein_coding	chr9	35906202	35907136	+	4	4
ENSG00000196208.14	GREB1	protein_coding	chr2	11482341	11642788	+	70	70
ENSG00000196220.16	SRGAP3	protein_coding	chr3	8980591	9363053	-	102	88
ENSG00000196228.4	SULT1C3	protein_coding	chr2	108239971	108265351	+	15	15
ENSG00000196277.16	GRM7	protein_coding	chr3	6770001	7741533	+	119	83
ENSG00000196290.16	NIF3L1	protein_coding	chr2	200889327	200903938	+	3	3
ENSG00000196305.18	IARS1	protein_coding	chr9	92210207	92293756	-	21	21
ENSG00000196312.15	MFSD14C	transcribed_unprocessed_pseudogene	chr9	96887373	97013708	-	9	7
ENSG00000196345.13	ZKSCAN7	protein_coding	chr3	44555193	44594173	+	10	1
ENSG00000196353.11	CPNE4	protein_coding	chr3	131533555	132285410	-	95	95
ENSG00000196358.11	NTNG2	protein_coding	chr9	132161676	132244526	+	28	28
ENSG00000196363.10	WDR5	protein_coding	chr9	134135365	134159968	+	20	20
ENSG00000196378.13	ZNF34	protein_coding	chr8	144772224	144787345	-	4	4
ENSG00000196388.8	INCA1	protein_coding	chr17	4988130	4997610	-	5	4
ENSG00000196422.11	PPP1R26	protein_coding	chr9	135479079	135488893	+	14	14
ENSG00000196428.12	TSC22D2	protein_coding	chr3	150408335	150466431	+	24	24
ENSG00000196455.8	PIK3R4	protein_coding	chr3	130678934	130746829	-	13	13
ENSG00000196460.14	RFX8	protein_coding	chr2	101397359	101475112	-	26	26
ENSG00000196504.19	PRPF40A	protein_coding	chr2	152651593	152717997	-	22	22
ENSG00000196535.17	MYO18A	protein_coding	chr17	29071122	29180398	-	44	36
ENSG00000196542.8	SPTSSB	protein_coding	chr3	161344792	161372880	-	12	12
ENSG00000196544.8	BORCS6	protein_coding	chr17	8188345	8190180	-	1	0
ENSG00000196549.13	MME	protein_coding	chr3	155024124	155183704	+	42	30
ENSG00000196578.4	OR5AC2	protein_coding	chr3	98087173	98088102	+	3	3
ENSG00000196597.13	ZNF782	protein_coding	chr9	96816269	96875623	-	11	11
ENSG00000196604.13	POTEF	protein_coding	chr2	130073535	130129222	-	7	6
ENSG00000196639.7	HRH1	protein_coding	chr3	11137093	11263557	+	18	16
ENSG00000196642.19	RABL6	protein_coding	chr9	136807943	136841187	+	16	9
ENSG00000196653.12	ZNF502	protein_coding	chr3	44712643	44723831	+	5	5
ENSG00000196659.10	TTC30B	protein_coding	chr2	177548998	177552796	-	3	0
ENSG00000196670.14	ZFP62	protein_coding	chr5	180847611	180861285	-	8	8
ENSG00000196689.12	TRPV1	protein_coding	chr17	3565444	3609411	-	52	17
ENSG00000196704.14	AMZ2	protein_coding	chr17	68205481	68257712	+	21	14
ENSG00000196711.9	ALKAL1	protein_coding	chr8	52534037	52565430	-	4	4
ENSG00000196712.18	NF1	protein_coding	chr17	31094927	31382116	+	65	49
ENSG00000196730.13	DAPK1	protein_coding	chr9	87497228	87708634	+	48	48
ENSG00000196739.15	COL27A1	protein_coding	chr9	114155537	114312511	+	104	104
ENSG00000196743.9	GM2A	protein_coding	chr5	151212150	151270440	+	30	26
ENSG00000196776.17	CD47	protein_coding	chr3	108043091	108091862	-	14	14
ENSG00000196781.16	TLE1	protein_coding	chr9	81583683	81689547	-	26	26
ENSG00000196800.6	SPINK14	protein_coding	chr5	148169733	148175398	+	1	0
ENSG00000196811.13	CHRNG	protein_coding	chr2	232539692	232548115	+	19	7
ENSG00000196814.15	MVB12B	protein_coding	chr9	126326829	126507041	+	39	39
ENSG00000196834.13	POTEI	protein_coding	chr2	130459455	130509707	-	4	4
ENSG00000196843.17	ARID5A	protein_coding	chr2	96536743	96552634	+	4	4
ENSG00000196859.8	KRT39	protein_coding	chr17	40958417	40966948	-	11	0
ENSG00000196862.10	RGPD4	protein_coding	chr2	107826892	107892544	+	10	10
ENSG00000196872.12	CRACDL	protein_coding	chr2	98793846	98936259	-	17	17
ENSG00000196893.3	AC090286.1	lncRNA	chr17	18951625	18954149	-	2	0
ENSG00000196900.5	TEX43	protein_coding	chr5	126631705	126636284	+	2	2
ENSG00000196912.12	ANKRD36B	protein_coding	chr2	97492663	97589965	-	20	20
ENSG00000196922.10	ZNF252P	transcribed_unprocessed_pseudogene	chr8	144973589	145002895	-	2	1
ENSG00000196923.14	PDLIM7	protein_coding	chr5	177483394	177497606	-	6	5
ENSG00000196950.14	SLC39A10	protein_coding	chr2	195575977	195737702	+	19	19
ENSG00000196975.16	ANXA4	protein_coding	chr2	69644425	69827112	+	66	56
ENSG00000196979.1	GPRACR	lncRNA	chr9	130140610	130144219	-	1	1
ENSG00000196981.4	WDR5B	protein_coding	chr3	122411846	122416062	-	7	5
ENSG00000196990.9	FAM163B	protein_coding	chr9	133577081	133609389	-	25	25
ENSG00000197043.14	ANXA6	protein_coding	chr5	151100706	151157785	-	40	40
ENSG00000197063.11	MAFG	protein_coding	chr17	81918270	81927735	-	2	0
ENSG00000197070.14	ARRDC1	protein_coding	chr9	137605685	137615360	+	12	0
ENSG00000197079.8	KRT35	protein_coding	chr17	41476689	41481140	-	9	9
ENSG00000197083.11	ZNF300P1	transcribed_unprocessed_pseudogene	chr5	150930645	150946289	-	2	2
ENSG00000197099.8	AC068631.1	lncRNA	chr3	186579476	186772986	-	75	12
ENSG00000197121.15	PGAP1	protein_coding	chr2	196833004	196927796	-	26	26
ENSG00000197140.15	ADAM32	protein_coding	chr8	39106990	39284917	+	48	48
ENSG00000197170.10	PSMD12	protein_coding	chr17	67337916	67366605	-	9	9
ENSG00000197181.12	PIWIL2	protein_coding	chr8	22275316	22357568	+	14	14
ENSG00000197191.6	CYSRT1	protein_coding	chr9	137224635	137226315	+	2	2
ENSG00000197208.6	SLC22A4	protein_coding	chr5	132294394	132344190	+	15	1
ENSG00000197217.13	ENTPD4	protein_coding	chr8	23385783	23457695	-	31	24
ENSG00000197223.12	C1D	protein_coding	chr2	68041130	68110948	-	12	12
ENSG00000197226.13	TBC1D9B	protein_coding	chr5	179862066	179907897	-	23	23
ENSG00000197233.7	OR1J2	protein_coding	chr9	122510802	122511743	+	2	0
ENSG00000197265.9	GTF2E2	protein_coding	chr8	30578318	30658236	-	16	12
ENSG00000197275.14	RAD54B	protein_coding	chr8	94371960	94475115	-	23	8
ENSG00000197291.9	RAMP2-AS1	lncRNA	chr17	42753914	42761257	-	2	0
ENSG00000197329.12	PELI1	protein_coding	chr2	64092652	64144420	-	12	9
ENSG00000197353.4	LYPD2	protein_coding	chr8	142750150	142752532	-	4	4
ENSG00000197355.11	UAP1L1	protein_coding	chr9	137077517	137084539	+	13	13
ENSG00000197363.9	ZNF517	protein_coding	chr8	144798876	144811169	+	11	11
ENSG00000197375.13	SLC22A5	protein_coding	chr5	132369710	132395613	+	41	36
ENSG00000197385.6	ZNF860	protein_coding	chr3	31981750	31991723	+	16	0
ENSG00000197415.12	VEPH1	protein_coding	chr3	157259742	157533619	-	52	27
ENSG00000197416.4	FABP12	protein_coding	chr8	81524981	81531378	-	3	0
ENSG00000197417.9	SHPK	protein_coding	chr17	3608240	3636250	-	9	0
ENSG00000197451.12	HNRNPAB	protein_coding	chr5	178204533	178211163	+	4	3
ENSG00000197475.11	ADAM3A	transcribed_unitary_pseudogene	chr8	39451045	39522852	-	6	6
ENSG00000197479.7	PCDHB11	protein_coding	chr5	141199610	141203779	+	16	0
ENSG00000197506.8	SLC28A3	protein_coding	chr9	84275457	84340758	-	27	20
ENSG00000197536.11	IRF1-AS1	lncRNA	chr5	132410636	132488702	+	55	0
ENSG00000197548.12	ATG7	protein_coding	chr3	11272309	11557665	+	39	39
ENSG00000197557.7	TTC30A	protein_coding	chr2	177612999	177618742	-	24	0
ENSG00000197566.10	ZNF624	protein_coding	chr17	16620734	16653856	-	12	12
ENSG00000197579.8	TOPORS	protein_coding	chr9	32540544	32552586	-	4	0
ENSG00000197584.12	KCNMB2	protein_coding	chr3	178272932	178844429	+	67	4
ENSG00000197585.10	AC068051.1	lncRNA	chr2	214241676	214684246	-	48	11
ENSG00000197603.16	CPLANE1	protein_coding	chr5	37106228	37249376	-	29	29
ENSG00000197635.11	DPP4	protein_coding	chr2	161992245	162074394	-	27	25
ENSG00000197644.2	AC106870.1	lncRNA	chr2	29899597	29907199	+	1	0
ENSG00000197646.8	PDCD1LG2	protein_coding	chr9	5510531	5571282	+	10	0
ENSG00000197694.18	SPTAN1	protein_coding	chr9	128552558	128633662	+	19	19
ENSG00000197713.15	RPE	protein_coding	chr2	210002565	210022260	+	7	6
ENSG00000197724.11	PHF2	protein_coding	chr9	93576584	93679587	+	32	32
ENSG00000197756.10	RPL37A	protein_coding	chr2	216498825	216579180	+	32	32
ENSG00000197763.20	TXNRD3	protein_coding	chr3	126571779	126655124	-	16	16
ENSG00000197768.10	STPG3	protein_coding	chr9	137251261	137253483	+	4	0
ENSG00000197816.16	CCDC180	protein_coding	chr9	97307304	97378751	+	54	6
ENSG00000197822.12	OCLN	protein_coding	chr5	69492292	69558104	+	8	4
ENSG00000197858.11	GPAA1	protein_coding	chr8	144082590	144086216	+	5	5
ENSG00000197859.11	ADAMTSL2	protein_coding	chr9	133532164	133575519	+	29	29
ENSG00000197860.10	SGTB	protein_coding	chr5	65665928	65723035	-	20	18
ENSG00000197872.11	CYRIA	protein_coding	chr2	16549459	16666331	-	27	18
ENSG00000197879.17	MYO1C	protein_coding	chr17	1464186	1492686	-	48	48
ENSG00000197885.11	NKIRAS1	protein_coding	chr3	23889951	23946591	-	31	12
ENSG00000197892.13	KIF13B	protein_coding	chr8	29067278	29263124	-	43	32
ENSG00000197919.6	IFNA1	protein_coding	chr9	21440439	21441316	+	2	2
ENSG00000197927.13	NBEAP2	transcribed_unprocessed_pseudogene	chr2	131722417	131751669	+	3	0
ENSG00000197938.5	OR5H2	protein_coding	chr3	98282888	98283832	+	3	0
ENSG00000197948.11	FCHSD1	protein_coding	chr5	141639302	141651418	-	24	18
ENSG00000197953.6	AADACL2	protein_coding	chr3	151733916	151761339	+	23	3
ENSG00000197958.13	RPL12	protein_coding	chr9	127447674	127451406	-	6	6
ENSG00000197969.14	VPS13A	protein_coding	chr9	77177445	77421537	+	73	71
ENSG00000197980.13	LEKR1	protein_coding	chr3	156825481	157046129	+	34	34
ENSG00000198000.12	NOL8	protein_coding	chr9	92297358	92325636	-	15	15
ENSG00000198010.13	DLGAP2	protein_coding	chr8	737628	1708476	+	166	156
ENSG00000198042.11	MAK16	protein_coding	chr8	33485182	33501262	+	10	0
ENSG00000198055.11	GRK6	protein_coding	chr5	177403204	177442901	+	12	7
ENSG00000198075.10	SULT1C4	protein_coding	chr2	108377911	108388989	+	9	9
ENSG00000198083.9	KRTAP9-9	protein_coding	chr17	41255384	41256364	+	2	2
ENSG00000198090.3	KRTAP4-6	protein_coding	chr17	41139433	41140487	-	5	5
ENSG00000198108.4	CHSY3	protein_coding	chr5	129904465	130186634	+	34	31
ENSG00000198113.3	TOR4A	protein_coding	chr9	137277726	137282641	+	4	4
ENSG00000198121.13	LPAR1	protein_coding	chr9	110873263	111038458	-	25	25
ENSG00000198130.16	HIBCH	protein_coding	chr2	190189735	190344193	-	44	34
ENSG00000198142.5	SOWAHC	protein_coding	chr2	109614364	109618990	+	9	9
ENSG00000198169.9	ZNF251	protein_coding	chr8	144720907	144756417	-	6	6
ENSG00000198203.10	SULT1C2	protein_coding	chr2	108288639	108309915	+	17	17
ENSG00000198218.11	QRICH1	protein_coding	chr3	49029707	49094363	-	8	8
ENSG00000198231.13	DDX42	protein_coding	chr17	63773603	63819317	+	27	17
ENSG00000198242.14	RPL23A	protein_coding	chr17	28719985	28724359	+	3	3
ENSG00000198265.12	HELZ	protein_coding	chr17	67070444	67245989	-	45	44
ENSG00000198271.5	KRTAP4-5	protein_coding	chr17	41148924	41149825	-	2	2
ENSG00000198284.9	NUP210P1	transcribed_processed_pseudogene	chr3	126660609	126671939	+	2	2
ENSG00000198336.9	MYL4	protein_coding	chr17	47200446	47223679	+	3	3
ENSG00000198363.18	ASPH	protein_coding	chr8	61500556	61714640	-	59	56
ENSG00000198369.10	SPRED2	protein_coding	chr2	65310851	65432637	-	24	22
ENSG00000198380.13	GFPT1	protein_coding	chr2	69319780	69387250	-	26	26
ENSG00000198398.3	TMEM207	protein_coding	chr3	190428655	190449901	-	4	4
ENSG00000198399.15	ITSN2	protein_coding	chr2	24202864	24360536	-	21	16
ENSG00000198416.9	ZNF658B	transcribed_unprocessed_pseudogene	chr9	39443815	39508885	-	5	5
ENSG00000198435.4	NRARP	protein_coding	chr9	137299631	137302271	-	2	2
ENSG00000198443.6	KRTAP4-1	protein_coding	chr17	41184102	41185342	-	7	7
ENSG00000198454.2	LINC02692	lncRNA	chr9	136969243	136971990	+	1	1
ENSG00000198467.16	TPM2	protein_coding	chr9	35681992	35690056	-	10	10
ENSG00000198471.1	RTP2	protein_coding	chr3	187698259	187702557	-	6	5
ENSG00000198491.3	AC007920.1	lncRNA	chr3	187197090	187207629	-	6	1
ENSG00000198496.12	NBR2	lncRNA	chr17	43125551	43153671	+	2	0
ENSG00000198522.14	GPN1	protein_coding	chr2	27628247	27651511	+	14	6
ENSG00000198569.10	SLC34A3	protein_coding	chr9	137230757	137236555	+	5	5
ENSG00000198576.4	ARC	protein_coding	chr8	142611049	142614479	-	11	11
ENSG00000198585.12	NUDT16	protein_coding	chr3	131381671	131388830	+	5	5
ENSG00000198586.14	TLK1	protein_coding	chr2	170990823	171231314	-	46	46
ENSG00000198590.12	C3orf35	lncRNA	chr3	37381062	37440186	+	5	5
ENSG00000198612.11	COPS8	protein_coding	chr2	237085882	237100474	+	6	6
ENSG00000198624.13	CCDC69	protein_coding	chr5	151181052	151224093	-	26	22
ENSG00000198642.7	KLHL9	protein_coding	chr9	21329665	21335404	-	2	2
ENSG00000198643.7	FAM3D	protein_coding	chr3	58633946	58666834	-	12	9
ENSG00000198648.11	STK39	protein_coding	chr2	167954020	168247595	-	37	37
ENSG00000198677.12	TTC37	protein_coding	chr5	95461755	95554977	-	45	45
ENSG00000198680.5	TUSC1	protein_coding	chr9	25676389	25678440	-	13	13
ENSG00000198685.4	LINC01565	lncRNA	chr3	128572000	128576086	-	1	1
ENSG00000198720.13	ANKRD13B	protein_coding	chr17	29589769	29614761	+	3	0
ENSG00000198722.14	UNC13B	protein_coding	chr9	35161992	35405338	+	40	40
ENSG00000198740.9	ZNF652	protein_coding	chr17	49289206	49362473	-	18	4
ENSG00000198780.12	FAM169A	protein_coding	chr5	74777574	74866966	-	17	14
ENSG00000198783.6	ZNF830	protein_coding	chr17	34961540	34963777	+	3	0
ENSG00000198785.7	GRIN3A	protein_coding	chr9	101569352	101738647	-	57	52
ENSG00000198791.12	CNOT7	protein_coding	chr8	17224966	17246878	-	21	21
ENSG00000198829.6	SUCNR1	protein_coding	chr3	151873643	151884619	+	11	0
ENSG00000198836.11	OPA1	protein_coding	chr3	193593144	193697811	+	40	37
ENSG00000198843.13	SELENOT	protein_coding	chr3	150602875	150630445	+	9	7
ENSG00000198844.12	ARHGEF15	protein_coding	chr17	8310241	8322514	+	12	12
ENSG00000198846.6	TOX	protein_coding	chr8	58805412	59119147	-	32	32
ENSG00000198853.12	RUSC2	protein_coding	chr9	35490111	35561898	+	12	12
ENSG00000198863.7	RUNDC1	protein_coding	chr17	42980565	42993690	+	5	5
ENSG00000198865.10	CCDC152	protein_coding	chr5	42756818	42802439	+	14	9
ENSG00000198870.8	STKLD1	protein_coding	chr9	133376366	133406096	+	27	27
ENSG00000198876.13	DCAF12	protein_coding	chr9	34086387	34127399	-	16	11
ENSG00000198885.10	ITPRIPL1	protein_coding	chr2	96325317	96330517	+	4	4
ENSG00000198887.9	SMC5	protein_coding	chr9	70258978	70354873	+	13	13
ENSG00000198909.8	MAP3K3	protein_coding	chr17	63622415	63696305	+	15	9
ENSG00000198914.5	POU3F3	protein_coding	chr2	104853287	104858574	+	7	0
ENSG00000198917.13	SPOUT1	protein_coding	chr9	128819651	128829794	-	10	0
ENSG00000198919.13	DZIP3	protein_coding	chr3	108589705	108694840	+	21	21
ENSG00000198920.11	KIAA0753	protein_coding	chr17	6578147	6640711	-	40	21
ENSG00000198925.12	ATG9A	protein_coding	chr2	219219380	219229717	-	10	5
ENSG00000198933.9	TBKBP1	protein_coding	chr17	47694081	47712050	+	5	5
ENSG00000198939.8	ZFP2	protein_coding	chr5	178895898	178933212	+	8	8
ENSG00000198944.6	SOWAHA	protein_coding	chr5	132813302	132816786	+	4	4
ENSG00000198961.10	PJA2	protein_coding	chr5	109334713	109409974	-	17	17
ENSG00000198963.11	RORB	protein_coding	chr9	74497335	74693177	+	36	35
ENSG00000200034.1	RNU4-73P	snRNA	chr2	9740643	9740783	-	1	1
ENSG00000200418.1	SNORA63B	snoRNA	chr3	186786323	186786445	+	1	0
ENSG00000200463.1	SNORD118	snoRNA	chr17	8173454	8173587	-	1	0
ENSG00000200779.1	RNU6-105P	snRNA	chr2	71379755	71379858	-	1	0
ENSG00000201118.1	Y_RNA	misc_RNA	chr9	19089593	19089688	+	1	0
ENSG00000201595.1	RNA5SP132	rRNA_pseudogene	chr3	51694465	51694582	-	1	0
ENSG00000202360.1	RN7SKP249	misc_RNA	chr8	101137959	101138313	+	1	1
ENSG00000203279.4	AL590705.1	lncRNA	chr9	97200475	97238745	-	4	1
ENSG00000203321.2	CARNMT1-AS1	lncRNA	chr9	74952968	74996293	+	6	3
ENSG00000203395.2	AC015969.1	lncRNA	chr2	68361214	68365584	-	4	2
ENSG00000203499.12	IQANK1	protein_coding	chr8	143734139	143790645	+	25	19
ENSG00000203506.5	RBMS3-AS2	lncRNA	chr3	29526251	29642809	-	14	0
ENSG00000203635.2	AC144450.1	lncRNA	chr2	1620510	1625419	-	1	1
ENSG00000203645.2	LINC00501	lncRNA	chr3	177294442	177323418	+	3	3
ENSG00000203987.3	AL772363.1	lncRNA	chr9	137867925	137892570	-	7	1
ENSG00000203993.6	ARRDC1-AS1	lncRNA	chr9	137615332	137618906	-	1	0
ENSG00000204001.10	LCN8	protein_coding	chr9	136754386	136758543	-	22	22
ENSG00000204003.8	AL355987.1	protein_coding	chr9	136738167	136748453	-	20	0
ENSG00000204007.7	GLT6D1	protein_coding	chr9	135623648	135639540	-	9	9
ENSG00000204054.14	LINC00963	lncRNA	chr9	129476946	129513687	+	3	3
ENSG00000204055.5	AL158151.1	lncRNA	chr9	129175807	129261581	+	23	1
ENSG00000204099.12	NEU4	protein_coding	chr2	241809065	241817413	+	25	15
ENSG00000204104.12	TRAF3IP1	protein_coding	chr2	238320441	238400897	+	21	21
ENSG00000204120.16	GIGYF2	protein_coding	chr2	232697299	232860605	+	48	33
ENSG00000204121.2	ECEL1P1	unprocessed_pseudogene	chr2	232415818	232419816	-	1	1
ENSG00000204128.6	C2orf72	protein_coding	chr2	231037523	231049719	+	10	10
ENSG00000204136.12	GGTA1	protein_coding	chr9	121444991	121499844	-	13	6
ENSG00000204148.3	LINC00474	lncRNA	chr9	115888169	115925207	-	3	3
ENSG00000204173.11	LRRC37A5P	transcribed_unprocessed_pseudogene	chr9	111602831	111631289	-	3	3
ENSG00000204186.10	ZDBF2	protein_coding	chr2	206274663	206314427	+	9	9
ENSG00000204193.11	TXNDC8	protein_coding	chr9	110303476	110337884	-	14	14
ENSG00000204196.5	RPL12P16	processed_pseudogene	chr2	203190780	203191277	+	1	0
ENSG00000204217.15	BMPR2	protein_coding	chr2	202376327	202567751	+	24	24
ENSG00000204237.5	OXLD1	protein_coding	chr17	81665036	81666635	-	1	1
ENSG00000204246.3	OR13C3	protein_coding	chr9	104535749	104536856	-	3	0
ENSG00000204250.3	LINC00587	lncRNA	chr9	102519636	102657514	+	13	13
ENSG00000204262.14	COL5A2	protein_coding	chr2	189031898	189225312	-	47	47
ENSG00000204277.1	LINC01993	lncRNA	chr17	78261349	78278492	-	2	2
ENSG00000204278.12	TMEM235	protein_coding	chr17	78231310	78240987	+	8	8
ENSG00000204291.11	COL15A1	protein_coding	chr9	98943179	99070792	+	39	39
ENSG00000204311.15	PJVK	protein_coding	chr2	178451346	178462102	+	2	2
ENSG00000204316.13	MRPL38	protein_coding	chr17	75898644	75905093	-	7	0
ENSG00000204323.5	SMIM5	protein_coding	chr17	75633434	75641404	+	4	0
ENSG00000204334.7	ERICH2	protein_coding	chr2	170783786	170798971	+	2	0
ENSG00000204335.4	SP5	protein_coding	chr2	170715337	170718078	+	5	0
ENSG00000204345.1	CD300LD	protein_coding	chr17	74579365	74592283	-	5	1
ENSG00000204347.4	BTBD17	protein_coding	chr17	74356416	74361868	-	4	4
ENSG00000204352.4	C9orf129	transcribed_unprocessed_pseudogene	chr9	93318199	93346414	-	5	3
ENSG00000204380.4	PKP4-AS1	lncRNA	chr2	158658337	158735002	-	21	1
ENSG00000204406.14	MBD5	protein_coding	chr2	148021011	148516971	+	72	72
ENSG00000204414.13	CSHL1	protein_coding	chr17	63909597	63918838	-	6	3
ENSG00000204434.6	POTEKP	unprocessed_pseudogene	chr2	131591752	131628147	+	3	3
ENSG00000204460.3	LINC01854	lncRNA	chr2	129242173	129273848	-	3	3
ENSG00000204471.3	TBC1D3P4	unprocessed_pseudogene	chr17	18393480	18400961	+	1	1
ENSG00000204581.3	ACOXL-AS1	lncRNA	chr2	111098345	111116407	-	2	0
ENSG00000204584.1	AC027801.1	lncRNA	chr17	49845910	49848837	+	1	0
ENSG00000204628.12	RACK1	protein_coding	chr5	181236897	181248096	-	23	20
ENSG00000204634.13	TBC1D8	protein_coding	chr2	101007228	101252866	-	41	29
ENSG00000204640.1	NMS	protein_coding	chr2	100470482	100483280	+	11	11
ENSG00000204659.5	CBY3	protein_coding	chr5	179678560	179681034	-	1	0
ENSG00000204669.11	C9orf57	protein_coding	chr9	72051376	72072721	-	8	5
ENSG00000204677.13	FAM153CP	lncRNA	chr5	178006348	178086529	+	7	7
ENSG00000204685.7	STARD7-AS1	lncRNA	chr2	96208403	96243353	+	4	4
ENSG00000204706.14	MAMDC2-AS1	lncRNA	chr9	70033921	70175888	-	24	0
ENSG00000204711.9	C9orf135	protein_coding	chr9	69820817	69906227	+	16	16
ENSG00000204745.4	AC083899.1	unprocessed_pseudogene	chr2	87125198	87196629	+	5	5
ENSG00000204754.3	LINC01951	lncRNA	chr5	174919082	174995513	-	7	7
ENSG00000204758.8	AC008429.1	lncRNA	chr5	172954786	172959392	-	3	0
ENSG00000204764.14	RANBP17	protein_coding	chr5	170861870	171300015	+	59	59
ENSG00000204767.4	INSYN2B	protein_coding	chr5	169861303	169980495	-	26	0
ENSG00000204787.8	REG1CP	transcribed_unprocessed_pseudogene	chr2	79135503	79138427	-	1	1
ENSG00000204790.9	AL163540.1	unprocessed_pseudogene	chr9	63974762	64004155	-	2	2
ENSG00000204791.10	SMPD5	transcribed_unitary_pseudogene	chr8	144049079	144051522	+	2	1
ENSG00000204792.2	LINC01291	lncRNA	chr2	74918148	74938418	+	1	1
ENSG00000204815.10	TTC25	protein_coding	chr17	41930617	41966503	+	5	5
ENSG00000204822.7	MRPL53	protein_coding	chr2	74471982	74472687	-	1	0
ENSG00000204837.5	FGF7P3	transcribed_unprocessed_pseudogene	chr9	39816542	40106661	-	7	0
ENSG00000204839.9	MROH6	protein_coding	chr8	143566192	143572772	-	29	29
ENSG00000204843.13	DCTN1	protein_coding	chr2	74361154	74392087	-	29	22
ENSG00000204872.4	NAT8B	polymorphic_pseudogene	chr2	73700576	73701340	-	1	1
ENSG00000204880.8	KRTAP4-8	protein_coding	chr17	41096981	41098142	-	11	11
ENSG00000204882.4	GPR20	protein_coding	chr8	141356470	141367286	-	6	6
ENSG00000204887.4	KRTAP1-4	protein_coding	chr17	41029697	41030104	-	5	5
ENSG00000204889.10	KRT40	protein_coding	chr17	40977716	40987135	-	37	37
ENSG00000204897.7	KRT25	protein_coding	chr17	40748021	40755331	-	5	5
ENSG00000204909.8	SPINK9	protein_coding	chr5	148321203	148339852	+	5	0
ENSG00000204913.6	LRRC3C	protein_coding	chr17	39941474	39944734	+	3	3
ENSG00000204923.4	FBXO48	protein_coding	chr2	68459422	68467294	-	3	3
ENSG00000204928.3	GRXCR2	protein_coding	chr5	145858521	145937126	-	17	16
ENSG00000204929.13	AC007389.1	lncRNA	chr2	65436711	66200373	+	71	63
ENSG00000204930.10	FAM221B	protein_coding	chr9	35816391	35828747	-	9	0
ENSG00000204949.9	FAM83A-AS1	lncRNA	chr8	123196536	123202743	-	1	0
ENSG00000204952.3	FBXO47	protein_coding	chr17	38936432	38967403	-	4	4
ENSG00000204956.5	PCDHGA1	protein_coding	chr5	141330571	141512981	+	105	6
ENSG00000204961.7	PCDHA9	protein_coding	chr5	140847772	141012347	+	66	0
ENSG00000204962.6	PCDHA8	protein_coding	chr5	140841187	141012347	+	72	0
ENSG00000204963.6	PCDHA7	protein_coding	chr5	140834248	141012347	+	73	0
ENSG00000204965.9	PCDHA5	protein_coding	chr5	140821604	141012347	+	90	0
ENSG00000204967.12	PCDHA4	protein_coding	chr5	140806929	141012347	+	110	0
ENSG00000204969.7	PCDHA2	protein_coding	chr5	140794852	141012347	+	130	0
ENSG00000204970.10	PCDHA1	protein_coding	chr5	140786136	141012347	+	133	0
ENSG00000205002.4	AARD	protein_coding	chr8	116938207	116944487	+	4	4
ENSG00000205038.12	PKHD1L1	protein_coding	chr8	109362461	109537207	+	89	89
ENSG00000205045.11	SLFN12L	protein_coding	chr17	35464249	35487857	-	17	7
ENSG00000205054.8	LINC01121	lncRNA	chr2	45164816	45323397	-	15	11
ENSG00000205086.8	C2orf91	lncRNA	chr2	41935368	41956806	-	2	2
ENSG00000205089.8	CCNI2	protein_coding	chr5	132747426	132754403	+	5	3
ENSG00000205108.6	FAM205A	protein_coding	chr9	34723053	34729488	-	13	0
ENSG00000205111.8	CDKL4	protein_coding	chr2	39175646	39229588	-	7	7
ENSG00000205133.12	TRIQK	protein_coding	chr8	92883532	93017673	-	18	7
ENSG00000205143.3	ARID3C	protein_coding	chr9	34621379	34628086	-	6	6
ENSG00000205176.3	REXO1L1P	transcribed_processed_pseudogene	chr8	85656442	85663497	-	1	1
ENSG00000205186.4	FABP9	protein_coding	chr8	81458253	81461579	-	2	0
ENSG00000205189.12	ZBTB10	protein_coding	chr8	80485619	80526265	+	8	8
ENSG00000205212.5	CCDC144NL	transcribed_unprocessed_pseudogene	chr17	20836447	20896140	-	5	2
ENSG00000205221.12	VIT	protein_coding	chr2	36696690	36814792	+	26	26
ENSG00000205268.11	PDE7A	protein_coding	chr8	65714334	65842322	-	21	6
ENSG00000205279.8	CTXN3	protein_coding	chr5	127649044	127658630	+	8	0
ENSG00000205293.5	LINC01602	lncRNA	chr8	57855500	57984126	+	12	8
ENSG00000205302.7	SNX2	protein_coding	chr5	122775079	122834543	+	20	17
ENSG00000205309.14	NT5M	protein_coding	chr17	17303335	17347663	+	9	9
ENSG00000205325.3	AC005863.1	lncRNA	chr17	14767583	14780686	-	2	2
ENSG00000205333.5	GOLGA2P1	transcribed_processed_pseudogene	chr8	86657388	86660293	-	3	0
ENSG00000205334.2	LINC01460	lncRNA	chr2	27705786	27715732	-	1	1
ENSG00000205359.10	SLCO6A1	protein_coding	chr5	102371774	102499016	-	30	30
ENSG00000205442.13	IZUMO3	protein_coding	chr9	24542952	24545946	-	3	3
ENSG00000205449.11	NBPF22P	transcribed_unprocessed_pseudogene	chr5	86282460	86296463	+	1	1
ENSG00000205464.13	ATP6AP1L	transcribed_unitary_pseudogene	chr5	82279462	82386977	+	9	9
ENSG00000205500.8	MAPRE3-AS1	lncRNA	chr2	26984776	27014612	-	2	0
ENSG00000205544.4	TMEM256	protein_coding	chr17	7402975	7404097	-	3	0
ENSG00000205549.10	C9orf92	lncRNA	chr9	16203935	16410990	-	23	20
ENSG00000205571.14	SMN2	protein_coding	chr5	70049638	70078522	+	1	1
ENSG00000205636.3	LINC00583	lncRNA	chr9	13927971	13945610	+	1	1
ENSG00000205639.12	MFSD2B	protein_coding	chr2	24010081	24063321	+	21	8
ENSG00000205710.4	C17orf107	protein_coding	chr17	4899418	4902934	+	5	0
ENSG00000205765.9	C5orf51	protein_coding	chr5	41904188	41921636	+	5	5
ENSG00000205795.4	CYS1	protein_coding	chr2	10056780	10080944	-	13	13
ENSG00000205808.7	PLPP6	protein_coding	chr9	4662294	4665258	+	6	0
ENSG00000205835.9	GMNC	protein_coding	chr3	190852737	190892429	-	20	20
ENSG00000205837.7	LINC00487	lncRNA	chr2	6728177	6770311	-	3	3
ENSG00000205838.14	TTC23L	protein_coding	chr5	34838833	34899456	+	13	12
ENSG00000205847.6	OR7E91P	transcribed_unprocessed_pseudogene	chr2	71024127	71029893	+	1	0
ENSG00000205882.8	DEFB134	protein_coding	chr8	11993174	11996312	-	3	3
ENSG00000205883.2	DEFB135	protein_coding	chr8	11982321	11984590	+	2	2
ENSG00000205884.2	DEFB136	protein_coding	chr8	11973937	11974599	-	2	2
ENSG00000205899.4	BHLHA9	protein_coding	chr17	1270444	1271815	+	2	2
ENSG00000205981.8	DNAJC19	protein_coding	chr3	180983709	180989774	-	1	1
ENSG00000206014.7	OR7E161P	transcribed_unprocessed_pseudogene	chr8	11928597	11933203	-	1	1
ENSG00000206077.14	ZDHHC11B	protein_coding	chr5	710355	784729	-	53	51
ENSG00000206120.11	EGFEM1P	transcribed_unitary_pseudogene	chr3	168249522	168830599	+	46	46
ENSG00000206199.11	ANKUB1	protein_coding	chr3	149761100	149968385	-	34	18
ENSG00000206260.4	PRR23A	protein_coding	chr3	139003962	139006268	-	2	1
ENSG00000206262.9	FOXL2NB	protein_coding	chr3	138947217	138953990	+	18	18
ENSG00000206384.10	COL6A6	protein_coding	chr3	130560334	130678155	+	32	32
ENSG00000206417.8	H1-10-AS1	lncRNA	chr3	129315392	129326225	+	7	2
ENSG00000206527.10	HACD2	protein_coding	chr3	123490820	123585053	-	24	24
ENSG00000206530.11	CFAP44	protein_coding	chr3	113286930	113441610	-	62	30
ENSG00000206531.10	CD200R1L	protein_coding	chr3	112815709	112846856	-	12	12
ENSG00000206535.8	LNP1	protein_coding	chr3	100401532	100456319	+	11	11
ENSG00000206536.1	OR5K3	protein_coding	chr3	98390666	98391631	+	4	0
ENSG00000206538.9	VGLL3	protein_coding	chr3	86876388	86991149	-	26	26
ENSG00000206549.13	AC109583.1	protein_coding	chr3	46712115	46812574	-	30	2
ENSG00000206557.6	TRIM71	protein_coding	chr3	32817997	32897824	+	16	16
ENSG00000206559.8	ZCWPW2	protein_coding	chr3	28348721	28538122	+	25	0
ENSG00000206560.11	ANKRD28	protein_coding	chr3	15667236	15859771	-	53	21
ENSG00000206561.14	COLQ	protein_coding	chr3	15450133	15521751	-	47	35
ENSG00000206562.12	METTL6	protein_coding	chr3	15381275	15440566	-	25	21
ENSG00000206573.9	THUMPD3-AS1	lncRNA	chr3	9349689	9398579	-	22	1
ENSG00000206579.9	XKR4	protein_coding	chr8	55102028	55542054	+	75	73
ENSG00000206885.1	SNORA75	snoRNA	chr2	231455800	231455936	-	1	0
ENSG00000207329.1	Y_RNA	misc_RNA	chr9	109324685	109324796	+	1	1
ENSG00000211445.12	GPX3	protein_coding	chr5	151020438	151028992	+	15	15
ENSG00000211456.13	SACM1L	protein_coding	chr3	45689056	45745409	+	38	38
ENSG00000211460.12	TSN	protein_coding	chr2	121737103	121767853	+	5	4
ENSG00000212122.4	TSSK1B	protein_coding	chr5	113432553	113434989	-	14	0
ENSG00000212643.3	ZRSR2P1	transcribed_processed_pseudogene	chr5	112891610	112893079	+	6	0
ENSG00000212657.1	KRTAP16-1	protein_coding	chr17	41307700	41309253	-	8	8
ENSG00000212658.1	KRTAP29-1	protein_coding	chr17	41301826	41302851	-	3	3
ENSG00000212659.1	KRTAP9-6	protein_coding	chr17	41265339	41266641	+	1	1
ENSG00000212719.13	LINC02693	lncRNA	chr17	21428263	21574517	-	13	13
ENSG00000212721.4	KRTAP4-11	protein_coding	chr17	41117181	41118373	-	6	6
ENSG00000212722.7	KRTAP4-9	protein_coding	chr17	41105332	41106488	+	7	7
ENSG00000212724.3	KRTAP2-3	protein_coding	chr17	41059240	41060114	-	4	4
ENSG00000212725.3	KRTAP2-1	protein_coding	chr17	41046541	41047316	-	1	1
ENSG00000212899.3	KRTAP3-3	protein_coding	chr17	40993430	40994164	-	3	3
ENSG00000212900.3	KRTAP3-2	protein_coding	chr17	40999193	40999906	-	8	8
ENSG00000212901.4	KRTAP3-1	protein_coding	chr17	41008521	41019324	-	8	8
ENSG00000212993.5	POU5F1B	protein_coding	chr8	127322183	127420066	+	42	0
ENSG00000213003.3	BTF3P12	processed_pseudogene	chr8	70273369	70273837	+	1	0
ENSG00000213055.3	EEF1B2P7	processed_pseudogene	chr2	232729523	232730198	-	1	0
ENSG00000213090.2	SCYL2P1	processed_pseudogene	chr2	201410544	201413308	-	1	0
ENSG00000213123.11	DYNLT2B	protein_coding	chr3	196291219	196318299	-	8	0
ENSG00000213139.8	CRYGS	protein_coding	chr3	186538441	186546702	-	3	2
ENSG00000213155.4	AC007547.1	processed_pseudogene	chr3	181866351	181867154	-	1	1
ENSG00000213160.10	KLHL23	protein_coding	chr2	169694488	169776989	+	37	34
ENSG00000213186.8	TRIM59	protein_coding	chr3	160432445	160485773	-	19	3
ENSG00000213213.14	CCDC183	protein_coding	chr9	136796338	136807741	+	17	0
ENSG00000213216.2	AC007066.1	processed_pseudogene	chr9	123029373	123029753	-	1	0
ENSG00000213218.11	CSH2	protein_coding	chr17	63872012	63873766	-	1	1
ENSG00000213221.5	DNLZ	protein_coding	chr9	136359480	136363744	-	11	6
ENSG00000213246.7	SUPT4H1	protein_coding	chr17	58345175	58353093	-	6	0
ENSG00000213264.3	NIP7P2	processed_pseudogene	chr3	132401253	132401796	+	1	1
ENSG00000213316.10	LTC4S	protein_coding	chr5	179793980	179796647	+	3	3
ENSG00000213337.9	ANKRD39	protein_coding	chr2	96836611	96858016	-	7	0
ENSG00000213347.10	MXD3	protein_coding	chr5	177301461	177312757	-	13	6
ENSG00000213373.7	LINC00671	lncRNA	chr17	42874670	42898704	-	1	1
ENSG00000213416.4	KRTAP4-12	protein_coding	chr17	41123091	41124182	-	2	2
ENSG00000213417.3	KRTAP2-4	protein_coding	chr17	41065116	41065879	-	1	1
ENSG00000213424.9	KRT222	protein_coding	chr17	40654665	40665181	-	3	0
ENSG00000213523.11	SRA1	protein_coding	chr5	140537340	140558252	-	7	5
ENSG00000213533.13	STIMATE	protein_coding	chr3	52836219	52897548	-	33	0
ENSG00000213563.7	C8orf82	protein_coding	chr8	144525733	144529132	-	10	10
ENSG00000213585.11	VDAC1	protein_coding	chr5	133971871	134004975	-	11	11
ENSG00000213590.2	AL807752.1	processed_pseudogene	chr9	136935840	136937161	+	1	1
ENSG00000213626.13	LBH	protein_coding	chr2	30231534	30323730	+	21	21
ENSG00000213639.10	PPP1CB	protein_coding	chr2	28751640	28802940	+	10	5
ENSG00000213672.8	NCKIPSD	protein_coding	chr3	48673844	48686364	-	7	7
ENSG00000213689.14	TREX1	protein_coding	chr3	48465811	48467645	+	1	0
ENSG00000213694.6	S1PR3	protein_coding	chr9	88990863	89005155	+	20	20
ENSG00000213699.9	SLC35F6	protein_coding	chr2	26764284	26781231	+	7	0
ENSG00000213730.3	POLD2P1	processed_pseudogene	chr5	93267429	93268425	+	1	1
ENSG00000213859.8	KCTD11	protein_coding	chr17	7351889	7354944	+	2	0
ENSG00000213901.11	SLC23A3	protein_coding	chr2	219161465	219170095	-	6	0
ENSG00000213927.4	CCL27	protein_coding	chr9	34661880	34664048	-	3	0
ENSG00000213930.12	GALT	protein_coding	chr9	34638133	34651035	+	2	1
ENSG00000213943.3	KRT18P17	processed_pseudogene	chr3	12787393	12788671	-	1	1
ENSG00000213949.10	ITGA1	protein_coding	chr5	52787916	52959209	+	97	28
ENSG00000213963.6	AC019080.1	lncRNA	chr2	177283508	177392691	-	17	0
ENSG00000213977.8	TAX1BP3	protein_coding	chr17	3662895	3668679	-	7	0
ENSG00000213981.8	AC007277.1	lncRNA	chr2	170640374	170695374	-	13	4
ENSG00000214021.16	TTLL3	protein_coding	chr3	9808086	9855138	+	42	6
ENSG00000214042.1	IFNA7	protein_coding	chr9	21201469	21202205	-	1	1
ENSG00000214050.8	FBXO16	protein_coding	chr8	28348287	28490278	-	32	16
ENSG00000214087.9	ARL16	protein_coding	chr17	81681187	81683797	-	8	7
ENSG00000214097.5	SMCO1	protein_coding	chr3	196506879	196515346	-	6	6
ENSG00000214100.8	PLAC9P1	transcribed_unprocessed_pseudogene	chr2	129922863	129934317	-	1	0
ENSG00000214108.4	TPT1P5	processed_pseudogene	chr5	31908361	31909186	+	1	0
ENSG00000214135.8	AC132008.2	transcribed_unprocessed_pseudogene	chr3	197578213	197627906	-	5	5
ENSG00000214140.11	PRCD	protein_coding	chr17	76527586	76553578	+	24	0
ENSG00000214145.7	LINC00887	lncRNA	chr3	194296191	194322871	-	2	2
ENSG00000214146.3	LINC02026	lncRNA	chr3	193957372	194003760	-	4	2
ENSG00000214160.10	ALG3	protein_coding	chr3	184242301	184249548	-	3	3
ENSG00000214176.9	PLEKHM1P1	transcribed_unprocessed_pseudogene	chr17	64779259	64837154	-	3	3
ENSG00000214184.3	GCC2-AS1	lncRNA	chr2	108507515	108534196	-	8	4
ENSG00000214192.3	UBE2V1P2	processed_pseudogene	chr3	175718231	175718670	-	1	0
ENSG00000214211.2	CTAGE14P	processed_pseudogene	chr2	167713663	167716065	-	1	1
ENSG00000214216.11	IQCJ	protein_coding	chr3	158962928	159266307	+	30	0
ENSG00000214226.9	C17orf67	protein_coding	chr17	56791913	56838773	-	18	15
ENSG00000214237.11	MINDY4B	protein_coding	chr3	150870376	150905439	-	12	0
ENSG00000214286.2	PDCL3P3	processed_pseudogene	chr3	17877455	17878169	-	1	0
ENSG00000214289.2	RPL39P5	transcribed_processed_pseudogene	chr3	134351852	134356561	-	3	0
ENSG00000214329.7	SLC9B1P2	transcribed_unprocessed_pseudogene	chr2	91883076	91931714	-	2	2
ENSG00000214336.5	FOXI3	protein_coding	chr2	88446787	88452693	-	1	1
ENSG00000214357.9	NEURL1B	protein_coding	chr5	172641263	172691540	+	19	19
ENSG00000214360.5	EFCAB9	protein_coding	chr5	172194172	172203454	+	7	7
ENSG00000214381.6	LINC00488	lncRNA	chr3	109178143	109216965	+	3	3
ENSG00000214402.7	LCNL1	protein_coding	chr9	136981904	136986410	+	7	0
ENSG00000214407.3	LINC02085	lncRNA	chr3	101940859	101997926	+	5	2
ENSG00000214447.4	FAM187A	protein_coding	chr17	44899712	44905390	+	12	0
ENSG00000214510.10	SPINK13	protein_coding	chr5	148268180	148286255	+	8	0
ENSG00000214513.4	NOTO	protein_coding	chr2	73202574	73212513	+	6	6
ENSG00000214514.8	KRT42P	transcribed_unprocessed_pseudogene	chr17	41626327	41640199	-	1	1
ENSG00000214518.3	KRTAP2-2	protein_coding	chr17	41054498	41055230	-	3	3
ENSG00000214553.10	LRRC37A11P	transcribed_unprocessed_pseudogene	chr17	39027277	39053205	+	2	2
ENSG00000214595.12	EML6	protein_coding	chr2	54723499	54972025	+	74	71
ENSG00000214654.8	B3GNT10	protein_coding	chr9	120792403	120799918	+	3	3
ENSG00000214686.7	IQCF6	protein_coding	chr3	51778561	51779241	-	2	2
ENSG00000214691.9	LINC01913	lncRNA	chr2	41860155	41894050	+	4	4
ENSG00000214694.12	ARHGEF33	protein_coding	chr2	38889875	38975454	+	17	10
ENSG00000214706.11	IFRD2	protein_coding	chr3	50287732	50292918	-	3	3
ENSG00000214708.4	AC116407.1	lncRNA	chr17	32141226	32143135	-	1	1
ENSG00000214711.10	CAPN14	protein_coding	chr2	31173056	31233858	-	44	44
ENSG00000214719.13	AC005562.1	lncRNA	chr17	30576464	30672789	+	7	5
ENSG00000214773.1	AC112512.1	lncRNA	chr3	47601715	47604677	-	1	0
ENSG00000214803.3	AC090921.1	lncRNA	chr8	124192671	124247398	-	5	5
ENSG00000214814.7	FER1L6	protein_coding	chr8	123851987	124120061	+	37	17
ENSG00000214825.2	EI24P3	processed_pseudogene	chr3	44524744	44525805	-	1	1
ENSG00000214842.5	RAD51AP2	protein_coding	chr2	17510584	17518439	-	2	2
ENSG00000214856.11	KRT16P1	transcribed_unprocessed_pseudogene	chr17	18432051	18442895	+	1	1
ENSG00000214860.5	EVPLL	protein_coding	chr17	18377778	18389647	+	13	4
ENSG00000214866.9	DCDC2C	protein_coding	chr2	3703575	3848008	+	38	35
ENSG00000214929.4	SPATA31D1	protein_coding	chr9	81988772	81995253	+	6	0
ENSG00000214941.8	ZSWIM7	protein_coding	chr17	15976560	15999717	-	6	6
ENSG00000214942.6	AC113167.1	lncRNA	chr5	89900664	89990883	+	7	7
ENSG00000214944.9	ARHGEF28	protein_coding	chr5	73626158	73941993	+	79	77
ENSG00000214946.14	TBC1D26	protein_coding	chr17	15732247	15749192	+	20	0
ENSG00000214954.8	LRRC69	protein_coding	chr8	91101832	91219236	+	18	17
ENSG00000214970.8	AC005323.1	lncRNA	chr17	10579040	10623036	+	4	0
ENSG00000214978.7	GSG1L2	protein_coding	chr17	9802386	9822071	-	11	8
ENSG00000214999.3	AC129492.1	lncRNA	chr17	8079482	8081565	+	3	0
ENSG00000215032.2	GNL3LP1	processed_pseudogene	chr5	60891935	60893577	-	3	0
ENSG00000215041.10	NEURL4	protein_coding	chr17	7315628	7329393	-	14	8
ENSG00000215067.10	ALOX12-AS1	lncRNA	chr17	6875232	7012530	-	26	1
ENSG00000215068.8	AC025171.2	lncRNA	chr5	43041575	43054603	+	1	0
ENSG00000215114.10	UBXN2B	protein_coding	chr8	58411359	58451501	+	14	14
ENSG00000215117.6	LINC00588	lncRNA	chr8	57279543	57286968	+	1	1
ENSG00000215126.10	CBWD6	protein_coding	chr9	41131306	41199261	-	3	0
ENSG00000215156.5	AC138409.1	processed_pseudogene	chr5	34190056	34193653	+	1	0
ENSG00000215158.9	AC138409.2	transcribed_unprocessed_pseudogene	chr5	34164698	34244796	-	6	5
ENSG00000215160.3	OR7E122P	transcribed_unprocessed_pseudogene	chr3	8682943	8693701	+	4	0
ENSG00000215179.5	MAPK6P4	processed_pseudogene	chr8	46972476	46974617	-	1	1
ENSG00000215183.5	MSMP	protein_coding	chr9	35752990	35756613	-	6	0
ENSG00000215187.12	FAM166B	protein_coding	chr9	35561831	35563899	-	2	2
ENSG00000215196.5	BASP1-AS1	lncRNA	chr5	17089296	17217047	-	12	0
ENSG00000215217.7	C5orf49	protein_coding	chr5	7830378	7851151	-	7	7
ENSG00000215218.4	UBE2QL1	protein_coding	chr5	6448859	6496723	+	22	22
ENSG00000215221.2	UBA52P6	transcribed_processed_pseudogene	chr9	22012155	22012536	+	3	0
ENSG00000215231.8	LINC01020	lncRNA	chr5	4987789	5070314	+	7	2
ENSG00000215237.6	AL592293.1	unprocessed_pseudogene	chr9	14993312	15019729	+	3	0
ENSG00000215246.5	AC116351.1	lncRNA	chr5	987180	997308	-	1	1
ENSG00000215262.8	KCNU1	protein_coding	chr8	36784324	36936125	+	36	36
ENSG00000215283.3	HMGB3P24	processed_pseudogene	chr9	36303499	36304924	-	7	0
ENSG00000215288.5	AC067904.1	processed_pseudogene	chr8	27011121	27012371	-	1	1
ENSG00000215325.4	ASS1P10	processed_pseudogene	chr5	145228811	145230054	+	1	1
ENSG00000215356.4	ZNF705B	protein_coding	chr8	7926337	7952413	+	4	4
ENSG00000215372.6	ZNF705G	protein_coding	chr8	7355517	7385558	-	10	10
ENSG00000215374.6	FAM66B	lncRNA	chr8	7298744	7355359	-	2	2
ENSG00000215441.3	CTAGE12P	processed_pseudogene	chr9	27608382	27610745	-	1	1
ENSG00000215548.2	FRG1JP	unprocessed_pseudogene	chr9	63832127	63859641	-	2	2
ENSG00000215644.10	GCGR	protein_coding	chr17	81804132	81814008	+	12	12
ENSG00000215692.2	AC114730.1	lncRNA	chr2	241734715	241735498	-	1	0
ENSG00000215769.8	ARHGAP27P1-BPTFP1-KPNA2P3	lncRNA	chr17	64749663	64781707	-	2	2
ENSG00000215837.7	SDHAP2	transcribed_unprocessed_pseudogene	chr3	195658096	195685904	+	2	0
ENSG00000216921.9	FAM240C	protein_coding	chr2	241893988	241902551	-	3	0
ENSG00000217128.12	FNIP1	protein_coding	chr5	131641714	131797063	-	21	0
ENSG00000217236.2	SP9	protein_coding	chr2	174334954	174338500	+	6	3
ENSG00000217702.3	AC073263.1	lncRNA	chr2	74123965	74135640	+	1	1
ENSG00000217716.3	RPS10P3	processed_pseudogene	chr9	88016300	88016793	+	1	1
ENSG00000218416.4	AC110619.1	lncRNA	chr2	240449315	240456714	-	2	0
ENSG00000218739.10	CEBPZOS	protein_coding	chr2	37196488	37216193	+	10	2
ENSG00000218819.6	TDRD15	protein_coding	chr2	21123968	21144368	+	4	4
ENSG00000219200.12	RNASEK	protein_coding	chr17	7012417	7014532	+	4	0
ENSG00000219626.9	FAM228B	protein_coding	chr2	24076526	24169640	+	43	17
ENSG00000220205.9	VAMP2	protein_coding	chr17	8159149	8163546	-	5	1
ENSG00000220256.4	AC093802.1	lncRNA	chr2	239762860	239824764	+	5	5
ENSG00000220804.8	LINC01881	transcribed_unprocessed_pseudogene	chr2	242088633	242160153	+	6	6
ENSG00000221055.1	MIR1302-3	miRNA	chr2	113582959	113583096	-	1	0
ENSG00000221527.1	RNU6ATAC41P	snRNA	chr8	100739802	100739927	-	1	1
ENSG00000221818.9	EBF2	protein_coding	chr8	25841725	26045413	-	36	36
ENSG00000221823.11	PPP3R1	protein_coding	chr2	68178857	68256237	-	11	0
ENSG00000221829.10	FANCG	protein_coding	chr9	35073835	35079942	-	6	6
ENSG00000221843.4	C2orf16	protein_coding	chr2	27537386	27582721	+	17	17
ENSG00000221852.5	KRTAP1-5	protein_coding	chr17	41026026	41027208	-	3	3
ENSG00000221880.4	KRTAP1-3	protein_coding	chr17	41033884	41034874	-	4	4
ENSG00000221882.3	OR3A2	protein_coding	chr17	3276942	3386317	-	26	22
ENSG00000221886.4	ZBED8	protein_coding	chr5	160393148	160400054	-	3	3
ENSG00000221914.11	PPP2R2A	protein_coding	chr8	26291508	26372680	+	17	17
ENSG00000221926.13	TRIM16	protein_coding	chr17	15627960	15684311	-	19	12
ENSG00000221944.9	TIGD1	protein_coding	chr2	232543883	232550557	-	18	6
ENSG00000221947.8	XKR9	protein_coding	chr8	70669339	70790371	+	21	0
ENSG00000221955.11	SLC12A8	protein_coding	chr3	125082636	125212864	-	40	40
ENSG00000221990.4	EXOC3-AS1	lncRNA	chr5	441498	443160	-	1	1
ENSG00000221995.5	TIAF1	protein_coding	chr17	29073521	29078857	-	6	0
ENSG00000222000.7	AC092675.1	lncRNA	chr2	98331389	98356005	-	3	1
ENSG00000222005.9	LINC01118	lncRNA	chr2	46698940	46822804	+	28	4
ENSG00000222007.6	AC064874.1	lncRNA	chr2	235773855	235783387	-	1	0
ENSG00000222014.6	RAB6C	protein_coding	chr2	129979666	129982738	+	8	5
ENSG00000222017.1	AC011997.1	lncRNA	chr2	197693106	197774823	+	12	3
ENSG00000222020.3	HDAC4-AS1	lncRNA	chr2	239401436	239402364	+	1	0
ENSG00000222030.1	LINC01793	lncRNA	chr2	59217708	59279400	+	5	0
ENSG00000222031.1	AC023469.1	lncRNA	chr2	151001220	151048774	-	4	4
ENSG00000222032.1	AC112721.2	lncRNA	chr2	237428920	237434822	-	1	1
ENSG00000222035.4	KIAA2012-AS1	lncRNA	chr2	202075410	202117062	-	12	0
ENSG00000222038.4	POTEJ	protein_coding	chr2	130611440	130658037	+	2	2
ENSG00000222041.11	CYTOR	lncRNA	chr2	87454781	87636740	+	12	0
ENSG00000222724.1	RNU2-63P	snRNA	chr2	88016354	88016547	-	1	1
ENSG00000222889.1	RN7SKP29	misc_RNA	chr8	69700224	69700495	+	1	0
ENSG00000222955.1	RNA5SP265	rRNA_pseudogene	chr8	55745232	55745342	+	1	0
ENSG00000223343.1	AC137630.1	lncRNA	chr3	48985049	48989988	-	1	1
ENSG00000223351.5	ZNF385D-AS2	lncRNA	chr3	21942566	21979828	+	3	0
ENSG00000223358.5	EHHADH-AS1	lncRNA	chr3	185162871	185191955	+	4	3
ENSG00000223360.1	AC096559.1	lncRNA	chr2	12598987	12605145	+	1	0
ENSG00000223361.5	FTH1P10	transcribed_processed_pseudogene	chr5	17353695	17354624	-	1	0
ENSG00000223373.1	AC108066.1	lncRNA	chr2	212911003	212919809	+	1	0
ENSG00000223374.1	AC005104.1	lncRNA	chr2	241351340	241353104	-	3	0
ENSG00000223387.6	LINC02068	lncRNA	chr3	172560888	172595607	-	4	4
ENSG00000223430.1	AC011243.1	lncRNA	chr2	133554315	133558227	+	1	0
ENSG00000223440.1	AL589642.1	lncRNA	chr9	32633454	32648685	+	2	2
ENSG00000223442.1	TH2LCRR	lncRNA	chr5	132630589	132664272	-	16	2
ENSG00000223443.2	USP17L2	protein_coding	chr8	12137168	12139077	-	1	0
ENSG00000223466.2	LINC01825	lncRNA	chr2	195532945	195540287	+	1	1
ENSG00000223478.1	AL441992.1	lncRNA	chr9	128724445	128733194	+	1	0
ENSG00000223508.5	RPL23AP53	transcribed_processed_pseudogene	chr8	213186	232231	-	3	2
ENSG00000223510.7	CDRT15	protein_coding	chr17	14235673	14236862	-	2	2
ENSG00000223523.1	AC092598.1	lncRNA	chr2	188598791	188839445	-	16	11
ENSG00000223536.6	AC008164.1	lncRNA	chr2	16728124	16769567	+	3	3
ENSG00000223548.1	ACSL6-AS1	lncRNA	chr5	132003592	132007022	+	2	0
ENSG00000223552.1	CCR5AS	lncRNA	chr3	46364955	46407059	-	11	5
ENSG00000223587.2	LINC01986	lncRNA	chr3	11745	24849	+	2	2
ENSG00000223597.3	LINC02142	lncRNA	chr5	7373115	7391907	+	1	1
ENSG00000223602.2	AC125634.1	unprocessed_pseudogene	chr9	64878790	64889063	-	1	1
ENSG00000223631.2	LINC01120	lncRNA	chr2	131402778	131410050	+	1	1
ENSG00000223634.1	AC012506.2	lncRNA	chr2	23357516	23360376	-	1	1
ENSG00000223642.7	AC008277.1	lncRNA	chr2	159386367	159404636	+	9	0
ENSG00000223652.2	AC106786.1	lncRNA	chr5	123087248	123090299	-	5	3
ENSG00000223658.8	C1GALT1C1L	protein_coding	chr2	43675151	43676429	-	5	0
ENSG00000223697.3	AF230666.1	lncRNA	chr8	132838117	132844298	-	2	0
ENSG00000223703.1	AC027612.1	unprocessed_pseudogene	chr2	91736726	91767439	+	1	1
ENSG00000223711.1	AC069213.1	lncRNA	chr3	195544048	195550581	+	1	1
ENSG00000223715.3	LINC01208	lncRNA	chr3	176415439	176867838	-	39	39
ENSG00000223716.2	AL135785.1	lncRNA	chr9	38360427	38376430	+	2	2
ENSG00000223725.6	AC009226.1	lncRNA	chr2	207239864	207529795	-	25	23
ENSG00000223727.6	AC034195.1	lncRNA	chr3	3250687	3627296	-	35	35
ENSG00000223738.3	AC016930.1	processed_pseudogene	chr3	74101349	74103553	+	1	1
ENSG00000223754.1	AC008073.1	lncRNA	chr2	24199839	24201698	-	1	0
ENSG00000223783.1	LINC01983	lncRNA	chr3	195836193	195860404	-	2	2
ENSG00000223791.1	UBE2E1-AS1	lncRNA	chr3	23804024	23806905	-	1	0
ENSG00000223795.2	AL669970.1	lncRNA	chr9	134505472	134521442	+	2	2
ENSG00000223797.6	ENTPD3-AS1	lncRNA	chr3	40313802	40453329	-	23	9
ENSG00000223812.8	AC073365.1	lncRNA	chr3	191425493	191591097	+	18	18
ENSG00000223850.1	MYCNUT	lncRNA	chr2	15920399	15936017	+	1	0
ENSG00000223859.1	AC007403.1	lncRNA	chr2	67040546	67041966	+	1	1
ENSG00000223863.1	LINC01805	lncRNA	chr2	64486353	64500904	+	1	1
ENSG00000223874.2	LINC01921	lncRNA	chr2	216859948	216871643	+	1	0
ENSG00000223878.1	PPIAP53	processed_pseudogene	chr17	15506866	15507354	+	1	0
ENSG00000223882.1	ABCC5-AS1	lncRNA	chr3	184006338	184011419	+	1	0
ENSG00000223884.7	AC068481.1	lncRNA	chr2	7045329	7077916	-	5	2
ENSG00000223911.1	AC009480.1	lncRNA	chr2	147899401	147902956	-	1	0
ENSG00000223923.2	TNS1-AS1	lncRNA	chr2	217978707	217993747	+	2	0
ENSG00000223930.7	AC117453.1	lncRNA	chr3	178164008	178385479	-	18	8
ENSG00000223935.3	LGALSL-DT	lncRNA	chr2	64395220	64453967	-	6	6
ENSG00000223941.5	LINC01014	lncRNA	chr3	178419201	178457309	+	4	0
ENSG00000223947.1	AC016738.1	lncRNA	chr2	100993676	101002244	-	5	1
ENSG00000223951.1	H2ACP2	processed_pseudogene	chr2	33056333	33063113	-	1	0
ENSG00000223960.7	CHROMR	lncRNA	chr2	178413635	178440243	+	4	3
ENSG00000223965.2	ZNF587P1	processed_pseudogene	chr3	31794470	31796175	+	1	0
ENSG00000223973.2	PAFAH1B1P2	transcribed_processed_pseudogene	chr2	111383752	111384992	+	1	0
ENSG00000223985.2	LINC01874	lncRNA	chr2	490944	503905	-	1	1
ENSG00000223991.1	AC104809.1	lncRNA	chr2	240981515	240986072	-	1	0
ENSG00000224020.1	MIR181A2HG	lncRNA	chr9	124658467	124698631	+	4	0
ENSG00000224028.1	LINC01853	lncRNA	chr2	140103583	140131780	-	2	2
ENSG00000224032.7	EPB41L4A-AS1	lncRNA	chr5	112160526	112164818	+	5	0
ENSG00000224043.8	CCNT2-AS1	lncRNA	chr2	134735464	134918710	-	25	11
ENSG00000224048.6	LINC02612	lncRNA	chr2	150612381	150635818	+	1	1
ENSG00000224063.6	AC007319.1	lncRNA	chr2	187003220	187556288	+	91	33
ENSG00000224074.3	LINC00691	lncRNA	chr3	24096269	24103238	-	1	1
ENSG00000224083.1	MTCO1P11	unprocessed_pseudogene	chr9	5096666	5098193	+	1	0
ENSG00000224087.1	POTEF-AS1	lncRNA	chr2	130107684	130109741	+	1	0
ENSG00000224090.1	AC097468.1	lncRNA	chr2	219002215	219015721	+	3	0
ENSG00000224095.1	LINC01935	lncRNA	chr2	102967408	102984429	-	1	0
ENSG00000224099.2	AC104823.1	lncRNA	chr2	195448532	195481827	+	3	0
ENSG00000224128.1	LINC01248	lncRNA	chr2	5602505	5691488	-	7	1
ENSG00000224137.1	LINC01857	lncRNA	chr2	207662375	207667024	+	1	1
ENSG00000224152.1	AC009506.1	lncRNA	chr2	159615296	159617082	+	2	0
ENSG00000224153.3	LINC02054	lncRNA	chr3	184399790	184457891	+	5	5
ENSG00000224165.6	DNAJC27-AS1	lncRNA	chr2	24971390	25039716	+	6	5
ENSG00000224173.2	LINC02831	lncRNA	chr2	67562067	67620545	+	6	0
ENSG00000224177.8	LINC00570	lncRNA	chr2	11372612	11403175	+	3	3
ENSG00000224184.6	MIR3681HG	lncRNA	chr2	11833926	12702913	+	77	76
ENSG00000224186.8	C5orf66	lncRNA	chr5	135033280	135358219	+	39	23
ENSG00000224187.1	LINC01991	lncRNA	chr3	187958775	187976407	-	2	2
ENSG00000224189.8	HAGLR	lncRNA	chr2	176164051	176188958	-	10	3
ENSG00000224194.1	AC008278.1	lncRNA	chr2	15668684	15680484	-	1	1
ENSG00000224231.2	LINC01832	lncRNA	chr2	138101878	138107178	+	1	1
ENSG00000224245.1	AL358232.1	unprocessed_pseudogene	chr9	94496275	94512879	+	1	0
ENSG00000224257.1	VWC2L-IT1	lncRNA	chr2	214510196	214536890	+	3	0
ENSG00000224267.1	AL772155.1	lncRNA	chr9	63728877	63744910	+	1	1
ENSG00000224272.2	AC131097.2	lncRNA	chr2	241808312	241812016	-	10	0
ENSG00000224307.2	AL161785.1	lncRNA	chr9	129282458	129312665	+	2	2
ENSG00000224318.6	CHL1-AS2	lncRNA	chr3	109707	197341	-	11	7
ENSG00000224342.1	AC007879.1	lncRNA	chr2	207173634	207222790	+	5	0
ENSG00000224344.1	KNOP1P3	processed_pseudogene	chr2	51511058	51511483	+	1	0
ENSG00000224346.1	BICD1P1	processed_pseudogene	chr2	200844240	200845461	+	1	1
ENSG00000224353.2	ACE3P	transcribed_unprocessed_pseudogene	chr17	63507056	63519806	+	16	0
ENSG00000224361.1	AC011239.1	lncRNA	chr2	23507043	23524344	-	1	0
ENSG00000224376.1	AC017104.1	lncRNA	chr2	231388976	231394991	+	1	1
ENSG00000224383.8	PRR29	protein_coding	chr17	63998351	64004305	+	9	3
ENSG00000224391.1	LINC01280	lncRNA	chr2	216590426	216606938	-	1	0
ENSG00000224400.5	AC010880.1	lncRNA	chr2	16354256	16432702	+	7	7
ENSG00000224406.6	LINC02052	lncRNA	chr3	186454969	186493661	-	3	3
ENSG00000224467.1	TANK-AS1	lncRNA	chr2	161096231	161160224	-	5	3
ENSG00000224479.6	AC104162.1	transcribed_unitary_pseudogene	chr3	63741827	63827445	-	8	8
ENSG00000224490.5	TTC21B-AS1	lncRNA	chr2	165933857	165949891	+	14	0
ENSG00000224505.2	AC138150.1	lncRNA	chr17	45150400	45161510	-	5	1
ENSG00000224509.2	MRPS9-AS2	lncRNA	chr2	104936241	105038496	-	11	10
ENSG00000224514.3	LINC00620	lncRNA	chr3	13650696	13746638	+	9	9
ENSG00000224516.5	AC068134.1	lncRNA	chr2	232379635	232381674	-	8	0
ENSG00000224546.2	EIF4BP3	processed_pseudogene	chr9	96146007	96147856	+	1	1
ENSG00000224549.1	AC017067.1	lncRNA	chr9	22767175	22768316	+	1	0
ENSG00000224559.2	LINC01087	lncRNA	chr2	131637025	131649615	+	1	1
ENSG00000224563.1	LPP-AS1	lncRNA	chr3	188562238	188568666	-	1	0
ENSG00000224568.2	LINC01886	lncRNA	chr2	107529292	107556499	+	2	0
ENSG00000224577.3	LINC01117	lncRNA	chr2	176495255	176819180	+	28	19
ENSG00000224594.2	RPL29P19	processed_pseudogene	chr8	48384590	48385049	+	1	1
ENSG00000224612.2	AC011901.1	lncRNA	chr2	153168399	153201762	-	4	4
ENSG00000224614.2	TNK2-AS1	lncRNA	chr3	195908076	195913986	+	2	0
ENSG00000224643.5	AC064871.2	lncRNA	chr2	183083405	183108519	-	10	1
ENSG00000224644.1	AL135787.1	lncRNA	chr9	111574192	111575427	+	1	0
ENSG00000224647.2	AC026954.1	unitary_pseudogene	chr17	7330452	7335413	+	1	1
ENSG00000224652.2	LINC00885	lncRNA	chr3	196142525	196160893	+	2	2
ENSG00000224655.7	LINC01823	lncRNA	chr2	121779133	121809962	+	3	3
ENSG00000224660.2	SH3BP5-AS1	lncRNA	chr3	15254184	15264515	+	8	0
ENSG00000224661.1	AC010907.1	lncRNA	chr2	3702585	3704153	-	4	1
ENSG00000224675.1	AC009227.1	lncRNA	chr2	154435853	154457438	-	13	1
ENSG00000224738.1	AC099850.1	lncRNA	chr17	59106598	59118267	+	4	0
ENSG00000224764.1	AL353768.1	lncRNA	chr9	94928551	94934946	-	6	0
ENSG00000224769.1	MUC20P1	unprocessed_pseudogene	chr3	195614947	195620233	+	1	1
ENSG00000224771.2	ATP2B2-IT2	lncRNA	chr3	10626015	10629307	-	1	0
ENSG00000224789.1	AC012363.1	lncRNA	chr2	120174885	120216544	-	6	3
ENSG00000224792.7	IQCF4P	transcribed_unitary_pseudogene	chr3	51817603	51819635	+	1	0
ENSG00000224814.1	AC114812.2	lncRNA	chr2	233693434	233708699	-	5	0
ENSG00000224819.2	AC093843.1	lncRNA	chr2	220776818	220855873	+	7	3
ENSG00000224825.2	RORB-AS1	lncRNA	chr9	74485551	74499127	-	2	2
ENSG00000224831.3	TMEM183B	processed_pseudogene	chr3	149982181	149983308	-	1	0
ENSG00000224842.2	AL161908.1	lncRNA	chr9	126589594	126613700	-	2	2
ENSG00000224844.1	AC107079.1	lncRNA	chr2	237122910	237124097	-	1	1
ENSG00000224848.2	AL589843.1	lncRNA	chr9	96687050	96774318	+	28	6
ENSG00000224855.5	OPA1-AS1	lncRNA	chr3	193618609	193627337	-	3	0
ENSG00000224875.2	EML4-AS1	lncRNA	chr2	42143238	42170301	-	4	3
ENSG00000224877.4	NDUFAF8	protein_coding	chr17	81239305	81241310	+	4	4
ENSG00000224879.1	AC011754.1	lncRNA	chr2	79158374	79185523	+	7	3
ENSG00000224884.1	AC034187.1	lncRNA	chr3	8573726	8593124	-	4	0
ENSG00000224891.1	ARL14EPP1	processed_pseudogene	chr2	37148530	37149304	+	3	0
ENSG00000224918.1	AC066595.1	lncRNA	chr3	53348	54346	-	1	1
ENSG00000224935.2	AL589678.1	lncRNA	chr9	12098660	12159148	-	6	6
ENSG00000224945.1	AL353150.1	lncRNA	chr9	89088604	89109934	-	1	0
ENSG00000224957.6	LINC01266	lncRNA	chr3	536062	846561	+	27	26
ENSG00000224958.6	PGM5-AS1	lncRNA	chr9	68353614	68357893	-	4	0
ENSG00000224972.1	AL513412.1	lncRNA	chr9	6902670	6978859	+	22	0
ENSG00000225002.2	AL732323.1	lncRNA	chr9	106061354	106064825	-	1	0
ENSG00000225032.5	AL162586.1	lncRNA	chr9	127816066	127822520	+	3	0
ENSG00000225044.1	AC018814.1	lncRNA	chr3	1962381	1987470	-	2	2
ENSG00000225050.2	AL355592.1	lncRNA	chr9	118687752	118732772	-	4	4
ENSG00000225051.5	HMGB3P22	transcribed_processed_pseudogene	chr5	179679032	179694768	+	2	0
ENSG00000225057.2	AC012485.1	lncRNA	chr2	238231684	238255633	+	19	2
ENSG00000225062.1	CATIP-AS1	lncRNA	chr2	218366665	218367835	-	1	0
ENSG00000225064.1	LINC01802	lncRNA	chr2	207260445	207270690	+	1	0
ENSG00000225107.1	AC092484.1	lncRNA	chr2	145569294	145588024	-	2	0
ENSG00000225138.8	SLC9A3-AS1	lncRNA	chr5	473236	480884	+	15	0
ENSG00000225156.2	AC012354.1	lncRNA	chr2	44954664	44968762	+	1	1
ENSG00000225166.2	AC012462.1	lncRNA	chr2	215453688	215486639	+	3	3
ENSG00000225180.8	PVALEF	protein_coding	chr17	81165507	81183166	+	11	10
ENSG00000225187.1	AC073283.1	lncRNA	chr2	47067822	47071204	+	2	0
ENSG00000225190.11	PLEKHM1	protein_coding	chr17	45435900	45490749	-	18	15
ENSG00000225205.5	AC078883.1	lncRNA	chr2	172480840	172556596	-	19	6
ENSG00000225214.1	AC079790.1	lncRNA	chr2	152098328	152109202	+	2	1
ENSG00000225226.2	LINC01795	lncRNA	chr2	58275532	58296817	+	2	2
ENSG00000225230.1	AC008937.1	lncRNA	chr5	56900041	56910714	-	6	0
ENSG00000225234.1	TRAPPC12-AS1	lncRNA	chr2	3481242	3482409	-	1	0
ENSG00000225258.1	AC009478.1	lncRNA	chr2	180571712	180692454	-	11	11
ENSG00000225328.2	LINC01594	lncRNA	chr2	108167125	108217886	-	5	5
ENSG00000225345.3	SNX18P3	transcribed_unprocessed_pseudogene	chr9	38566260	38568211	-	1	0
ENSG00000225361.4	PPP1R26-AS1	lncRNA	chr9	135462727	135480777	-	2	2
ENSG00000225369.1	CAPZA1P2	processed_pseudogene	chr2	159462417	159463256	-	7	0
ENSG00000225376.6	TMEM246-AS1	lncRNA	chr9	101468349	101482199	+	8	0
ENSG00000225378.1	AC015977.1	lncRNA	chr2	26671254	26674464	-	1	1
ENSG00000225398.3	PGM5P4	unprocessed_pseudogene	chr2	113541937	113563298	+	2	1
ENSG00000225399.4	AC121247.1	lncRNA	chr3	49260085	49261316	+	1	1
ENSG00000225407.3	AC025188.1	lncRNA	chr5	76691439	76716215	-	12	1
ENSG00000225408.1	AL136980.1	lncRNA	chr9	5719021	5720244	-	1	0
ENSG00000225411.3	CR786580.1	lncRNA	chr9	63802144	63814159	-	1	1
ENSG00000225420.1	AC104134.1	lncRNA	chr2	88538720	88575610	+	7	3
ENSG00000225421.2	AC019330.1	lncRNA	chr2	198493242	198772356	-	23	18
ENSG00000225434.3	LINC01504	lncRNA	chr9	72305367	72356721	+	10	5
ENSG00000225439.3	BOLA3-AS1	lncRNA	chr2	74148007	74151952	+	1	1
ENSG00000225442.2	MPRIP-AS1	lncRNA	chr17	17076038	17077752	-	1	0
ENSG00000225444.2	LINC01867	lncRNA	chr2	52370602	52390056	+	2	0
ENSG00000225449.3	RAB6C-AS1	transcribed_unprocessed_pseudogene	chr2	129966592	129980466	-	6	3
ENSG00000225472.2	AL136366.1	lncRNA	chr9	14317073	14358490	+	5	0
ENSG00000225489.7	AL354707.1	lncRNA	chr9	6716157	6727438	+	3	2
ENSG00000225493.1	LINC01107	lncRNA	chr2	238510690	238555054	-	4	4
ENSG00000225511.7	LINC00475	transcribed_unprocessed_pseudogene	chr9	92141298	92160114	+	1	0
ENSG00000225521.1	SNED1-AS1	lncRNA	chr2	241015599	241064116	-	20	0
ENSG00000225526.5	MKRN2OS	protein_coding	chr3	12514934	12561059	-	33	7
ENSG00000225539.7	LINC01821	lncRNA	chr2	194344190	194576578	+	18	18
ENSG00000225542.2	ZNF385D-AS1	lncRNA	chr3	21542789	21579959	+	4	0
ENSG00000225548.7	LINC01980	lncRNA	chr3	27797552	27931579	+	12	11
ENSG00000225564.6	LINC01492	lncRNA	chr9	103140523	103325034	-	17	17
ENSG00000225578.1	NCBP2-AS1	lncRNA	chr3	196939877	196942534	+	3	0
ENSG00000225582.2	AC011193.1	lncRNA	chr17	34479272	34482148	+	1	1
ENSG00000225588.2	AC096669.1	lncRNA	chr2	107362282	107407329	+	4	2
ENSG00000225594.1	AC098826.1	unprocessed_pseudogene	chr2	132087289	132102564	+	2	2
ENSG00000225610.1	AC007679.1	lncRNA	chr2	205989585	206000858	+	5	0
ENSG00000225611.1	LINC02158	lncRNA	chr3	42770612	42773635	+	2	0
ENSG00000225619.1	MYT1L-AS1	lncRNA	chr2	2319232	2327110	+	2	0
ENSG00000225649.6	AC064875.1	lncRNA	chr2	12780593	13007029	-	21	20
ENSG00000225663.8	MCRIP1	protein_coding	chr17	81822361	81833302	-	9	9
ENSG00000225697.13	SLC26A6	protein_coding	chr3	48625723	48635493	-	10	10
ENSG00000225733.6	FGD5-AS1	lncRNA	chr3	14920347	14948424	-	9	2
ENSG00000225742.6	LINC02036	lncRNA	chr3	194202392	194250203	-	4	4
ENSG00000225744.1	AC017002.1	lncRNA	chr2	111607841	111612518	+	3	0
ENSG00000225751.2	AC087501.1	lncRNA	chr17	9452197	9470014	+	1	0
ENSG00000225756.1	DBH-AS1	lncRNA	chr9	133654586	133657313	-	2	0
ENSG00000225764.2	P3H2-AS1	lncRNA	chr3	190120964	190145107	+	11	3
ENSG00000225790.2	AC007953.1	lncRNA	chr3	177930758	177940299	+	1	1
ENSG00000225794.3	AC073321.1	lncRNA	chr2	216594359	216611206	+	2	1
ENSG00000225869.4	AC008696.1	processed_pseudogene	chr5	143752090	143752704	-	1	0
ENSG00000225873.4	C3orf86	transcribed_unitary_pseudogene	chr3	44421127	44439946	-	7	0
ENSG00000225884.3	AC098872.1	lncRNA	chr2	191792797	191820257	+	2	2
ENSG00000225885.7	AC023590.1	lncRNA	chr8	118282139	118400605	+	17	0
ENSG00000225889.9	AC012368.1	lncRNA	chr2	64143239	64252859	+	15	10
ENSG00000225901.1	MTND2P9	unprocessed_pseudogene	chr9	80565032	80565962	-	1	1
ENSG00000225937.3	PCA3	lncRNA	chr9	76691980	76863307	+	39	0
ENSG00000225940.7	C5orf67	lncRNA	chr5	56511567	56606232	-	9	9
ENSG00000225942.1	LINC01875	lncRNA	chr2	545805	546667	+	1	1
ENSG00000225953.3	SATB2-AS1	lncRNA	chr2	199457700	199476935	+	5	1
ENSG00000225963.8	AC009950.1	lncRNA	chr2	230121370	230174223	+	44	4
ENSG00000225964.6	NRIR	lncRNA	chr2	6819463	6840464	-	1	1
ENSG00000226017.2	PRICKLE2-AS3	lncRNA	chr3	64187544	64200965	+	4	0
ENSG00000226022.1	AC026167.1	lncRNA	chr3	6148484	6365885	+	21	21
ENSG00000226047.1	AL807761.3	lncRNA	chr9	107117459	107121705	-	1	1
ENSG00000226074.5	PRSS44P	transcribed_unitary_pseudogene	chr3	46809359	46812486	-	1	0
ENSG00000226087.2	AC073283.2	lncRNA	chr2	47225781	47240886	+	1	0
ENSG00000226101.2	LINC02097	lncRNA	chr17	72072333	72103035	+	3	0
ENSG00000226124.8	FTCDNL1	protein_coding	chr2	199760544	199851192	-	13	13
ENSG00000226125.2	LINC01907	lncRNA	chr2	230690065	230700529	-	1	1
ENSG00000226130.1	AC013248.1	lncRNA	chr17	14725729	14729686	+	1	1
ENSG00000226185.2	TRIM64FP	unprocessed_pseudogene	chr2	95514827	95520107	+	1	1
ENSG00000226197.3	AL583785.1	lncRNA	chr9	13386130	13836571	+	39	32
ENSG00000226206.1	BX470209.1	lncRNA	chr9	89799695	89821753	+	2	2
ENSG00000226237.2	GAS1RR	lncRNA	chr9	86948666	87002033	+	5	5
ENSG00000226258.7	GRM7-AS3	lncRNA	chr3	6631008	6805479	-	21	4
ENSG00000226266.6	AC009961.1	lncRNA	chr2	159670708	159712435	-	4	4
ENSG00000226272.5	ARHGAP26-AS1	lncRNA	chr5	142859604	142868922	-	1	0
ENSG00000226277.2	AC105393.1	lncRNA	chr2	421057	424059	+	1	1
ENSG00000226301.3	PDCL3P1	processed_pseudogene	chr8	60387262	60387995	+	1	0
ENSG00000226312.7	CFLAR-AS1	lncRNA	chr2	201140278	201157823	-	8	0
ENSG00000226320.6	LINC01811	lncRNA	chr3	33956972	34677247	+	62	53
ENSG00000226321.5	CROCC2	protein_coding	chr2	240906330	240993311	+	43	32
ENSG00000226334.1	AL359182.1	lncRNA	chr9	104927553	104928892	+	3	2
ENSG00000226337.3	TMEM252-DT	lncRNA	chr9	68541036	68644442	+	9	9
ENSG00000226355.2	AL353803.1	lncRNA	chr9	129438216	129447545	+	1	0
ENSG00000226364.1	LINC02089	lncRNA	chr17	52862121	52899588	+	4	4
ENSG00000226376.1	AL135923.1	lncRNA	chr9	7930827	7935137	-	1	0
ENSG00000226377.2	AC084809.1	lncRNA	chr17	32876759	32881070	+	1	0
ENSG00000226383.7	LINC01876	lncRNA	chr2	156011530	156254950	-	22	22
ENSG00000226403.2	AL392089.1	lncRNA	chr9	547135	549967	+	2	0
ENSG00000226430.7	USP17L7	protein_coding	chr8	12132417	12134099	-	11	0
ENSG00000226435.10	ANKRD18DP	transcribed_unprocessed_pseudogene	chr3	198053522	198080720	-	2	2
ENSG00000226479.4	TMEM185B	protein_coding	chr2	120217479	120223400	-	9	9
ENSG00000226481.3	ACTR3BP2	processed_pseudogene	chr2	91940668	91942040	+	1	1
ENSG00000226482.1	ADIPOQ-AS1	lncRNA	chr3	186851886	186856123	-	6	0
ENSG00000226488.2	LINC01824	lncRNA	chr2	6495651	6511839	+	1	1
ENSG00000226490.2	AC138647.1	protein_coding	chr8	141514638	141518737	+	5	5
ENSG00000226506.6	AC007463.1	lncRNA	chr2	7886767	7899725	-	1	1
ENSG00000226521.7	AC087499.2	transcribed_unprocessed_pseudogene	chr17	20716481	20737127	+	1	1
ENSG00000226539.1	MLXP1	processed_pseudogene	chr2	223704621	223705338	+	1	1
ENSG00000226562.4	CYP4F26P	lncRNA	chr9	33580695	33607874	+	2	2
ENSG00000226566.2	AL390962.1	lncRNA	chr9	103361952	103429892	-	5	5
ENSG00000226605.1	AC092567.1	lncRNA	chr2	62826064	62858438	-	3	0
ENSG00000226622.6	AC092155.1	lncRNA	chr2	62533681	62662829	-	11	11
ENSG00000226650.6	KIF4B	protein_coding	chr5	155013755	155018141	+	5	5
ENSG00000226668.5	AL136981.1	transcribed_unprocessed_pseudogene	chr9	92882567	92899608	+	1	1
ENSG00000226669.2	AL354977.1	lncRNA	chr9	3684076	3689626	-	1	0
ENSG00000226674.11	TEX41	lncRNA	chr2	144666312	145262988	+	51	50
ENSG00000226681.1	AC020595.1	lncRNA	chr2	181422154	181425749	-	1	1
ENSG00000226702.1	MIR217HG	lncRNA	chr2	55963191	56047326	-	8	0
ENSG00000226706.1	AL161452.1	lncRNA	chr9	135503273	135506447	-	5	0
ENSG00000226717.2	PTPRD-AS2	lncRNA	chr9	10613202	10620420	+	1	1
ENSG00000226724.1	AC109780.2	unprocessed_pseudogene	chr3	186698520	186708574	+	1	0
ENSG00000226747.6	FSIP2-AS2	lncRNA	chr2	185719874	185740479	-	2	0
ENSG00000226752.9	CUTALP	transcribed_unitary_pseudogene	chr9	120824828	120854385	+	3	0
ENSG00000226764.2	AC010145.1	lncRNA	chr2	15997049	16062885	-	6	2
ENSG00000226779.1	NAALADL2-AS2	lncRNA	chr3	175234861	175271096	-	9	0
ENSG00000226782.2	AC117465.1	lncRNA	chr3	177337628	177349166	-	2	2
ENSG00000226791.7	LINC02611	lncRNA	chr2	98761098	98775361	-	2	2
ENSG00000226797.2	AC005828.1	lncRNA	chr17	63381231	63414430	-	3	0
ENSG00000226807.6	MROH5	polymorphic_pseudogene	chr8	141433829	141507230	-	7	7
ENSG00000226813.3	LINC01941	lncRNA	chr2	126109761	126118023	-	1	1
ENSG00000226819.1	MEIS1-AS3	lncRNA	chr2	66426735	66433470	-	1	1
ENSG00000226825.2	LINC01509	lncRNA	chr9	107420191	107466613	-	5	5
ENSG00000226833.6	AC092164.1	lncRNA	chr2	28707511	28751722	-	5	5
ENSG00000226856.7	THORLNC	lncRNA	chr2	118132128	118222250	-	8	8
ENSG00000226877.9	AL354733.1	lncRNA	chr9	83817643	83837861	+	4	0
ENSG00000226913.2	BSN-DT	lncRNA	chr3	49549306	49554366	-	1	1
ENSG00000226925.1	IL1R1-AS1	lncRNA	chr2	102172621	102182108	-	11	2
ENSG00000226926.7	PDZPH1P	transcribed_unitary_pseudogene	chr5	103430406	103526618	-	8	8
ENSG00000226939.1	AC062021.1	lncRNA	chr2	139366165	139379147	+	2	2
ENSG00000226953.8	NCKAP5-AS2	lncRNA	chr2	133264968	133285445	+	1	0
ENSG00000226963.1	AC078883.2	lncRNA	chr2	172427774	172428603	-	3	0
ENSG00000226981.2	ABHD17AP6	unprocessed_pseudogene	chr17	20814620	20844257	+	3	2
ENSG00000226992.1	AC145625.1	lncRNA	chr2	238788648	238789716	-	1	1
ENSG00000226994.9	AC012593.1	lncRNA	chr2	34799850	35185689	+	37	35
ENSG00000227007.1	LINC01247	lncRNA	chr2	6366010	6375422	-	1	1
ENSG00000227028.6	SLC8A1-AS1	lncRNA	chr2	39786453	40255209	+	88	29
ENSG00000227033.1	AC019130.1	lncRNA	chr2	231978488	232015720	-	4	0
ENSG00000227036.8	LINC00511	lncRNA	chr17	72290091	72640472	-	32	30
ENSG00000227061.2	AC079779.1	lncRNA	chr2	197569	209892	+	1	1
ENSG00000227071.1	FOCAD-AS1	lncRNA	chr9	20683304	20684688	-	2	0
ENSG00000227078.1	LINC02094	lncRNA	chr17	19419035	19424357	+	1	0
ENSG00000227088.2	AC012494.1	lncRNA	chr2	77652025	78290469	-	57	52
ENSG00000227098.2	AC073636.1	lncRNA	chr2	176830839	176849428	-	2	2
ENSG00000227107.1	AC104667.1	lncRNA	chr2	237612977	237626525	+	2	2
ENSG00000227110.7	LMCD1-AS1	lncRNA	chr3	7951263	8611924	-	90	49
ENSG00000227124.11	ZNF717	protein_coding	chr3	75678660	75785583	-	119	10
ENSG00000227133.1	AC011742.1	processed_pseudogene	chr2	26160023	26161136	+	1	1
ENSG00000227155.7	AL161725.1	lncRNA	chr9	452492	492248	-	14	4
ENSG00000227157.2	AC068535.1	lncRNA	chr2	104406471	104416720	+	1	1
ENSG00000227200.1	AL162724.1	lncRNA	chr9	124262876	124265809	+	1	0
ENSG00000227210.2	AC079145.1	lncRNA	chr2	19990209	20004795	+	5	0
ENSG00000227218.7	AL157935.1	lncRNA	chr9	127934503	127940952	+	6	1
ENSG00000227227.1	AC017101.1	lncRNA	chr2	186641339	186695287	-	19	3
ENSG00000227252.2	AC012063.1	lncRNA	chr2	236910797	237085838	-	16	15
ENSG00000227260.2	LINC01985	lncRNA	chr3	30518833	30527193	+	1	1
ENSG00000227269.1	AL162427.1	lncRNA	chr9	99183373	99184891	+	1	1
ENSG00000227274.1	MYOCD-AS1	lncRNA	chr17	12671862	12706135	-	3	0
ENSG00000227292.1	AC009229.1	lncRNA	chr2	38203363	38239590	-	4	1
ENSG00000227308.2	LINC02832	lncRNA	chr2	219685381	219737937	+	5	5
ENSG00000227339.1	THRAP3P1	processed_pseudogene	chr3	31452832	31455894	+	1	1
ENSG00000227348.1	MTND5P25	unprocessed_pseudogene	chr2	201212283	201213081	-	1	0
ENSG00000227355.3	AL359644.1	lncRNA	chr9	121369893	121463370	+	13	6
ENSG00000227359.1	AC017074.1	lncRNA	chr2	113677702	113704078	-	3	3
ENSG00000227375.6	DLG1-AS1	lncRNA	chr3	197298252	197303755	+	1	1
ENSG00000227388.3	AL133410.1	lncRNA	chr9	35772163	35790432	+	2	2
ENSG00000227398.4	KIF9-AS1	lncRNA	chr3	47164186	47246601	+	12	5
ENSG00000227400.2	AC012501.2	lncRNA	chr2	153421616	153593288	-	18	15
ENSG00000227403.2	LINC01806	lncRNA	chr2	161244730	161249050	+	1	0
ENSG00000227412.1	STK33P1	processed_pseudogene	chr9	85492579	85494094	+	1	1
ENSG00000227418.6	PCGEM1	lncRNA	chr2	192749845	192776899	+	3	3
ENSG00000227432.1	ASIC4-AS1	lncRNA	chr2	219482073	219516877	-	28	1
ENSG00000227440.1	ATP5MC1P4	processed_pseudogene	chr3	172828736	172829176	-	1	1
ENSG00000227443.2	H3P30	processed_pseudogene	chr9	21638285	21638676	+	2	2
ENSG00000227463.3	AL390838.1	lncRNA	chr9	84059298	84098984	+	3	3
ENSG00000227479.1	AC124861.1	lncRNA	chr2	240227560	240256035	-	3	3
ENSG00000227480.2	CCDC148-AS1	lncRNA	chr2	158166650	158236169	+	10	1
ENSG00000227482.1	AL157702.2	lncRNA	chr9	113650956	113682855	+	3	3
ENSG00000227498.2	AC018359.1	lncRNA	chr3	34524818	34543880	-	2	0
ENSG00000227514.3	AC107890.1	processed_pseudogene	chr8	113376669	113377227	+	2	0
ENSG00000227517.7	LINC01483	lncRNA	chr17	69577251	69903000	+	25	25
ENSG00000227531.1	AL162414.1	lncRNA	chr9	111139246	111284836	-	14	14
ENSG00000227542.1	AC092614.1	lncRNA	chr2	191229165	191246172	-	5	2
ENSG00000227543.5	SPAG5-AS1	lncRNA	chr17	28598790	28617377	+	5	0
ENSG00000227555.1	MIR4290HG	lncRNA	chr9	90020654	90041499	-	2	2
ENSG00000227588.2	CNTN4-AS2	lncRNA	chr3	2110409	2144241	-	3	0
ENSG00000227617.9	CERS6-AS1	lncRNA	chr2	168771951	168786961	-	8	1
ENSG00000227619.3	AL391056.1	lncRNA	chr9	129575117	129584556	+	1	1
ENSG00000227632.2	AC018804.1	unprocessed_pseudogene	chr2	130202312	130212628	+	1	1
ENSG00000227685.1	LINC02088	lncRNA	chr17	20612912	20633234	-	2	2
ENSG00000227692.1	MED28P3	processed_pseudogene	chr2	186364598	186365128	+	1	0
ENSG00000227708.1	LINC01850	lncRNA	chr2	153337705	153357422	+	2	2
ENSG00000227713.2	AC092159.1	lncRNA	chr2	724194	731224	-	1	1
ENSG00000227718.1	AC016730.1	lncRNA	chr2	13723048	13758152	+	3	0
ENSG00000227744.4	LINC01940	lncRNA	chr2	238919302	238926269	-	1	1
ENSG00000227762.4	GUSBP8	unprocessed_pseudogene	chr5	99532628	99534611	+	1	1
ENSG00000227769.7	AC072062.1	lncRNA	chr2	215004782	215085488	+	23	0
ENSG00000227782.2	AC002553.1	lncRNA	chr17	16040472	16041273	+	1	0
ENSG00000227790.7	SPECC1P1	transcribed_unprocessed_pseudogene	chr17	15829369	15908632	+	8	6
ENSG00000227799.1	CDPF1P1	processed_pseudogene	chr2	55224280	55225908	+	1	0
ENSG00000227809.2	AL355674.1	lncRNA	chr9	74371335	74384578	+	1	1
ENSG00000227835.8	CARM1P1	transcribed_unprocessed_pseudogene	chr9	2907073	3053408	-	12	12
ENSG00000227888.4	FAM66A	lncRNA	chr8	12362019	12388296	+	2	2
ENSG00000227914.3	AL136979.1	lncRNA	chr9	673478	685555	-	3	0
ENSG00000227917.3	AL449043.1	lncRNA	chr9	100804	110138	-	1	1
ENSG00000227958.1	AL390778.1	lncRNA	chr9	135204722	135237597	-	3	3
ENSG00000227987.1	AC092675.2	lncRNA	chr2	98346995	98351140	+	1	0
ENSG00000227992.1	AC108463.1	processed_pseudogene	chr2	111203964	111206215	-	1	0
ENSG00000228008.1	AC105935.1	lncRNA	chr3	49903845	49916937	+	5	0
ENSG00000228016.1	RAPGEF4-AS1	lncRNA	chr2	172677141	172736206	-	7	6
ENSG00000228024.1	CYP1D1P	unprocessed_pseudogene	chr9	73042745	73056528	+	2	0
ENSG00000228033.6	AC010967.1	lncRNA	chr2	52722671	52961452	-	22	21
ENSG00000228043.5	AC114763.1	lncRNA	chr2	138418284	138501698	-	7	6
ENSG00000228064.1	AC023469.2	lncRNA	chr2	150982506	151003474	+	2	2
ENSG00000228069.1	MTCO3P29	unprocessed_pseudogene	chr9	92109013	92110095	+	1	0
ENSG00000228072.1	AL139008.2	lncRNA	chr9	33512959	33514773	-	1	1
ENSG00000228108.1	SPTBN1-AS1	lncRNA	chr2	54516048	54540697	-	9	0
ENSG00000228109.1	MELTF-AS1	lncRNA	chr3	196999460	197004744	+	7	0
ENSG00000228111.1	TPT1P2	processed_pseudogene	chr2	208214724	208222625	-	1	1
ENSG00000228115.1	AL161725.2	lncRNA	chr9	487774	495610	+	1	0
ENSG00000228135.1	LINC01494	lncRNA	chr2	218900811	218930636	-	2	2
ENSG00000228142.2	AL354861.2	lncRNA	chr9	95650154	95715718	+	6	6
ENSG00000228162.1	AC097713.1	lncRNA	chr2	234438328	234462127	+	2	1
ENSG00000228189.5	LINC02843	lncRNA	chr9	88627063	88652180	-	2	2
ENSG00000228203.7	GRASLND	lncRNA	chr2	6911754	6918734	-	2	1
ENSG00000228213.5	NLGN1-AS1	lncRNA	chr3	173910498	173920796	-	1	0
ENSG00000228216.1	AL355607.1	lncRNA	chr9	90957260	90965393	-	1	1
ENSG00000228218.1	ATF4P3	processed_pseudogene	chr17	76225751	76226806	-	1	0
ENSG00000228221.6	LINC00578	lncRNA	chr3	177441910	177767379	+	28	26
ENSG00000228222.1	AC073050.1	lncRNA	chr2	167293171	167558333	+	23	23
ENSG00000228224.3	NACA4P	transcribed_processed_pseudogene	chr8	101361794	101372707	+	1	1
ENSG00000228242.6	XPC-AS1	lncRNA	chr3	14144637	14165978	+	14	0
ENSG00000228248.1	NUTF2P3	processed_pseudogene	chr9	77580245	77580628	+	1	0
ENSG00000228252.9	COL6A4P2	transcribed_unitary_pseudogene	chr3	130212823	130273806	+	6	6
ENSG00000228262.10	LINC01320	lncRNA	chr2	33706886	34738231	+	95	84
ENSG00000228271.2	LINC02048	lncRNA	chr3	194276682	194287368	+	1	1
ENSG00000228272.1	AC106874.1	lncRNA	chr2	84315108	84350774	+	3	3
ENSG00000228278.5	ORM2	protein_coding	chr9	114329869	114333251	+	7	7
ENSG00000228307.2	OR2S1P	transcribed_unprocessed_pseudogene	chr9	35962195	36014623	+	5	5
ENSG00000228317.2	AL158070.1	lncRNA	chr9	105554035	105558304	-	1	1
ENSG00000228322.1	AL162419.1	lncRNA	chr9	4299390	4306046	+	1	0
ENSG00000228329.3	LINC01890	lncRNA	chr2	68822855	68837235	-	3	1
ENSG00000228350.1	LINC02585	lncRNA	chr3	48663776	48669174	+	1	1
ENSG00000228351.3	AC018832.1	lncRNA	chr3	8079322	8125538	+	5	0
ENSG00000228352.2	AL354989.1	lncRNA	chr9	34084332	34096225	+	6	1
ENSG00000228363.2	AC015971.1	lncRNA	chr2	86562070	86618766	+	27	0
ENSG00000228384.4	AC007040.1	lncRNA	chr2	70994510	71002754	+	3	0
ENSG00000228392.3	AL162391.1	lncRNA	chr9	126286999	126298593	-	2	2
ENSG00000228395.2	AL356481.1	lncRNA	chr9	128528657	128552410	-	4	1
ENSG00000228400.2	AC079154.1	lncRNA	chr2	124011984	124025173	-	1	1
ENSG00000228401.5	AL590226.1	lncRNA	chr9	136647872	136660421	-	1	0
ENSG00000228414.7	LINC01185	lncRNA	chr2	60823069	60881317	-	5	5
ENSG00000228430.9	AL162726.3	transcribed_unprocessed_pseudogene	chr9	81977614	82780194	+	67	56
ENSG00000228467.2	AL845311.1	lncRNA	chr9	38804007	38851916	+	2	2
ENSG00000228486.10	C2orf92	protein_coding	chr2	97664217	97703064	+	13	13
ENSG00000228487.2	AL450263.1	lncRNA	chr9	127213783	127221907	-	4	0
ENSG00000228505.5	AC011897.1	lncRNA	chr2	14616428	14630192	+	1	1
ENSG00000228509.6	AC006460.1	lncRNA	chr2	190672297	190843734	-	18	15
ENSG00000228522.2	AL845321.1	transcribed_unprocessed_pseudogene	chr9	63330326	63343660	+	1	0
ENSG00000228538.7	AC009411.1	lncRNA	chr2	21638068	21649572	-	1	0
ENSG00000228544.1	CCDC183-AS1	lncRNA	chr9	136803927	136808848	-	6	0
ENSG00000228561.2	AC026355.2	lncRNA	chr3	177683627	177691250	+	1	0
ENSG00000228563.1	AL133247.1	lncRNA	chr2	31526942	31563464	+	4	0
ENSG00000228586.1	AC005042.1	lncRNA	chr2	158685903	158753775	+	6	2
ENSG00000228590.2	MIR4432HG	lncRNA	chr2	60336446	60439828	-	10	10
ENSG00000228613.1	AC141930.1	lncRNA	chr2	1546665	1620113	-	7	3
ENSG00000228623.6	ZNF883	transcribed_unprocessed_pseudogene	chr9	112957722	113012227	-	10	3
ENSG00000228639.8	ROCR	lncRNA	chr17	72021851	72058073	-	3	1
ENSG00000228643.1	AC079779.2	lncRNA	chr2	286419	301515	+	3	1
ENSG00000228655.7	AC079793.1	lncRNA	chr2	143295421	143598002	-	34	0
ENSG00000228656.1	MYO5BP3	processed_pseudogene	chr9	63761546	63762824	-	1	1
ENSG00000228672.4	PROB1	protein_coding	chr5	139390592	139395104	-	3	3
ENSG00000228696.10	ARL17B	protein_coding	chr17	46274784	46361797	-	1	1
ENSG00000228714.4	AL691420.1	lncRNA	chr9	115324932	115744330	-	39	32
ENSG00000228716.7	DHFR	protein_coding	chr5	80626226	80654983	-	15	7
ENSG00000228730.2	LINC02013	lncRNA	chr3	190680421	190699314	-	1	1
ENSG00000228737.2	AC008781.1	lncRNA	chr5	141618414	141626481	+	3	0
ENSG00000228739.1	AL162384.1	lncRNA	chr9	6047360	6066714	+	2	2
ENSG00000228768.3	AC003101.1	lncRNA	chr17	31571142	31575659	+	1	1
ENSG00000228782.7	MRPL45P2	transcribed_unprocessed_pseudogene	chr17	47450568	47492492	-	3	3
ENSG00000228784.9	LINC00954	lncRNA	chr2	19868860	19885047	+	2	2
ENSG00000228791.8	THRB-AS1	lncRNA	chr3	24494087	24681711	+	20	17
ENSG00000228799.6	LINC01939	lncRNA	chr2	899462	905539	-	1	1
ENSG00000228801.6	AC064807.1	lncRNA	chr8	51899268	51949874	+	4	4
ENSG00000228802.1	AC073641.1	lncRNA	chr2	223965701	223967706	-	3	0
ENSG00000228804.5	AC072022.1	lncRNA	chr3	187702313	187733849	+	14	3
ENSG00000228810.1	PABPC1P11	processed_pseudogene	chr9	17589161	17591318	-	1	0
ENSG00000228843.2	AL133410.2	lncRNA	chr9	35756712	35757940	-	4	0
ENSG00000228857.2	AC104653.1	lncRNA	chr2	113831049	113843356	-	1	1
ENSG00000228862.4	AC068389.1	lncRNA	chr8	60629662	60653561	-	2	2
ENSG00000228868.3	MYLKP1	unprocessed_pseudogene	chr3	75328549	75339071	-	1	1
ENSG00000228876.4	AC010745.2	lncRNA	chr2	16224047	16333978	+	9	8
ENSG00000228877.2	AL669970.3	lncRNA	chr9	134527182	134545244	+	2	2
ENSG00000228925.1	AC016722.2	lncRNA	chr2	46899275	46908678	+	18	1
ENSG00000228956.8	SATB1-AS1	lncRNA	chr3	18445024	18920401	+	42	42
ENSG00000228957.1	AL512590.1	unprocessed_pseudogene	chr9	97386240	97396112	-	1	1
ENSG00000228968.1	AC096554.1	lncRNA	chr2	104125268	104147229	-	2	2
ENSG00000228980.4	LINC01205	lncRNA	chr3	109409990	109723273	+	28	21
ENSG00000228983.9	SLC47A1P1	transcribed_unprocessed_pseudogene	chr17	19579943	19596058	+	2	0
ENSG00000228999.4	AC096570.1	lncRNA	chr2	21932662	22536322	-	40	26
ENSG00000229060.4	AL451124.1	processed_pseudogene	chr9	28148211	28149236	+	1	0
ENSG00000229065.1	AL354893.2	lncRNA	chr9	95113708	95114461	+	2	0
ENSG00000229066.2	AC093459.1	lncRNA	chr2	175257250	175463180	+	17	17
ENSG00000229089.8	ANKRD20A8P	transcribed_unprocessed_pseudogene	chr2	94791103	94857282	-	5	5
ENSG00000229102.1	AC076966.2	lncRNA	chr3	179101366	179147973	-	3	3
ENSG00000229105.1	ASTN2-AS1	lncRNA	chr9	116504283	116562293	+	5	0
ENSG00000229109.2	AL137847.1	lncRNA	chr9	83219288	83238463	+	2	2
ENSG00000229118.1	AC068491.1	lncRNA	chr2	111265283	111279880	+	1	0
ENSG00000229127.2	KANSL1L-AS1	lncRNA	chr2	210030572	210064356	+	5	0
ENSG00000229131.1	AC016710.1	lncRNA	chr2	139469775	139477747	+	1	1
ENSG00000229140.11	CCDC26	lncRNA	chr8	128634199	129683770	-	95	92
ENSG00000229150.1	CRYGEP	transcribed_unprocessed_pseudogene	chr2	208108233	208112511	-	1	1
ENSG00000229173.1	SRMP3	processed_pseudogene	chr2	128139792	128140516	-	1	0
ENSG00000229195.1	AC009495.1	lncRNA	chr2	165794857	165846091	-	4	2
ENSG00000229209.1	AC073987.1	lncRNA	chr2	103109759	103176260	-	5	5
ENSG00000229224.2	AC105398.1	lncRNA	chr2	29088649	29097586	-	1	1
ENSG00000229229.1	AC022201.1	lncRNA	chr2	70402934	70422678	+	2	2
ENSG00000229257.2	AL807752.2	lncRNA	chr9	137057663	137062461	+	3	3
ENSG00000229267.3	SNHG31	lncRNA	chr2	214810181	214963575	+	24	12
ENSG00000229271.1	AC091493.1	lncRNA	chr3	16687986	16697479	-	1	1
ENSG00000229297.1	AL451140.1	lncRNA	chr9	106584142	106591952	-	1	0
ENSG00000229298.1	TUBB8P1	processed_pseudogene	chr9	21811621	21812347	-	1	0
ENSG00000229312.2	AL353693.1	lncRNA	chr9	69472466	69494513	+	3	0
ENSG00000229314.5	ORM1	protein_coding	chr9	114323056	114326475	+	2	2
ENSG00000229321.2	AC008269.1	lncRNA	chr2	206798325	206926876	+	11	11
ENSG00000229334.1	AC046143.1	lncRNA	chr3	194632923	194645401	+	14	3
ENSG00000229337.2	AC079305.2	lncRNA	chr2	177111036	177212662	-	9	4
ENSG00000229370.1	AC073062.1	lncRNA	chr2	13537673	13609168	+	6	6
ENSG00000229385.2	CTNNA2-AS1	lncRNA	chr2	79492704	79513900	-	2	0
ENSG00000229395.1	AC062039.1	lncRNA	chr2	192629919	192645706	+	1	1
ENSG00000229419.1	RALGAPA1P1	processed_pseudogene	chr9	105520128	105526359	+	1	0
ENSG00000229433.2	LINC02069	lncRNA	chr3	184725013	184773178	-	5	3
ENSG00000229453.2	SPINK8	protein_coding	chr3	48306842	48328341	-	3	3
ENSG00000229454.1	AL157882.1	lncRNA	chr9	85756042	85765112	-	1	0
ENSG00000229457.1	LINC01789	lncRNA	chr2	107254691	107365873	-	9	9
ENSG00000229462.1	WDR4P2	unprocessed_pseudogene	chr2	68445710	68449174	-	1	1
ENSG00000229494.2	AC012494.2	lncRNA	chr2	78088729	78127806	+	3	0
ENSG00000229498.1	AC105053.1	lncRNA	chr2	85815130	85825391	+	1	1
ENSG00000229525.1	AC053503.1	lncRNA	chr2	219388496	219403633	+	3	0
ENSG00000229526.2	KRT16P4	transcribed_processed_pseudogene	chr17	18450244	18475920	+	2	2
ENSG00000229536.3	LINC02572	lncRNA	chr2	129825126	129877664	-	5	5
ENSG00000229541.2	GAPDHP26	processed_pseudogene	chr9	100975668	100976682	+	1	1
ENSG00000229550.1	AC012445.1	lncRNA	chr2	4136644	4140731	-	1	1
ENSG00000229587.2	AL158825.2	lncRNA	chr9	75009828	75016036	-	1	0
ENSG00000229589.1	ACVR2B-AS1	lncRNA	chr3	38451027	38454820	-	1	1
ENSG00000229590.3	MSX2P1	processed_pseudogene	chr17	58157028	58157800	+	2	0
ENSG00000229611.2	LINC02851	lncRNA	chr9	6704270	6707780	+	1	1
ENSG00000229613.2	LINC01501	lncRNA	chr9	90462899	90583821	-	11	11
ENSG00000229619.4	MBNL1-AS1	lncRNA	chr3	152245262	152269557	-	3	0
ENSG00000229621.2	LINC01822	lncRNA	chr2	21687430	21710656	-	1	0
ENSG00000229637.4	PRAC2	protein_coding	chr17	48723185	48724758	+	2	2
ENSG00000229642.1	AC087857.1	lncRNA	chr3	5962842	6124120	+	15	15
ENSG00000229647.2	MYOSLID	lncRNA	chr2	207166120	207248668	+	11	1
ENSG00000229666.1	MAST4-AS1	lncRNA	chr5	67001383	67003953	-	1	0
ENSG00000229670.2	PKP4P1	unprocessed_pseudogene	chr2	209178966	209181123	+	1	0
ENSG00000229689.3	AC009237.3	transcribed_unprocessed_pseudogene	chr2	95525345	95532405	+	1	1
ENSG00000229694.7	LINC00484	lncRNA	chr9	91118592	91182762	+	5	0
ENSG00000229727.7	AC013460.1	lncRNA	chr2	7383227	7450544	+	6	6
ENSG00000229732.1	AC019349.1	lncRNA	chr17	41500983	41502409	+	2	0
ENSG00000229754.1	CXCR2P1	transcribed_unprocessed_pseudogene	chr2	218059155	218065729	-	1	0
ENSG00000229774.1	AC018866.1	lncRNA	chr2	120686635	120710517	-	2	2
ENSG00000229779.1	AC016751.1	lncRNA	chr2	175904371	175905502	-	1	1
ENSG00000229782.1	AC118754.1	lncRNA	chr17	4497394	4499674	-	2	1
ENSG00000229797.2	AC140481.1	lncRNA	chr2	130742959	130755879	-	1	1
ENSG00000229805.1	LINC01813	lncRNA	chr2	56077417	56090382	-	1	0
ENSG00000229830.1	AL589823.1	processed_pseudogene	chr9	103065416	103065598	+	1	1
ENSG00000229835.2	KHSRPP1	processed_pseudogene	chr9	21695176	21696943	+	4	4
ENSG00000229839.6	AC018462.1	lncRNA	chr2	62069447	62146881	-	10	0
ENSG00000229848.1	AC139149.1	lncRNA	chr17	81514047	81527776	+	2	2
ENSG00000229855.9	AC008568.1	lncRNA	chr5	121164687	121359869	+	17	17
ENSG00000229857.1	AL353637.1	processed_pseudogene	chr9	76992099	76993108	+	1	1
ENSG00000229867.2	STEAP3-AS1	lncRNA	chr2	119244422	119270714	-	14	1
ENSG00000229912.1	AC128709.1	lncRNA	chr3	197450327	197456654	-	1	0
ENSG00000229915.1	AC016999.1	lncRNA	chr2	238427077	238427729	-	1	0
ENSG00000229941.6	PDE11A-AS1	lncRNA	chr2	177653419	177723289	+	19	0
ENSG00000229951.5	FLJ31356	lncRNA	chr2	28384409	28394672	-	1	1
ENSG00000229964.1	AC080129.1	lncRNA	chr3	194091561	194109174	+	2	2
ENSG00000229972.8	IQCF3	protein_coding	chr3	51826883	51830856	+	8	0
ENSG00000229980.5	TOB1-AS1	lncRNA	chr17	50866679	50910774	+	4	4
ENSG00000230006.7	ANKRD36BP2	transcribed_unprocessed_pseudogene	chr2	88765807	88806612	+	4	4
ENSG00000230013.2	CT70	lncRNA	chr9	104970593	104991818	-	2	2
ENSG00000230054.3	TEX53	protein_coding	chr9	114656304	114662374	-	2	2
ENSG00000230065.1	AC010974.1	lncRNA	chr2	132660526	132666990	+	2	0
ENSG00000230067.3	HSPD1P6	transcribed_processed_pseudogene	chr3	36767117	36784167	-	1	1
ENSG00000230074.3	AL162231.2	lncRNA	chr9	34665607	34681981	+	3	2
ENSG00000230082.1	PRRT3-AS1	lncRNA	chr3	9947404	9954787	+	3	0
ENSG00000230084.6	AC006059.1	lncRNA	chr3	42601963	42654388	-	31	1
ENSG00000230088.1	KRT16P5	processed_pseudogene	chr17	20493634	20494155	-	1	1
ENSG00000230090.5	AC108025.1	lncRNA	chr2	5618327	5691118	-	6	0
ENSG00000230102.8	LINC02028	lncRNA	chr3	194005259	194071025	-	6	6
ENSG00000230113.1	AC138207.1	lncRNA	chr17	30956280	30956961	-	1	0
ENSG00000230115.1	TPRG1-AS2	lncRNA	chr3	189238686	189240594	-	1	0
ENSG00000230126.1	FGF12-AS2	lncRNA	chr3	192515022	192516573	+	1	0
ENSG00000230140.7	NPAS2-AS1	lncRNA	chr2	100970767	100977766	-	8	0
ENSG00000230148.8	HOXB-AS1	lncRNA	chr17	48543551	48551250	+	5	1
ENSG00000230172.1	AC090957.1	lncRNA	chr3	14764952	14767440	-	1	0
ENSG00000230173.1	LINC01790	lncRNA	chr2	194730595	194761435	+	3	3
ENSG00000230185.5	C9orf147	lncRNA	chr9	112399512	112487204	-	11	0
ENSG00000230215.1	LINC01840	lncRNA	chr3	184546714	184556918	-	1	1
ENSG00000230237.1	GNA13P1	processed_pseudogene	chr2	79573764	79575593	-	1	0
ENSG00000230246.7	SPATA31C1	transcribed_unprocessed_pseudogene	chr9	87914493	87923505	+	1	1
ENSG00000230258.6	AC005208.1	lncRNA	chr17	70017324	70128859	-	21	3
ENSG00000230262.8	LINC02603	lncRNA	chr9	94176492	94259545	-	7	5
ENSG00000230266.1	XXYLT1-AS2	lncRNA	chr3	195147871	195152790	+	1	0
ENSG00000230273.1	BRI3P3	processed_pseudogene	chr17	17981192	17981572	-	2	0
ENSG00000230286.1	AC013472.1	lncRNA	chr2	26950308	27009807	-	6	3
ENSG00000230289.1	AL358781.2	lncRNA	chr9	131516558	131522229	-	10	0
ENSG00000230292.5	NAALADL2-AS3	lncRNA	chr3	175079307	175115242	-	6	0
ENSG00000230301.6	OR5H6	protein_coding	chr3	98263252	98265356	+	10	0
ENSG00000230303.6	AL353743.2	lncRNA	chr9	85783668	85805154	-	2	1
ENSG00000230328.2	AL359893.1	processed_pseudogene	chr9	101358932	101361242	+	3	0
ENSG00000230335.1	DNAJB5P1	processed_pseudogene	chr9	76931261	76932066	-	1	1
ENSG00000230342.2	FANCD2P2	unprocessed_pseudogene	chr3	11859674	11891172	+	3	3
ENSG00000230385.1	AC012507.1	lncRNA	chr2	230908852	230910102	+	4	0
ENSG00000230408.3	BZW1-AS1	lncRNA	chr2	200780495	200812170	-	5	2
ENSG00000230432.1	AC114803.1	lncRNA	chr2	219299002	219304130	+	3	0
ENSG00000230448.5	LINC00276	lncRNA	chr2	13710531	14400963	-	62	59
ENSG00000230450.1	NEK2P4	processed_pseudogene	chr2	131177618	131178946	-	1	0
ENSG00000230453.9	ANKRD18B	protein_coding	chr9	33524394	33573009	+	29	29
ENSG00000230454.1	U73166.1	lncRNA	chr3	50260303	50263358	+	1	1
ENSG00000230457.3	PA2G4P4	processed_pseudogene	chr3	156809551	156810732	-	1	0
ENSG00000230477.1	AC005034.1	processed_pseudogene	chr2	75598071	75598559	+	1	1
ENSG00000230499.1	AC108463.2	lncRNA	chr2	111195963	111206494	+	1	0
ENSG00000230524.8	COL6A4P1	transcribed_unprocessed_pseudogene	chr3	15151833	15205959	-	4	4
ENSG00000230525.6	LINC01799	lncRNA	chr2	66904436	66971462	+	5	5
ENSG00000230528.7	NOS2P3	transcribed_unprocessed_pseudogene	chr17	20436337	20447249	+	1	0
ENSG00000230530.2	LIMD1-AS1	lncRNA	chr3	45676369	45689200	-	13	0
ENSG00000230532.1	AC091133.1	lncRNA	chr17	48931791	48937100	+	8	0
ENSG00000230536.1	AL360268.1	lncRNA	chr9	128090969	128094457	-	4	0
ENSG00000230537.2	AL158071.2	lncRNA	chr9	91104327	91213046	-	9	3
ENSG00000230551.4	AC021078.1	lncRNA	chr5	149494314	149504670	-	5	0
ENSG00000230552.6	AC092162.2	lncRNA	chr2	176723614	176819310	-	8	0
ENSG00000230561.5	CCDC192	protein_coding	chr5	127703389	127941634	+	33	25
ENSG00000230569.1	AC114763.2	lncRNA	chr2	138470656	138473932	+	1	0
ENSG00000230587.2	LINC02580	lncRNA	chr2	43092530	43132482	-	4	4
ENSG00000230601.7	TEX48	protein_coding	chr9	114666434	114682192	-	10	10
ENSG00000230612.3	AC004039.1	lncRNA	chr5	132688681	132723725	+	16	0
ENSG00000230645.2	LINC01818	lncRNA	chr2	150169474	150356460	+	16	14
ENSG00000230647.2	AC022816.1	lncRNA	chr17	14374139	14421472	+	5	5
ENSG00000230651.8	RGPD4-AS1	lncRNA	chr2	107823063	107826891	-	2	2
ENSG00000230655.3	OR7E55P	unprocessed_pseudogene	chr3	75370448	75371342	-	1	1
ENSG00000230676.1	AL353803.2	lncRNA	chr9	129430652	129451422	-	2	1
ENSG00000230683.1	DDTP1	processed_pseudogene	chr3	38515448	38515830	-	1	0
ENSG00000230690.2	AC013402.1	lncRNA	chr2	104659337	104666858	+	1	0
ENSG00000230696.1	AC011753.2	lncRNA	chr2	109594693	109605698	-	1	0
ENSG00000230729.1	AL160270.1	lncRNA	chr9	34521527	34524241	+	1	0
ENSG00000230730.1	AC074011.1	lncRNA	chr2	28633282	28664540	-	11	2
ENSG00000230747.1	AC021188.1	lncRNA	chr2	96307263	96321731	-	1	0
ENSG00000230749.5	MEIS1-AS2	lncRNA	chr2	66439088	66444221	-	3	0
ENSG00000230756.1	RHOQP3	processed_pseudogene	chr2	130212870	130213490	-	1	1
ENSG00000230773.9	AC092650.1	lncRNA	chr2	47924181	48314224	-	34	33
ENSG00000230782.1	AL807761.4	lncRNA	chr9	106974833	107102988	-	12	8
ENSG00000230790.2	AC012456.2	lncRNA	chr2	11740997	11745301	-	1	0
ENSG00000230826.1	AL390774.2	lncRNA	chr9	123736437	123751941	+	2	0
ENSG00000230830.1	ARPP21-AS1	lncRNA	chr3	35650197	35651961	-	1	0
ENSG00000230848.1	AL360268.2	lncRNA	chr9	128039135	128057362	-	2	2
ENSG00000230876.8	LINC00486	lncRNA	chr2	32825359	32926693	+	9	9
ENSG00000230891.7	LINC00692	lncRNA	chr3	25858525	25873748	-	1	1
ENSG00000230894.2	AL133284.1	lncRNA	chr9	116567636	116586328	+	2	0
ENSG00000230918.2	DPP4-DT	lncRNA	chr2	162073256	162077911	+	2	0
ENSG00000230920.1	AL513422.1	lncRNA	chr9	9799423	9803784	+	1	0
ENSG00000230923.2	LINC00309	lncRNA	chr2	64185078	64205485	-	2	0
ENSG00000230952.1	AC099344.1	lncRNA	chr2	11357515	11365636	-	1	1
ENSG00000230970.4	HHATL-AS1	lncRNA	chr3	42702541	42706776	+	3	0
ENSG00000230975.1	AC012355.1	lncRNA	chr2	80699388	80870190	-	16	16
ENSG00000231013.2	SCTR-AS1	lncRNA	chr2	119476428	119487346	+	5	0
ENSG00000231024.1	AC092431.1	lncRNA	chr2	69700192	69713847	-	2	0
ENSG00000231031.6	LINC01804	lncRNA	chr2	15690782	15744339	+	5	5
ENSG00000231040.2	LINC01911	lncRNA	chr2	146837727	146878220	+	3	3
ENSG00000231052.1	AL353614.1	lncRNA	chr9	2541097	2541635	+	1	0
ENSG00000231054.1	AC093833.1	lncRNA	chr2	45168583	45169414	+	1	0
ENSG00000231079.7	KIF5C-AS1	lncRNA	chr2	148866470	148888823	-	1	0
ENSG00000231083.1	AC011747.1	lncRNA	chr2	8600892	8622942	-	2	2
ENSG00000231107.2	LINC01508	lncRNA	chr9	90300885	90433566	-	13	13
ENSG00000231172.2	AC007099.1	lncRNA	chr2	75524068	75542706	+	2	0
ENSG00000231185.7	SPRY4-AS1	lncRNA	chr5	142325293	142672001	+	40	24
ENSG00000231192.2	OR5H1	protein_coding	chr3	98130721	98138548	+	16	0
ENSG00000231204.7	AC011752.1	lncRNA	chr2	21317660	21561313	+	16	0
ENSG00000231213.7	PLSCR5	protein_coding	chr3	146576555	146605346	-	11	10
ENSG00000231221.1	LINC01593	lncRNA	chr2	108049200	108052755	-	1	1
ENSG00000231228.4	ARPP19P1	processed_pseudogene	chr5	180982273	180982611	+	1	1
ENSG00000231243.1	AC116038.1	lncRNA	chr3	38823902	38825302	+	1	1
ENSG00000231248.3	FAM242D	lncRNA	chr9	61615835	61627683	+	1	1
ENSG00000231256.8	CFAP97D1	protein_coding	chr17	43780435	43787620	+	11	8
ENSG00000231258.2	ZSWIM5P2	unprocessed_pseudogene	chr17	20583758	20591180	-	1	1
ENSG00000231259.5	ANAPC1P2	unprocessed_pseudogene	chr2	87031815	87052992	-	2	0
ENSG00000231278.1	OR9S24P	unprocessed_pseudogene	chr2	240079433	240080362	+	1	1
ENSG00000231291.3	AC106799.1	lncRNA	chr5	4512262	4516776	+	1	0
ENSG00000231304.2	SGO1-AS1	lncRNA	chr3	20174244	21145967	+	90	74
ENSG00000231305.4	AC112484.1	lncRNA	chr3	128860620	128871540	-	1	1
ENSG00000231310.3	TBL1XR1-AS1	lncRNA	chr3	177037405	177047923	+	3	0
ENSG00000231312.7	MAP4K3-DT	lncRNA	chr2	39436530	39665343	+	24	20
ENSG00000231367.6	LINC02613	lncRNA	chr2	38406527	38515934	-	9	9
ENSG00000231373.1	GNA14-AS1	lncRNA	chr9	77456295	77526697	+	6	0
ENSG00000231382.1	NBPF21P	unprocessed_pseudogene	chr3	36616006	36637457	-	2	2
ENSG00000231383.2	FGF12-AS1	lncRNA	chr3	192238037	192283097	+	5	0
ENSG00000231420.1	LINC01817	lncRNA	chr2	150234892	150257007	-	2	0
ENSG00000231421.8	AC011840.1	lncRNA	chr17	30573471	30577000	-	1	1
ENSG00000231431.7	FAR2P4	transcribed_unprocessed_pseudogene	chr2	131279290	131309068	+	2	0
ENSG00000231460.2	AL365204.1	lncRNA	chr9	23829670	23849914	+	2	2
ENSG00000231482.3	AC105450.1	lncRNA	chr2	1366234	1580747	-	81	2
ENSG00000231505.1	AC108868.1	lncRNA	chr2	106521903	106538079	-	1	0
ENSG00000231527.7	FAM27C	lncRNA	chr9	61854148	62096920	+	5	5
ENSG00000231532.6	LINC01249	lncRNA	chr2	4628216	4656498	-	3	3
ENSG00000231534.1	FBXO36-IT1	lncRNA	chr2	229942728	229945137	+	1	0
ENSG00000231557.1	AC020718.1	lncRNA	chr2	198882573	199071791	-	14	14
ENSG00000231574.6	LINC02015	lncRNA	chr3	177816865	177899224	+	7	7
ENSG00000231584.8	FAHD2CP	transcribed_unprocessed_pseudogene	chr2	96010551	96023380	+	1	1
ENSG00000231585.1	AC034228.1	lncRNA	chr5	132011448	132013199	+	1	0
ENSG00000231609.7	AC007098.1	lncRNA	chr2	62957326	63048640	-	6	0
ENSG00000231616.9	AL354733.2	lncRNA	chr9	83831586	83868532	+	7	0
ENSG00000231625.4	SLC47A1P2	transcribed_unprocessed_pseudogene	chr17	19615789	19633825	+	2	2
ENSG00000231645.3	KRT17P6	transcribed_unprocessed_pseudogene	chr17	20512560	20517479	-	1	1
ENSG00000231646.6	FSIP2-AS1	lncRNA	chr2	185652374	185800151	-	36	6
ENSG00000231649.3	SPATA31B1P	unprocessed_pseudogene	chr9	82057647	82063682	-	1	0
ENSG00000231672.8	DIRC3	lncRNA	chr2	217284019	217756593	-	41	36
ENSG00000231678.2	AL358779.1	lncRNA	chr9	108701370	108703092	-	1	1
ENSG00000231682.1	LINC01891	lncRNA	chr2	234444590	234454595	-	1	0
ENSG00000231689.2	LINC01090	lncRNA	chr2	187712816	188384313	-	70	53
ENSG00000231724.1	AC112907.1	lncRNA	chr3	186807692	186818121	+	1	0
ENSG00000231731.7	AC010976.1	lncRNA	chr2	127455394	127514623	+	11	0
ENSG00000231749.3	ABCA9-AS1	lncRNA	chr17	68944531	69042784	+	31	4
ENSG00000231758.3	ARHGAP15-AS1	lncRNA	chr2	143629133	143656179	-	2	0
ENSG00000231766.1	MTCO2P5	processed_pseudogene	chr2	143100930	143101355	-	1	0
ENSG00000231770.6	TMEM44-AS1	lncRNA	chr3	194584004	194590260	+	16	0
ENSG00000231781.1	AC079896.1	lncRNA	chr2	81983272	82005700	-	2	2
ENSG00000231784.8	DBIL5P	transcribed_unitary_pseudogene	chr17	752660	755336	+	2	0
ENSG00000231806.3	PCAT7	lncRNA	chr9	94555054	94603990	+	17	2
ENSG00000231826.6	LINC01819	lncRNA	chr2	43027823	43040662	-	2	2
ENSG00000231851.6	MRPS9-AS1	lncRNA	chr2	105092368	105103036	-	6	0
ENSG00000231858.5	AC067945.2	lncRNA	chr2	191021526	191032314	+	4	1
ENSG00000231861.2	OR5K2	protein_coding	chr3	98497604	98498663	+	1	0
ENSG00000231864.2	AL807752.3	lncRNA	chr9	137063535	137064581	+	3	0
ENSG00000231873.2	AC099560.1	lncRNA	chr3	40719859	40862626	+	6	6
ENSG00000231890.8	DARS1-AS1	lncRNA	chr2	135985176	136022593	+	6	3
ENSG00000231896.1	AC019185.1	lncRNA	chr2	208469850	208540413	+	11	0
ENSG00000231897.1	MARK2P14	unprocessed_pseudogene	chr3	11906527	11912313	+	1	1
ENSG00000231898.9	MYO3B-AS1	lncRNA	chr2	170332085	170408564	-	21	0
ENSG00000231901.1	AL354754.1	lncRNA	chr9	117840322	117897256	-	12	0
ENSG00000231902.2	AL135923.2	lncRNA	chr9	7914514	7961224	-	4	3
ENSG00000231908.1	IDH1-AS1	lncRNA	chr2	208255247	208256181	+	1	0
ENSG00000231909.7	MAP1LC3BP1	transcribed_processed_pseudogene	chr9	19460926	19464524	-	1	1
ENSG00000231918.1	AC007402.1	lncRNA	chr2	51032601	52407917	+	132	99
ENSG00000231926.1	SEPHS1P7	processed_pseudogene	chr2	114260050	114261226	-	1	1
ENSG00000231943.9	PGM5P4-AS1	lncRNA	chr2	113526836	113542694	-	2	1
ENSG00000231955.1	AC007383.2	lncRNA	chr2	206115547	206122323	+	18	0
ENSG00000231969.2	MMADHC-DT	lncRNA	chr2	149587196	150047447	+	42	31
ENSG00000231989.5	PPP1R2B	protein_coding	chr5	156850295	156852528	+	5	5
ENSG00000231990.2	AL442224.1	lncRNA	chr9	93808347	93858340	+	4	4
ENSG00000232000.3	CLCN3P1	transcribed_unprocessed_pseudogene	chr9	14921013	15146401	-	21	18
ENSG00000232001.2	AC108868.2	lncRNA	chr2	106521563	106544297	+	2	0
ENSG00000232002.2	LINC01880	lncRNA	chr2	242047695	242084233	-	3	0
ENSG00000232023.3	LINC01807	lncRNA	chr2	228475224	228841689	-	30	30
ENSG00000232034.1	AC092168.2	lncRNA	chr2	100822661	100847220	+	3	0
ENSG00000232044.7	SILC1	lncRNA	chr2	5932543	6003510	+	6	6
ENSG00000232046.7	LINC01798	lncRNA	chr2	66574030	66731223	+	15	15
ENSG00000232056.1	AC092687.1	lncRNA	chr2	10847577	10854955	+	1	0
ENSG00000232057.1	AC093390.1	lncRNA	chr2	1824412	1828667	+	1	0
ENSG00000232058.1	AC005772.1	lncRNA	chr17	15014805	15052276	+	4	4
ENSG00000232063.2	AL691447.2	lncRNA	chr9	94332459	94363013	+	3	3
ENSG00000232084.5	LINC01104	lncRNA	chr2	100208254	100251484	+	4	4
ENSG00000232104.3	RFX3-AS1	lncRNA	chr9	3526723	3691814	+	15	12
ENSG00000232112.3	TMA7	protein_coding	chr3	48440257	48444208	+	3	0
ENSG00000232125.5	DYTN	protein_coding	chr2	206651621	206721570	-	25	25
ENSG00000232130.1	AC092966.1	lncRNA	chr3	193144464	193176864	-	3	3
ENSG00000232133.1	IMPDH1P10	processed_pseudogene	chr2	201137516	201140027	-	5	0
ENSG00000232140.2	AC073257.1	lncRNA	chr2	120552481	120558119	-	1	1
ENSG00000232153.3	AC012593.2	lncRNA	chr2	34732287	34822726	-	8	5
ENSG00000232164.1	LINC01873	lncRNA	chr2	66383306	66392450	+	1	1
ENSG00000232211.1	AL353613.1	lncRNA	chr9	86632147	86696496	+	6	4
ENSG00000232233.1	LINC02043	lncRNA	chr3	186810880	186825521	-	2	1
ENSG00000232283.1	HSD17B3-AS1	lncRNA	chr9	96246462	96250393	+	4	0
ENSG00000232287.2	SLC6A1-AS1	lncRNA	chr3	11006098	11019224	-	18	0
ENSG00000232303.2	DFFBP1	processed_pseudogene	chr9	32566148	32567126	-	1	0
ENSG00000232306.2	AC012485.2	lncRNA	chr2	238295392	238300620	-	1	0
ENSG00000232328.3	AC084030.1	lncRNA	chr2	236733289	236754363	+	2	2
ENSG00000232353.5	AC026320.1	lncRNA	chr3	192029880	192036557	+	1	1
ENSG00000232354.8	VIPR1-AS1	lncRNA	chr3	42506465	42533258	-	11	0
ENSG00000232359.1	AC104777.1	lncRNA	chr2	150595102	150620067	-	2	2
ENSG00000232377.1	AC016910.1	lncRNA	chr2	143937073	143964156	+	9	0
ENSG00000232382.2	OR5K1	protein_coding	chr3	98463201	98472924	+	8	8
ENSG00000232411.1	AC009495.2	lncRNA	chr2	165833048	165839098	-	1	0
ENSG00000232413.1	AL589923.1	lncRNA	chr9	126057580	126159613	+	10	10
ENSG00000232416.3	BPESC1	lncRNA	chr3	139104185	139125171	+	2	0
ENSG00000232434.2	AJM1	protein_coding	chr9	136844415	136848801	+	1	1
ENSG00000232451.2	AC018467.1	lncRNA	chr2	23018125	23199056	-	17	17
ENSG00000232455.2	LARS2-AS1	lncRNA	chr3	45483974	45509545	-	5	0
ENSG00000232485.3	RPL37A-DT	lncRNA	chr2	216479030	216498761	-	2	1
ENSG00000232490.6	OSBPL10-AS1	lncRNA	chr3	31704058	31721652	+	3	0
ENSG00000232494.1	AL161912.1	lncRNA	chr9	79874696	79886678	-	1	1
ENSG00000232517.2	CSPG4BP	unitary_pseudogene	chr5	54808210	54872551	-	6	6
ENSG00000232520.2	GCSIR	lncRNA	chr2	230886474	230904693	+	2	2
ENSG00000232526.1	VDAC1P13	processed_pseudogene	chr2	42463139	42463997	-	1	0
ENSG00000232535.2	OR5H8	polymorphic_pseudogene	chr3	98306752	98312843	+	1	0
ENSG00000232548.1	LINC01809	lncRNA	chr2	83522814	83523502	+	1	1
ENSG00000232555.2	AC104088.1	lncRNA	chr2	172137345	172370401	+	22	21
ENSG00000232590.1	AL451127.1	lncRNA	chr9	73573615	73579498	+	1	1
ENSG00000232597.6	AC013727.1	lncRNA	chr2	103855829	103869651	-	1	0
ENSG00000232600.3	TONSL-AS1	lncRNA	chr8	144437675	144439971	+	1	0
ENSG00000232604.1	AC010967.2	lncRNA	chr2	52864235	52866631	+	1	0
ENSG00000232606.2	LINC01412	lncRNA	chr2	144523912	144579434	+	6	6
ENSG00000232613.6	LINC02576	lncRNA	chr2	65030727	65053017	+	2	0
ENSG00000232615.4	AC026412.2	processed_pseudogene	chr5	1614836	1616334	+	1	0
ENSG00000232633.4	AC079465.1	lncRNA	chr5	113323028	113437174	+	27	0
ENSG00000232642.2	AC008073.2	lncRNA	chr2	24165884	24175005	-	5	0
ENSG00000232693.2	AC012370.1	lncRNA	chr2	65373700	65380685	-	2	0
ENSG00000232722.3	MROH4P	transcribed_unitary_pseudogene	chr8	142567260	142577881	-	1	1
ENSG00000232732.11	AC097717.1	lncRNA	chr2	199867396	199911159	-	3	3
ENSG00000232740.1	LINC01826	lncRNA	chr2	123066151	123073481	-	1	0
ENSG00000232746.1	LINC02022	lncRNA	chr3	12877522	12885211	-	1	1
ENSG00000232760.1	AC103564.2	unprocessed_pseudogene	chr2	131833783	131836532	-	1	1
ENSG00000232800.1	SLC7A15P	unitary_pseudogene	chr2	20386386	20396588	+	1	1
ENSG00000232815.1	DUX4L50	unprocessed_pseudogene	chr9	63817748	63818462	-	1	1
ENSG00000232827.3	LINC01189	lncRNA	chr9	62452451	62522018	+	1	1
ENSG00000232832.1	LMLN-AS1	lncRNA	chr3	198038321	198039234	-	1	0
ENSG00000232859.10	LYRM9	protein_coding	chr17	27878314	27894752	-	7	0
ENSG00000232893.1	IQCA1-AS1	lncRNA	chr2	236391074	236392388	+	1	0
ENSG00000232896.1	AL592463.1	lncRNA	chr9	110599475	110605219	+	1	1
ENSG00000232905.2	AL162393.1	processed_pseudogene	chr9	113850687	113851632	-	1	1
ENSG00000232920.1	LINC01400	lncRNA	chr9	37073531	37075792	-	1	1
ENSG00000232931.6	LINC00342	lncRNA	chr2	95807052	95835003	-	2	2
ENSG00000232939.1	AL158829.1	lncRNA	chr9	109760360	109772043	-	1	0
ENSG00000232973.13	CYP1B1-AS1	lncRNA	chr2	38073447	38231651	+	20	8
ENSG00000232991.5	GACAT1	lncRNA	chr2	107754112	107822129	+	7	7
ENSG00000232998.3	VPS13A-AS1	lncRNA	chr9	77176760	77178180	-	2	0
ENSG00000233002.2	TBC1D26-AS1	lncRNA	chr17	15735023	15749192	-	17	0
ENSG00000233005.2	AC018742.1	lncRNA	chr2	21221169	21970959	+	46	25
ENSG00000233006.8	MIR3936HG	lncRNA	chr5	132311285	132370170	-	21	3
ENSG00000233016.7	SNHG7	lncRNA	chr9	136721366	136728184	-	11	1
ENSG00000233058.2	LINC00884	lncRNA	chr3	194487140	194521156	+	6	2
ENSG00000233060.1	AC016700.1	lncRNA	chr2	70089721	70096100	+	1	0
ENSG00000233086.8	LNCARSR	lncRNA	chr9	79505804	79567802	-	5	5
ENSG00000233087.7	RAB6D	protein_coding	chr2	131361111	131364142	-	3	3
ENSG00000233098.9	CCDC144NL-AS1	lncRNA	chr17	20868433	21002276	+	20	7
ENSG00000233101.10	HOXB-AS3	lncRNA	chr17	48549630	48606414	+	30	1
ENSG00000233128.2	LINC01794	lncRNA	chr2	40746481	40767452	+	2	2
ENSG00000233143.2	DIRC3-AS1	lncRNA	chr2	217261699	217336120	+	7	2
ENSG00000233153.6	UBE2E2-AS1	lncRNA	chr3	23194929	23202703	-	1	1
ENSG00000233175.2	AC008105.1	lncRNA	chr17	45238028	45241734	-	2	0
ENSG00000233178.7	AL161457.2	lncRNA	chr9	68393881	68406500	-	3	0
ENSG00000233186.2	KLF4P1	processed_pseudogene	chr9	4803788	4804972	-	1	0
ENSG00000233198.4	RNF224	protein_coding	chr9	137227502	137229640	+	3	3
ENSG00000233221.7	AC133785.1	lncRNA	chr2	130830978	130836994	-	1	1
ENSG00000233223.3	AC016876.1	lncRNA	chr17	7581964	7584086	-	1	0
ENSG00000233242.3	AL512604.2	lncRNA	chr9	37112548	37120446	-	1	1
ENSG00000233251.8	AC007743.1	lncRNA	chr2	56173534	56185870	-	5	0
ENSG00000233262.1	AL356134.1	lncRNA	chr9	84278219	84290131	+	5	0
ENSG00000233276.8	GPX1	protein_coding	chr3	49357176	49358353	-	2	2
ENSG00000233295.3	FAM90A20P	unprocessed_pseudogene	chr8	7295014	7298024	+	1	1
ENSG00000233296.2	TMEM18-DT	lncRNA	chr2	677186	697382	+	3	1
ENSG00000233308.2	OSTN-AS1	lncRNA	chr3	191213291	191234605	-	3	0
ENSG00000233309.1	RPS6P12	processed_pseudogene	chr9	82744067	82744792	-	1	0
ENSG00000233339.1	AC018878.1	lncRNA	chr2	106179542	106183797	+	1	0
ENSG00000233367.1	AL133480.1	lncRNA	chr9	6415145	6449558	-	3	0
ENSG00000233392.5	UICLM	lncRNA	chr2	240954617	240967451	-	10	0
ENSG00000233412.5	OR5H15	protein_coding	chr3	98166696	98169774	+	5	5
ENSG00000233425.1	KRT18P67	processed_pseudogene	chr9	122837557	122838820	+	1	1
ENSG00000233441.6	CYP2AB1P	transcribed_unitary_pseudogene	chr3	183895900	183910936	-	1	1
ENSG00000233483.3	EFCAB15P	transcribed_unitary_pseudogene	chr17	45245186	45251129	-	1	0
ENSG00000233509.2	ZNF197-AS1	lncRNA	chr3	44617128	44624797	-	1	0
ENSG00000233516.1	AL445644.1	lncRNA	chr9	117462294	117466260	-	1	1
ENSG00000233551.2	LSM1P1	processed_pseudogene	chr9	16775573	16775845	-	1	0
ENSG00000233553.1	AC108462.1	lncRNA	chr2	1341044	1346568	-	1	0
ENSG00000233554.6	B4GALT1-AS1	lncRNA	chr9	33166948	33182865	+	1	1
ENSG00000233569.2	AL161630.1	lncRNA	chr9	117643151	117657032	+	2	2
ENSG00000233570.2	LINC00690	lncRNA	chr3	16524771	16541903	+	1	1
ENSG00000233576.1	HTR3C2P	unprocessed_pseudogene	chr3	184076779	184084219	+	1	1
ENSG00000233581.1	AC069155.1	lncRNA	chr2	216303325	216321737	+	2	0
ENSG00000233587.2	LINC01884	lncRNA	chr2	22508129	22548800	+	4	2
ENSG00000233605.3	LINC01851	lncRNA	chr2	77915870	77918011	+	1	0
ENSG00000233608.4	TWIST2	protein_coding	chr2	238848032	238910534	+	9	9
ENSG00000233609.3	RPL10P19	transcribed_processed_pseudogene	chr8	8961200	8979025	+	2	2
ENSG00000233611.3	AC019068.1	lncRNA	chr2	236167447	236294927	+	44	3
ENSG00000233633.2	AC093326.1	lncRNA	chr2	558153	578145	+	1	1
ENSG00000233635.2	AC015923.1	lncRNA	chr17	63193930	63339053	-	13	0
ENSG00000233639.7	PANTR1	lncRNA	chr2	104794848	104853183	-	6	6
ENSG00000233654.2	AC108047.1	lncRNA	chr2	190534855	190569776	+	3	3
ENSG00000233670.7	PIRT	protein_coding	chr17	10822470	10838087	-	9	0
ENSG00000233671.1	CENPNP1	processed_pseudogene	chr2	87221113	87222488	-	1	1
ENSG00000233673.7	ANAPC1P1	transcribed_unprocessed_pseudogene	chr2	86861825	86912978	+	4	3
ENSG00000233684.2	LINC01865	lncRNA	chr2	317912	342118	+	2	2
ENSG00000233694.6	LINC02579	lncRNA	chr2	64606975	64616556	+	1	1
ENSG00000233701.3	PRR23C	protein_coding	chr3	139042102	139044892	-	8	0
ENSG00000233714.1	AC012506.3	lncRNA	chr2	23347654	23351864	+	1	1
ENSG00000233718.8	MYCNOS	lncRNA	chr2	15918350	15942249	-	2	1
ENSG00000233723.9	LINC01122	lncRNA	chr2	58427799	59063766	+	56	52
ENSG00000233729.1	NCKAP5-AS1	lncRNA	chr2	132915557	132931494	+	2	0
ENSG00000233757.6	AC092835.1	protein_coding	chr2	95207535	95259774	+	5	5
ENSG00000233766.7	CAVIN2-AS1	lncRNA	chr2	191846539	192044525	+	18	9
ENSG00000233776.5	LINC01251	lncRNA	chr9	33732975	33738416	-	1	1
ENSG00000233806.7	LINC01237	lncRNA	chr2	241881363	242078722	+	22	13
ENSG00000233816.3	IFNA13	protein_coding	chr9	21367424	21368962	-	3	3
ENSG00000233828.5	MIR4280HG	lncRNA	chr5	87048858	87138397	-	222	2
ENSG00000233842.2	AC079248.1	lncRNA	chr2	145872209	145931146	+	5	5
ENSG00000233849.1	AC022201.2	lncRNA	chr2	70301451	70302072	+	2	0
ENSG00000233852.1	AC005304.1	lncRNA	chr17	13932720	13940594	-	1	0
ENSG00000233862.7	AC016907.2	lncRNA	chr2	30051066	30143804	-	9	9
ENSG00000233885.7	YEATS2-AS1	lncRNA	chr3	183806457	183810783	-	3	0
ENSG00000233888.2	MTCO2P17	unprocessed_pseudogene	chr2	202614853	202615529	+	1	1
ENSG00000233891.8	AC007179.2	lncRNA	chr2	59238703	59733396	-	44	0
ENSG00000233901.6	LINC01503	lncRNA	chr9	129332300	129359541	+	3	3
ENSG00000233912.1	AC026202.2	lncRNA	chr3	5156905	5187329	-	4	1
ENSG00000233926.1	AL591368.1	lncRNA	chr9	81689713	81776900	+	8	8
ENSG00000233936.1	AL390778.2	lncRNA	chr9	135245696	135252708	-	1	1
ENSG00000233937.7	CTC-338M12.4	lncRNA	chr5	181246507	181272167	+	17	0
ENSG00000233987.2	AC106706.1	lncRNA	chr3	194702667	194727675	+	3	1
ENSG00000234021.1	AL596451.1	lncRNA	chr9	8936079	8963077	+	3	0
ENSG00000234022.1	AC008278.2	lncRNA	chr2	15564170	15573868	+	1	1
ENSG00000234028.3	EIF2AK3-DT	lncRNA	chr2	88627539	88631821	+	1	1
ENSG00000234055.1	AL158151.2	lncRNA	chr9	129097854	129100266	+	2	0
ENSG00000234065.2	MTND4P26	processed_pseudogene	chr2	120213631	120214989	+	1	0
ENSG00000234072.1	AC074117.1	lncRNA	chr2	27356246	27367622	+	3	0
ENSG00000234076.1	TPRG1-AS1	lncRNA	chr3	188941715	188947639	-	1	1
ENSG00000234136.1	AC055764.1	lncRNA	chr3	197830685	197831296	-	1	0
ENSG00000234148.3	LINC01961	lncRNA	chr2	113512222	113515488	+	1	1
ENSG00000234156.3	AL359636.2	lncRNA	chr9	122403407	122639685	+	76	29
ENSG00000234160.1	AL513165.1	lncRNA	chr9	37509150	37510299	+	1	1
ENSG00000234162.3	AC009505.1	lncRNA	chr2	105874509	105962386	-	11	7
ENSG00000234172.1	AC093639.1	lncRNA	chr2	183904529	183949112	+	4	4
ENSG00000234177.5	LINC01114	lncRNA	chr2	104746638	104757719	-	1	1
ENSG00000234178.1	DEFA11P	unprocessed_pseudogene	chr8	7028641	7029489	-	1	1
ENSG00000234181.1	AL353795.2	lncRNA	chr9	35096378	35098141	+	2	2
ENSG00000234193.1	ACSL3-AS1	lncRNA	chr2	222917387	222919363	-	7	0
ENSG00000234197.1	ETV5-AS1	lncRNA	chr3	186079170	186080947	+	2	0
ENSG00000234199.3	LINC01191	lncRNA	chr2	113970719	114007304	+	3	3
ENSG00000234203.1	AC004771.1	lncRNA	chr17	4972851	4974681	+	4	0
ENSG00000234207.1	LINC01830	lncRNA	chr2	22377594	22482004	+	9	0
ENSG00000234217.2	RBPJP7	processed_pseudogene	chr9	62601226	62602672	+	1	1
ENSG00000234231.4	ANAPC1P4	transcribed_unprocessed_pseudogene	chr2	87700984	87738105	+	1	0
ENSG00000234235.1	BOK-AS1	lncRNA	chr2	241544403	241558977	-	2	0
ENSG00000234238.2	AC022498.1	lncRNA	chr3	188107072	188147310	+	3	3
ENSG00000234255.9	AC012370.2	lncRNA	chr2	65439838	65456571	-	2	0
ENSG00000234270.1	RPL36P20	processed_pseudogene	chr3	41955445	41955763	+	1	0
ENSG00000234275.4	AC017053.1	lncRNA	chr2	6258348	6341788	-	7	7
ENSG00000234279.2	LINC01937	lncRNA	chr2	238554541	238740849	+	17	17
ENSG00000234281.5	LANCL1-AS1	lncRNA	chr2	210324759	210469246	+	23	11
ENSG00000234284.7	ZNF879	protein_coding	chr5	179023804	179035064	+	17	17
ENSG00000234292.3	AC123595.1	lncRNA	chr5	91280097	91281142	-	1	0
ENSG00000234308.3	LINC01878	lncRNA	chr2	212795300	212819264	+	2	0
ENSG00000234323.8	LINC01505	lncRNA	chr9	105993310	106740875	+	67	65
ENSG00000234327.8	ZNF232-AS1	lncRNA	chr17	5111468	5115004	+	2	0
ENSG00000234350.5	AC007405.1	lncRNA	chr2	170700368	170813670	-	17	8
ENSG00000234378.1	AC098828.1	lncRNA	chr2	20063856	20106829	-	4	4
ENSG00000234423.2	LINC01250	lncRNA	chr2	2895048	3126026	-	20	20
ENSG00000234424.2	AL353743.4	unprocessed_pseudogene	chr9	85753306	85786575	+	3	1
ENSG00000234431.2	AC007283.1	lncRNA	chr2	201166965	201167546	+	3	0
ENSG00000234446.3	AC068489.1	lncRNA	chr2	221609324	221650218	+	3	3
ENSG00000234477.1	AC004231.1	lncRNA	chr17	40921430	40975926	+	34	6
ENSG00000234494.7	SP2-AS1	lncRNA	chr17	47897330	47941410	-	10	2
ENSG00000234511.10	C5orf58	protein_coding	chr5	170232447	170252575	+	12	4
ENSG00000234521.2	AC005041.2	transcribed_unitary_pseudogene	chr2	74407797	74413603	-	2	0
ENSG00000234548.7	LINC02020	lncRNA	chr3	186439239	186457299	+	2	2
ENSG00000234572.1	LINC01800	lncRNA	chr2	64846130	64863626	-	2	2
ENSG00000234575.2	CTSLP8	unprocessed_pseudogene	chr9	87844154	87847314	+	1	1
ENSG00000234579.1	AC009305.1	lncRNA	chr2	30986939	30991426	+	1	0
ENSG00000234584.1	AC019186.1	lncRNA	chr2	157725708	157736005	-	1	1
ENSG00000234597.2	AC010096.1	lncRNA	chr2	19458220	19468961	-	1	1
ENSG00000234602.9	MCIDAS	protein_coding	chr5	55219564	55227315	-	6	6
ENSG00000234616.9	JRK	protein_coding	chr8	142657460	142681968	-	49	33
ENSG00000234634.2	LINC02093	lncRNA	chr17	13299184	13306771	-	1	1
ENSG00000234653.1	LRRTM4-AS1	lncRNA	chr2	76985965	77009791	+	2	0
ENSG00000234661.2	CHL1-AS1	lncRNA	chr3	363370	385795	-	4	0
ENSG00000234663.7	LINC01934	lncRNA	chr2	181086076	181409321	+	28	26
ENSG00000234665.9	LERFS	lncRNA	chr9	62856999	62898095	-	2	1
ENSG00000234667.2	ACTL11P	unitary_pseudogene	chr3	49873347	49877305	-	1	1
ENSG00000234680.1	VN2R3P	unitary_pseudogene	chr9	39016969	39039594	+	1	1
ENSG00000234690.7	EPCAM-DT	lncRNA	chr2	47192405	47345074	-	14	13
ENSG00000234692.1	AL355601.1	lncRNA	chr9	115252538	115254251	-	1	0
ENSG00000234705.2	HMGA1P4	lncRNA	chr9	128663134	128684477	-	1	1
ENSG00000234714.1	AC009965.1	lncRNA	chr2	204090457	204109849	+	2	2
ENSG00000234717.2	TMEM212-AS1	lncRNA	chr3	171815586	171900749	-	13	2
ENSG00000234721.3	LINC02092	lncRNA	chr17	73786675	73800966	+	1	0
ENSG00000234758.1	AC034228.2	lncRNA	chr5	131944408	131968220	+	6	0
ENSG00000234770.1	GULOP	unitary_pseudogene	chr8	27560274	27589073	+	3	3
ENSG00000234781.2	LINC01103	lncRNA	chr2	104488458	104510509	-	2	0
ENSG00000234789.1	AL590369.1	lncRNA	chr9	129640476	129641282	+	2	0
ENSG00000234793.1	AC114730.2	lncRNA	chr2	241754793	241755740	-	3	0
ENSG00000234796.1	AC113607.1	lncRNA	chr2	910926	921124	-	1	1
ENSG00000234818.1	AC007314.1	lncRNA	chr2	10589166	10604830	+	7	0
ENSG00000234829.4	IFNA17	protein_coding	chr9	21227243	21228222	-	6	6
ENSG00000234840.2	LINC01239	lncRNA	chr9	22646200	22824213	+	17	5
ENSG00000234842.1	MTCO2P16	unprocessed_pseudogene	chr2	201549631	201550307	+	1	0
ENSG00000234853.2	NDUFA5P3	processed_pseudogene	chr9	19383217	19383887	-	1	1
ENSG00000234859.5	AC003958.2	lncRNA	chr17	41402416	41425049	+	9	1
ENSG00000234860.2	AL162394.1	lncRNA	chr9	99531507	99583301	+	1	0
ENSG00000234899.11	SOX9-AS1	lncRNA	chr17	72067099	72237203	-	22	2
ENSG00000234902.6	AC007879.3	lncRNA	chr2	207186717	207236066	-	5	0
ENSG00000234912.12	SNHG20	lncRNA	chr17	77086716	77099902	+	10	0
ENSG00000234919.1	LINC01827	lncRNA	chr2	195569628	195572970	-	1	1
ENSG00000234921.1	AC006450.2	lncRNA	chr9	124031624	124032524	-	1	0
ENSG00000234929.2	AC018685.2	lncRNA	chr2	2638178	2696285	-	5	5
ENSG00000234936.1	AC010883.1	lncRNA	chr2	43229573	43233394	+	1	0
ENSG00000234938.2	AC012668.2	lncRNA	chr2	215530447	215545526	-	1	0
ENSG00000234939.1	MTND2P18	unprocessed_pseudogene	chr2	131384461	131385490	-	1	1
ENSG00000234949.2	AC104667.2	lncRNA	chr2	237591020	237595981	+	4	0
ENSG00000234982.1	AL441963.1	processed_pseudogene	chr9	14204248	14205039	+	1	0
ENSG00000234997.2	AC016745.1	lncRNA	chr2	113325372	113425548	+	9	9
ENSG00000235007.3	AL158151.3	protein_coding	chr9	129139413	129260575	+	38	2
ENSG00000235013.1	COX20P2	processed_pseudogene	chr2	230957593	230957950	+	1	0
ENSG00000235016.1	SEMA3F-AS1	lncRNA	chr3	50116022	50156085	-	5	3
ENSG00000235024.1	AC097468.2	lncRNA	chr2	218944629	218961903	-	1	1
ENSG00000235026.6	DPP10-AS1	lncRNA	chr2	115126622	115161384	-	3	0
ENSG00000235035.1	AC005234.1	lncRNA	chr2	70687142	70691824	+	4	0
ENSG00000235042.1	SMARCAL1-AS1	lncRNA	chr2	216385288	216412696	-	4	3
ENSG00000235056.1	AC010983.1	lncRNA	chr2	195003711	195026370	-	3	3
ENSG00000235058.1	ZMYND10-AS1	lncRNA	chr3	50341106	50345697	+	3	0
ENSG00000235066.7	AC009303.2	lncRNA	chr2	117995397	118055033	+	8	3
ENSG00000235070.3	AC062015.1	lncRNA	chr2	226180044	226185371	-	1	1
ENSG00000235072.2	ARNILA	lncRNA	chr2	25369136	25375845	-	1	1
ENSG00000235078.1	AC231981.1	lncRNA	chr2	3519275	3523197	+	1	1
ENSG00000235085.3	AC091153.2	lncRNA	chr17	4673830	4696831	+	7	0
ENSG00000235092.6	ID2-AS1	lncRNA	chr2	8666636	8681864	-	4	2
ENSG00000235106.10	BRD3OS	protein_coding	chr9	134025481	134034666	+	16	10
ENSG00000235118.9	FAM237A	protein_coding	chr2	206642487	206649365	+	3	3
ENSG00000235126.1	AC128709.2	lncRNA	chr3	197445061	197458323	-	1	0
ENSG00000235127.1	AC068286.1	lncRNA	chr2	14886647	14907664	-	2	0
ENSG00000235129.1	FABP7P2	processed_pseudogene	chr2	95368507	95368885	-	1	0
ENSG00000235138.1	AL445931.1	lncRNA	chr9	134054290	134058805	+	2	0
ENSG00000235156.5	TMEM30CP	transcribed_unitary_pseudogene	chr3	100185687	100211766	+	3	0
ENSG00000235172.8	LINC01366	lncRNA	chr5	170307722	170335508	+	2	2
ENSG00000235173.7	HGH1	protein_coding	chr8	144137774	144140851	+	8	8
ENSG00000235192.1	AC009495.3	lncRNA	chr2	165794851	165810010	+	1	0
ENSG00000235201.1	LINC02578	lncRNA	chr9	118740563	118745312	+	1	1
ENSG00000235203.2	TBC1D3P3	unprocessed_pseudogene	chr17	20543481	20550963	-	1	1
ENSG00000235225.1	RPL31P17	processed_pseudogene	chr2	222726457	222726834	+	1	1
ENSG00000235257.9	ITGA9-AS1	lncRNA	chr3	37693655	37861802	-	24	3
ENSG00000235278.2	ZNF652P1	processed_pseudogene	chr3	50786674	50788285	-	1	0
ENSG00000235288.3	AC099329.1	lncRNA	chr3	42785087	42852428	-	16	0
ENSG00000235289.1	BRD7P6	processed_pseudogene	chr2	70353010	70355915	+	1	1
ENSG00000235296.1	AC145207.1	lncRNA	chr17	81941869	81947601	+	1	0
ENSG00000235298.1	AL354733.3	lncRNA	chr9	83972233	83975777	+	1	0
ENSG00000235300.4	THRA1/BTR	lncRNA	chr17	48294335	48308762	+	1	0
ENSG00000235319.1	AC012360.1	lncRNA	chr2	105324210	105330529	+	1	0
ENSG00000235335.3	B3GALT1-AS1	lncRNA	chr2	167814757	167941180	-	16	11
ENSG00000235337.1	AC093083.1	lncRNA	chr2	220127546	220212491	+	8	0
ENSG00000235351.1	AC114730.3	lncRNA	chr2	241724615	241725693	-	3	0
ENSG00000235361.1	AC016292.1	lncRNA	chr17	1181893	1185086	+	1	0
ENSG00000235387.5	SPAAR	protein_coding	chr9	35909490	35937153	+	10	10
ENSG00000235397.1	EPN2-AS1	lncRNA	chr17	19296596	19306261	-	1	0
ENSG00000235411.1	DRG1P1	processed_pseudogene	chr2	20239892	20241046	-	1	1
ENSG00000235419.5	AC010149.1	lncRNA	chr2	230520594	230580006	-	29	3
ENSG00000235435.1	AC096666.1	lncRNA	chr2	145294277	145331847	-	4	4
ENSG00000235440.1	RPS2P15	processed_pseudogene	chr2	26101317	26102136	-	1	0
ENSG00000235448.3	LURAP1L-AS1	lncRNA	chr9	12698554	12814377	-	28	7
ENSG00000235453.10	SMIM27	protein_coding	chr9	32551144	32568621	+	9	0
ENSG00000235455.1	IQCF5-AS1	lncRNA	chr3	51873596	51875767	+	1	1
ENSG00000235481.3	UBE2R2-AS1	lncRNA	chr9	33775183	33818795	-	10	2
ENSG00000235486.1	ANAPC1P6	unprocessed_pseudogene	chr2	106369724	106378247	+	1	1
ENSG00000235491.1	LINC01889	lncRNA	chr2	125710969	125765842	+	5	4
ENSG00000235493.2	LINC01967	lncRNA	chr3	27916774	28059268	-	13	12
ENSG00000235494.2	AL590705.2	lncRNA	chr9	97222602	97235017	+	1	0
ENSG00000235495.1	AC007422.1	lncRNA	chr2	67565604	67684077	-	12	6
ENSG00000235497.5	AC012506.4	lncRNA	chr2	23375229	23381299	-	1	1
ENSG00000235499.1	AC073046.1	lncRNA	chr2	73985132	73986343	+	1	0
ENSG00000235519.3	LINC01815	lncRNA	chr2	81461358	81467468	-	1	1
ENSG00000235522.6	AC010978.1	lncRNA	chr2	105846534	105857177	-	1	0
ENSG00000235530.7	AC087294.1	lncRNA	chr17	21214322	21230035	+	1	1
ENSG00000235531.11	MSC-AS1	lncRNA	chr8	71828167	72118393	+	85	25
ENSG00000235533.1	AL360089.1	lncRNA	chr9	14025971	14030115	+	1	1
ENSG00000235534.1	FECHP1	processed_pseudogene	chr3	34872641	34873854	+	1	1
ENSG00000235593.1	RBMS3-AS1	lncRNA	chr3	29926811	29934156	-	1	0
ENSG00000235597.2	LINC01102	lncRNA	chr2	104430130	104532747	+	9	7
ENSG00000235610.1	AC013448.2	lncRNA	chr2	223505476	223510933	+	1	1
ENSG00000235615.2	AJ239322.1	lncRNA	chr2	131964731	131979873	-	2	2
ENSG00000235635.1	AC016644.1	lncRNA	chr5	56941307	56947152	+	2	0
ENSG00000235641.5	LINC00484	lncRNA	chr9	91159573	91166272	+	1	0
ENSG00000235665.6	LINC00298	lncRNA	chr2	7922425	8278186	-	30	5
ENSG00000235724.10	AC009299.2	lncRNA	chr2	161222785	161308389	-	10	4
ENSG00000235725.1	AC007389.2	lncRNA	chr2	65589566	65640177	-	5	0
ENSG00000235726.7	AC010148.1	lncRNA	chr2	234803808	234913384	-	9	9
ENSG00000235770.6	LINC00607	lncRNA	chr2	215611563	215848954	-	22	13
ENSG00000235774.2	AC023347.1	lncRNA	chr2	126308494	126343992	+	3	3
ENSG00000235779.8	AC079779.3	lncRNA	chr2	290941	314373	-	2	1
ENSG00000235819.2	AL158828.1	lncRNA	chr9	86414201	86488607	+	7	7
ENSG00000235830.2	SRGAP3-AS4	lncRNA	chr3	9249742	9257507	+	2	0
ENSG00000235831.7	BHLHE40-AS1	lncRNA	chr3	4896809	4980414	-	8	7
ENSG00000235848.4	RMDN2-AS1	lncRNA	chr2	37949911	38067041	-	30	0
ENSG00000235852.1	AC005540.1	lncRNA	chr2	190880797	190882059	-	1	0
ENSG00000235865.2	GSN-AS1	lncRNA	chr9	121280768	121285530	-	1	0
ENSG00000235871.1	AC062016.2	processed_pseudogene	chr2	116818086	116818761	+	1	1
ENSG00000235880.1	AL158832.1	lncRNA	chr9	267966	273002	-	2	0
ENSG00000235885.8	LINC01828	lncRNA	chr2	67086446	67311439	+	20	3
ENSG00000235897.1	TM4SF19-AS1	lncRNA	chr3	196318330	196325570	+	9	0
ENSG00000235904.3	RBMS3-AS3	lncRNA	chr3	29054570	29290726	-	40	0
ENSG00000235934.2	AC007405.2	lncRNA	chr2	170814686	170818037	-	7	0
ENSG00000235968.1	FBXL12P1	processed_pseudogene	chr2	68023694	68024766	-	1	1
ENSG00000235978.6	AC018816.1	lncRNA	chr3	4814294	4887293	-	19	3
ENSG00000235979.9	AC004448.2	lncRNA	chr17	19417769	19492991	-	7	6
ENSG00000235997.3	LINC01936	lncRNA	chr2	30346623	30361010	+	1	1
ENSG00000236008.3	LINC01814	lncRNA	chr2	8461703	8592903	-	11	7
ENSG00000236032.3	OR5H14	protein_coding	chr3	98147479	98156614	+	33	33
ENSG00000236049.1	LINC01920	lncRNA	chr2	150552532	150572221	-	2	2
ENSG00000236062.1	GSTM5P1	processed_pseudogene	chr3	12257801	12258460	-	1	1
ENSG00000236068.2	NT5ELP	unitary_pseudogene	chr5	64404512	64486615	-	8	8
ENSG00000236088.10	COX10-AS1	lncRNA	chr17	13755574	14069495	-	30	27
ENSG00000236107.10	SCN1A-AS1	lncRNA	chr2	165957188	166390771	+	141	8
ENSG00000236109.2	AC013402.3	lncRNA	chr2	104583138	104621767	+	2	2
ENSG00000236115.1	AL136097.2	lncRNA	chr9	92205356	92210158	+	2	2
ENSG00000236116.1	AC064853.1	lncRNA	chr2	227616998	227617790	-	8	0
ENSG00000236130.2	PTCSC2	lncRNA	chr9	97699625	97853080	-	14	13
ENSG00000236141.2	AC013727.2	lncRNA	chr2	103856970	103880209	-	2	1
ENSG00000236145.1	AC079988.1	lncRNA	chr2	121178327	121182580	+	1	1
ENSG00000236156.2	CHCHD4P3	processed_pseudogene	chr9	37434177	37434586	+	1	0
ENSG00000236172.7	MIR7515HG	lncRNA	chr2	6615389	6651104	-	3	3
ENSG00000236193.3	LINC01953	lncRNA	chr2	213155806	213167712	-	1	1
ENSG00000236194.3	AC099811.1	lncRNA	chr17	42270517	42272683	-	1	0
ENSG00000236199.1	AL359076.1	lncRNA	chr9	2041900	2046023	-	11	0
ENSG00000236202.1	GRM7-AS1	lncRNA	chr3	7519741	7560333	-	5	0
ENSG00000236204.6	LINC01376	lncRNA	chr2	18986451	19348067	-	32	32
ENSG00000236213.2	AC006369.1	lncRNA	chr2	37562486	37646698	+	14	7
ENSG00000236234.1	AC091132.2	lncRNA	chr17	45452844	45464065	+	3	0
ENSG00000236252.2	AL512605.1	transcribed_processed_pseudogene	chr9	65219987	65230861	-	1	1
ENSG00000236254.1	MTND4P14	unprocessed_pseudogene	chr9	5107937	5109290	+	1	0
ENSG00000236259.1	PPIAP64	processed_pseudogene	chr2	68125265	68125747	+	1	0
ENSG00000236283.5	AC019197.1	lncRNA	chr2	164840661	165208261	+	61	17
ENSG00000236289.4	GACAT3	lncRNA	chr2	16013928	16087201	+	6	2
ENSG00000236297.1	AC048351.1	transcribed_processed_pseudogene	chr3	193578812	193593090	-	4	0
ENSG00000236306.3	LINC01241	lncRNA	chr9	25780032	25844585	+	6	6
ENSG00000236319.2	AC105021.1	transcribed_processed_pseudogene	chr17	55526964	55561577	-	4	4
ENSG00000236320.4	SLFN14	protein_coding	chr17	35543985	35560819	-	29	25
ENSG00000236330.1	RPL5P9	processed_pseudogene	chr2	110967834	110968719	+	1	0
ENSG00000236348.1	PSMC1P10	processed_pseudogene	chr2	17385091	17386417	+	1	1
ENSG00000236356.1	AC079584.1	lncRNA	chr2	143799467	143819599	+	2	2
ENSG00000236383.8	CCDC200	protein_coding	chr17	43216941	43305397	-	12	6
ENSG00000236385.1	AC026355.3	lncRNA	chr3	177621382	177628287	-	1	0
ENSG00000236391.3	AC092573.1	transcribed_processed_pseudogene	chr2	173338219	173356208	-	4	3
ENSG00000236397.3	DDX11L2	unprocessed_pseudogene	chr2	113599036	113601261	-	1	1
ENSG00000236403.2	AL353611.1	lncRNA	chr9	134936524	134943207	+	1	1
ENSG00000236404.10	VLDLR-AS1	lncRNA	chr9	2421597	2643359	-	33	19
ENSG00000236409.2	NRADDP	transcribed_unitary_pseudogene	chr3	47010824	47013465	+	1	1
ENSG00000236432.8	MFF-DT	lncRNA	chr2	227221052	227325711	-	57	2
ENSG00000236438.7	FAM157A	transcribed_unprocessed_pseudogene	chr3	198153287	198222513	+	1	1
ENSG00000236445.5	LINC00608	lncRNA	chr2	218975393	218989940	+	4	1
ENSG00000236449.2	AC010894.2	lncRNA	chr2	174547141	174776720	+	57	7
ENSG00000236451.3	AC067956.1	lncRNA	chr2	220450679	220741493	+	25	25
ENSG00000236452.1	AC123023.1	lncRNA	chr3	34203244	34268811	+	6	0
ENSG00000236457.1	AC090617.1	lncRNA	chr17	2215482	2216015	-	1	0
ENSG00000236461.1	AL162425.1	lncRNA	chr9	115119539	115138409	-	2	0
ENSG00000236469.1	AC007881.2	lncRNA	chr2	71002531	71064743	-	6	5
ENSG00000236472.1	AC002401.1	lncRNA	chr17	50135586	50146176	+	2	0
ENSG00000236485.1	LINC01945	lncRNA	chr2	131983937	131994161	-	1	1
ENSG00000236498.1	AC107081.1	lncRNA	chr2	61868432	61886082	+	6	0
ENSG00000236501.6	AC074286.1	lncRNA	chr2	176989418	177164656	-	15	10
ENSG00000236504.2	AC087499.5	unprocessed_pseudogene	chr17	20647287	20681799	+	3	3
ENSG00000236508.1	ATP13A5-AS1	lncRNA	chr3	193307244	193314362	+	2	0
ENSG00000236511.2	LINC01231	lncRNA	chr9	3181342	3200445	+	2	2
ENSG00000236516.1	KLF2P4	processed_pseudogene	chr2	131299220	131300444	-	1	0
ENSG00000236538.1	ZNF863P	processed_pseudogene	chr2	52071355	52077197	+	1	0
ENSG00000236543.3	AL354761.1	protein_coding	chr9	135604345	135619893	+	16	16
ENSG00000236572.1	AC006369.2	lncRNA	chr2	37744333	37747046	+	1	1
ENSG00000236618.2	PITPNA-AS1	lncRNA	chr17	1516931	1518096	+	1	0
ENSG00000236637.4	IFNA4	protein_coding	chr9	21186694	21187671	-	3	3
ENSG00000236653.3	LINC01923	lncRNA	chr2	198299276	198375490	-	7	0
ENSG00000236658.1	AL161733.1	lncRNA	chr9	130933851	130945520	+	2	1
ENSG00000236664.1	AC011998.2	lncRNA	chr2	177953111	178011989	-	5	0
ENSG00000236665.1	AC114808.2	lncRNA	chr2	1158310	1160424	-	1	0
ENSG00000236682.2	MAP3K2-DT	lncRNA	chr2	127388184	127400580	+	3	1
ENSG00000236686.1	BZW1P1	processed_pseudogene	chr3	172425850	172427089	-	1	1
ENSG00000236687.1	AL160271.2	lncRNA	chr9	131816192	131820988	+	1	1
ENSG00000236691.3	NDUFA4P2	processed_pseudogene	chr3	103240987	103241230	+	1	1
ENSG00000236714.3	LINC01844	lncRNA	chr5	142716229	142761035	+	4	3
ENSG00000236717.2	AL354751.2	unprocessed_pseudogene	chr9	92150382	92157445	-	1	0
ENSG00000236733.1	AL354794.1	lncRNA	chr9	68822403	68843275	-	2	0
ENSG00000236736.1	UQCRC2P1	processed_pseudogene	chr3	46310591	46311922	-	1	1
ENSG00000236760.1	AC019118.2	lncRNA	chr2	3131581	3145780	-	1	1
ENSG00000236763.2	TRMT112P4	processed_pseudogene	chr9	101356466	101356844	-	1	0
ENSG00000236780.7	LINC01829	lncRNA	chr2	67123357	67397980	-	25	8
ENSG00000236785.1	SDR42E1P5	processed_pseudogene	chr2	102411243	102412108	+	1	1
ENSG00000236790.6	LINC00299	lncRNA	chr2	7988683	8488090	-	44	17
ENSG00000236796.1	AL157884.3	unprocessed_pseudogene	chr9	32836575	32869595	-	3	3
ENSG00000236816.3	ANKRD20A7P	transcribed_unprocessed_pseudogene	chr9	42830337	42950827	+	11	11
ENSG00000236819.2	LINC01563	lncRNA	chr17	21075362	21092351	+	2	2
ENSG00000236827.1	LINC00529	lncRNA	chr8	11247626	11267865	-	2	2
ENSG00000236854.2	LINC00486	lncRNA	chr2	32927085	32946149	+	2	2
ENSG00000236856.1	AC105393.2	lncRNA	chr2	388412	416885	+	3	3
ENSG00000236859.7	NIFK-AS1	lncRNA	chr2	121649320	121728563	+	10	5
ENSG00000236864.1	AC068295.1	lncRNA	chr3	187932764	187946221	-	1	1
ENSG00000236869.1	ZKSCAN7-AS1	lncRNA	chr3	44557357	44685653	-	23	1
ENSG00000236882.8	LINC01554	lncRNA	chr5	95838245	95860133	+	2	0
ENSG00000236885.2	AC018731.1	lncRNA	chr2	151114811	151186209	-	6	6
ENSG00000236886.2	AC007563.2	lncRNA	chr2	216694464	216994079	+	28	25
ENSG00000236921.1	AL157937.1	lncRNA	chr9	22203990	22214672	-	13	13
ENSG00000236924.1	AL162411.1	lncRNA	chr9	6645956	6670635	+	2	2
ENSG00000236956.2	NF1P8	unprocessed_pseudogene	chr2	131189834	131198007	-	1	0
ENSG00000236977.1	ANKRD44-IT1	lncRNA	chr2	197250858	197302519	-	5	0
ENSG00000236980.10	C3orf84	protein_coding	chr3	49177634	49191858	-	3	3
ENSG00000236986.6	AL157938.2	lncRNA	chr9	131132852	131167505	-	8	0
ENSG00000236989.5	AC130710.1	lncRNA	chr2	16085222	16105841	-	2	2
ENSG00000237013.1	LINC01812	lncRNA	chr2	67796054	67825562	-	3	3
ENSG00000237031.7	AC008067.1	lncRNA	chr2	80572681	80618777	-	8	0
ENSG00000237035.1	AC020719.1	lncRNA	chr2	198187802	198191521	-	1	0
ENSG00000237057.3	LINC02087	lncRNA	chr17	15806241	15847996	-	4	2
ENSG00000237073.1	AL162727.2	lncRNA	chr9	113570190	113590019	-	10	0
ENSG00000237077.1	RPL38P2	transcribed_processed_pseudogene	chr2	77788382	77793087	+	1	0
ENSG00000237126.8	AC073254.1	lncRNA	chr2	232580948	232611971	-	6	2
ENSG00000237133.1	RASGRP3-AS1	lncRNA	chr2	33555047	33563547	-	8	0
ENSG00000237153.4	AL162725.2	lncRNA	chr9	16917511	17114122	+	18	17
ENSG00000237159.6	CNTFR-AS1	lncRNA	chr9	34568012	34583072	+	2	0
ENSG00000237166.2	LINC01792	lncRNA	chr2	200711535	200735186	-	2	0
ENSG00000237167.1	AC128709.3	lncRNA	chr3	197458405	197467105	+	1	1
ENSG00000237187.9	NR2F1-AS1	lncRNA	chr5	93360779	93585649	-	12	12
ENSG00000237190.4	CDKN2AIPNL	protein_coding	chr5	134402065	134411881	-	1	1
ENSG00000237194.1	SNAI1P1	processed_pseudogene	chr2	209808804	209809580	+	1	0
ENSG00000237212.2	AL449403.1	lncRNA	chr9	96065740	96101912	+	3	0
ENSG00000237222.4	LINC01968	lncRNA	chr3	194708093	194826008	+	11	9
ENSG00000237223.6	SULT1C2P1	transcribed_unprocessed_pseudogene	chr2	108322238	108353799	+	2	2
ENSG00000237238.3	BMS1P10	transcribed_unprocessed_pseudogene	chr9	63299453	63385117	-	4	3
ENSG00000237271.2	AC009498.1	lncRNA	chr2	204219984	204234985	-	1	1
ENSG00000237281.1	CATIP-AS2	lncRNA	chr2	218326889	218357966	-	14	1
ENSG00000237293.1	AC007099.2	lncRNA	chr2	75474453	75482579	+	1	0
ENSG00000237298.10	TTN-AS1	lncRNA	chr2	178521183	178779963	+	152	0
ENSG00000237326.1	AC113608.1	lncRNA	chr2	15801747	15810877	-	1	1
ENSG00000237327.1	UPP2-IT1	lncRNA	chr2	158127957	158133988	+	1	0
ENSG00000237339.5	LINC01502	lncRNA	chr9	135574935	135587112	+	2	2
ENSG00000237359.2	AL354977.2	lncRNA	chr9	3630947	3648390	+	2	0
ENSG00000237372.4	UNQ6494	lncRNA	chr9	89639814	89719759	+	7	7
ENSG00000237377.2	AC005703.1	lncRNA	chr17	15276562	15279477	-	1	0
ENSG00000237380.7	HOXD-AS2	lncRNA	chr2	176121611	176137098	-	10	3
ENSG00000237401.8	LINC01304	lncRNA	chr2	3957652	3974124	-	2	2
ENSG00000237412.7	PRSS56	protein_coding	chr2	232520388	232525716	+	14	14
ENSG00000237422.2	AL158071.3	lncRNA	chr9	91077138	91163087	-	8	3
ENSG00000237437.1	ASS1P12	processed_pseudogene	chr9	32945996	32947222	+	1	0
ENSG00000237442.3	HNRNPA1P57	transcribed_processed_pseudogene	chr2	41143780	41157555	+	1	1
ENSG00000237451.3	CDK2AP2P2	processed_pseudogene	chr9	62844818	62845184	+	1	1
ENSG00000237461.2	AL359710.1	lncRNA	chr9	99396987	99819921	-	20	0
ENSG00000237473.2	AC068759.1	lncRNA	chr3	173153737	173336965	+	13	13
ENSG00000237477.1	AC093911.1	lncRNA	chr2	179273831	179285707	+	1	1
ENSG00000237479.1	AC007557.4	lncRNA	chr2	216866332	216867813	-	1	0
ENSG00000237498.3	AC010105.1	lncRNA	chr2	82476825	82538711	-	5	5
ENSG00000237522.1	NONOP2	processed_pseudogene	chr2	60936819	60938049	-	1	1
ENSG00000237524.10	TEX51	protein_coding	chr2	126898864	126902097	+	10	10
ENSG00000237525.7	AC012668.3	lncRNA	chr2	215533133	215713895	+	17	7
ENSG00000237548.1	TTLL11-IT1	lncRNA	chr9	121884636	121963719	-	7	0
ENSG00000237560.7	LINC01497	lncRNA	chr17	69961568	69994845	+	3	3
ENSG00000237574.1	LINC01856	lncRNA	chr2	129923177	129946703	+	3	2
ENSG00000237581.1	AC005538.1	lncRNA	chr2	233946146	233955435	-	7	0
ENSG00000237626.2	AL161629.1	lncRNA	chr9	89825964	90019549	+	18	18
ENSG00000237633.4	AC104623.1	lncRNA	chr2	16523176	16555564	+	12	3
ENSG00000237638.2	LINC02245	lncRNA	chr2	64901840	65056168	-	28	7
ENSG00000237651.7	C2orf74	protein_coding	chr2	61145068	61164828	+	9	0
ENSG00000237655.1	AC073834.1	lncRNA	chr2	177603089	177618572	+	25	1
ENSG00000237667.7	LINC01115	lncRNA	chr2	779840	868608	-	9	9
ENSG00000237693.4	IRGM	protein_coding	chr5	150846523	150900736	+	39	30
ENSG00000237705.1	AC008937.2	lncRNA	chr5	56842016	56862164	-	3	0
ENSG00000237714.1	P4HA2-AS1	lncRNA	chr5	132184876	132192808	+	8	1
ENSG00000237720.2	AC011995.2	lncRNA	chr2	2707368	2840512	-	13	13
ENSG00000237732.9	CT75	transcribed_unprocessed_pseudogene	chr2	222318275	222352989	+	7	3
ENSG00000237734.1	AL163192.1	lncRNA	chr9	27391734	27397563	+	1	0
ENSG00000237737.6	DCTN1-AS1	lncRNA	chr2	74385474	74393882	+	2	0
ENSG00000237743.3	FBP2P1	transcribed_unprocessed_pseudogene	chr9	87810642	87837225	-	3	2
ENSG00000237750.2	KCNH7-AS1	lncRNA	chr2	162768936	162797972	+	3	0
ENSG00000237753.2	AC079922.2	lncRNA	chr2	112641832	112645720	-	1	1
ENSG00000237772.2	LINC02631	lncRNA	chr2	138601599	138617469	+	2	2
ENSG00000237787.5	LINC02877	lncRNA	chr3	153431856	153502697	+	6	0
ENSG00000237798.1	AC010894.3	lncRNA	chr2	174575227	174587726	+	1	0
ENSG00000237803.6	LINC00211	lncRNA	chr2	37820498	37876274	-	5	5
ENSG00000237807.4	AC022034.1	lncRNA	chr8	53493523	53524336	-	3	3
ENSG00000237838.1	AC092422.1	lncRNA	chr3	24687919	25174305	+	45	45
ENSG00000237843.2	AC016903.2	lncRNA	chr2	204473834	204507672	+	2	2
ENSG00000237844.2	AC016766.1	lncRNA	chr2	163743913	164352223	-	55	55
ENSG00000237854.3	LINC00674	transcribed_unprocessed_pseudogene	chr17	68101908	68115518	+	1	1
ENSG00000237856.1	AC062020.1	lncRNA	chr2	123065321	123067722	+	1	0
ENSG00000237877.7	LINC01473	lncRNA	chr2	186032884	186422432	-	37	36
ENSG00000237880.2	LINC01885	lncRNA	chr2	107382715	107748270	-	34	26
ENSG00000237883.2	DGUOK-AS1	lncRNA	chr2	73947322	73981441	-	4	2
ENSG00000237886.1	NALT1	lncRNA	chr9	136546212	136549893	+	1	1
ENSG00000237940.3	LINC01238	lncRNA	chr2	241970683	241977276	+	1	0
ENSG00000237978.6	KCNMB2-AS1	lncRNA	chr3	178526505	178937352	-	52	8
ENSG00000237982.1	AP006193.1	processed_pseudogene	chr3	38270283	38270767	-	1	0
ENSG00000237990.3	CNTN4-AS1	lncRNA	chr3	3039033	3069242	-	24	2
ENSG00000237992.3	LINC01808	lncRNA	chr2	19468997	19520095	+	5	5
ENSG00000238000.1	PSME2P1	processed_pseudogene	chr5	98213402	98214121	+	1	1
ENSG00000238018.2	AC093110.1	lncRNA	chr2	54661011	54680045	-	19	3
ENSG00000238020.1	HTR3E-AS1	lncRNA	chr3	184095118	184105178	-	7	1
ENSG00000238029.1	RALBP1P2	processed_pseudogene	chr2	100425348	100426107	+	1	1
ENSG00000238031.1	AC090505.2	lncRNA	chr3	194827890	194832592	+	1	1
ENSG00000238043.1	AC024559.1	lncRNA	chr3	193980614	194006098	+	2	0
ENSG00000238058.2	AL355574.1	lncRNA	chr9	135907812	135916126	+	1	1
ENSG00000238062.6	SPATA3-AS1	lncRNA	chr2	230984368	230996032	-	4	0
ENSG00000238097.2	LINC02037	lncRNA	chr3	194247638	194260720	+	1	1
ENSG00000238110.1	AL353572.2	processed_pseudogene	chr9	87944276	87945023	-	1	1
ENSG00000238133.6	MAP3K20-AS1	lncRNA	chr2	173166446	173282036	-	45	1
ENSG00000238160.1	LINC02863	lncRNA	chr5	132419416	132426714	-	2	0
ENSG00000238171.1	AC068196.1	lncRNA	chr2	181076051	181105968	-	3	1
ENSG00000238207.2	AC009312.1	lncRNA	chr2	117754139	117804174	-	5	5
ENSG00000238212.3	LINC02096	lncRNA	chr17	14834557	14957216	+	11	11
ENSG00000238217.6	LINC01877	lncRNA	chr2	199608068	199750341	+	13	13
ENSG00000238227.8	TMEM250	protein_coding	chr9	136114581	136118875	-	6	6
ENSG00000238245.2	MYO5BP2	processed_pseudogene	chr9	62857208	62858484	+	1	0
ENSG00000238273.3	AC108058.1	lncRNA	chr2	105363038	105378839	+	3	0
ENSG00000238277.1	AC068483.1	lncRNA	chr2	129063846	129071725	-	1	1
ENSG00000238278.3	ALG1L6P	unprocessed_pseudogene	chr3	75415070	75422143	+	1	1
ENSG00000238542.1	RNU7-104P	snRNA	chr2	178831371	178831449	-	1	0
ENSG00000238650.1	SNORD54	snoRNA	chr8	56073835	56073901	-	1	0
ENSG00000238755.3	LINC02006	lncRNA	chr3	153384934	153980186	-	55	44
ENSG00000238837.3	LINC02031	lncRNA	chr3	182644214	182655880	+	1	1
ENSG00000239108.1	RNU6-1132P	snRNA	chr2	132152243	132152349	-	1	0
ENSG00000239203.1	AC093484.1	lncRNA	chr17	16427474	16428719	+	1	0
ENSG00000239205.1	LINC02023	lncRNA	chr3	165150006	165158062	-	1	1
ENSG00000239213.6	NCK1-DT	lncRNA	chr3	136835345	136862618	-	11	0
ENSG00000239219.2	AC008040.1	lncRNA	chr3	169939353	169966734	-	3	2
ENSG00000239265.5	CLRN1-AS1	lncRNA	chr3	150852484	151080726	+	43	3
ENSG00000239268.3	AC092691.1	lncRNA	chr3	117672154	117997592	-	27	20
ENSG00000239300.6	AC080162.1	lncRNA	chr2	9501466	9512413	+	3	0
ENSG00000239305.7	RNF103	protein_coding	chr2	86603398	86623866	-	26	0
ENSG00000239311.1	AC092916.1	lncRNA	chr3	111466313	111497095	-	2	0
ENSG00000239314.1	MORC1-AS1	lncRNA	chr3	109101456	109110342	+	1	0
ENSG00000239322.1	ATP6V1B1-AS1	lncRNA	chr2	70941817	70948610	-	7	0
ENSG00000239332.6	LINC01119	lncRNA	chr2	46816697	46859007	+	4	3
ENSG00000239381.7	AC125613.1	lncRNA	chr3	181534177	181700611	-	14	0
ENSG00000239388.9	ASB14	protein_coding	chr3	57268342	57292685	-	15	4
ENSG00000239389.8	PCDHA13	protein_coding	chr5	140882124	141012347	+	25	0
ENSG00000239440.6	LINC02008	lncRNA	chr3	81986138	82463675	+	41	41
ENSG00000239445.6	ST3GAL6-AS1	lncRNA	chr3	98706236	98732757	-	3	3
ENSG00000239454.1	LINC02047	lncRNA	chr3	73999805	74005609	+	1	1
ENSG00000239462.1	AC091212.1	lncRNA	chr3	98902424	99018562	+	10	10
ENSG00000239467.6	AC007405.3	lncRNA	chr2	170766878	170778729	+	1	0
ENSG00000239474.7	KLHL41	protein_coding	chr2	169509702	169526258	+	5	0
ENSG00000239482.6	AC112487.1	lncRNA	chr3	112302478	112332791	+	4	3
ENSG00000239498.1	AC019211.1	lncRNA	chr2	220105656	220450778	+	33	25
ENSG00000239508.1	PLCH1-AS1	lncRNA	chr3	155449184	155457753	+	1	0
ENSG00000239513.6	LINC01210	lncRNA	chr3	137771660	137780882	+	1	1
ENSG00000239519.1	CADM2-AS1	lncRNA	chr3	85992183	86028007	-	4	0
ENSG00000239523.6	MYLK-AS1	lncRNA	chr3	123585300	123644568	+	31	3
ENSG00000239552.2	HOXB-AS2	lncRNA	chr17	48557262	48560333	+	1	0
ENSG00000239557.1	PPP2R5CP	processed_pseudogene	chr3	52373652	52374882	+	1	0
ENSG00000239572.3	AC108749.1	lncRNA	chr3	87641412	87793629	-	16	15
ENSG00000239589.7	LINC00879	lncRNA	chr3	94937980	95168351	+	22	22
ENSG00000239593.1	AL513122.2	lncRNA	chr9	121279863	121282730	-	1	0
ENSG00000239605.11	STPG4	protein_coding	chr2	47045538	47155308	-	49	0
ENSG00000239607.3	RN7SL573P	misc_RNA	chr17	75041740	75042015	+	2	0
ENSG00000239620.3	PRR20G	protein_coding	chr3	127283783	127288046	-	6	6
ENSG00000239628.1	AC073288.1	lncRNA	chr3	170345678	170353961	+	1	1
ENSG00000239642.6	MEIKIN	protein_coding	chr5	131806990	131945698	-	16	1
ENSG00000239649.3	MYADML	transcribed_processed_pseudogene	chr2	33722721	33728207	-	1	0
ENSG00000239653.1	PSMD6-AS2	lncRNA	chr3	64004022	64012148	+	2	0
ENSG00000239672.8	NME1	protein_coding	chr17	51153559	51162428	+	16	0
ENSG00000239677.6	PDZRN3-AS1	lncRNA	chr3	73621713	73626796	+	3	0
ENSG00000239697.11	TNFSF12	protein_coding	chr17	7549058	7557890	+	10	1
ENSG00000239699.1	HNRNPA3P8	processed_pseudogene	chr3	80216261	80217234	+	1	1
ENSG00000239704.11	CDRT4	protein_coding	chr17	15436015	15503608	-	14	0
ENSG00000239705.2	AL354710.2	lncRNA	chr9	125241663	125257071	+	1	1
ENSG00000239718.1	HLTF-AS1	lncRNA	chr3	149086332	149102823	+	2	2
ENSG00000239732.4	TLR9	protein_coding	chr3	52221080	52225645	-	2	0
ENSG00000239767.2	AC108733.1	lncRNA	chr3	86258936	86267424	-	1	1
ENSG00000239774.1	AC125618.1	lncRNA	chr3	180566718	180601935	-	3	3
ENSG00000239779.7	WBP1	protein_coding	chr2	74458400	74460891	+	2	0
ENSG00000239799.1	ITIH4-AS1	lncRNA	chr3	52823935	52825314	+	7	0
ENSG00000239801.1	DENND6A-AS1	lncRNA	chr3	57628810	57654918	+	3	0
ENSG00000239828.7	AC063944.1	lncRNA	chr3	107272611	107421338	-	14	7
ENSG00000239829.1	KRT8P25	processed_pseudogene	chr3	87323268	87324723	+	1	1
ENSG00000239835.1	AC092910.1	processed_pseudogene	chr3	120028740	120029868	+	1	0
ENSG00000239839.7	DEFA3	protein_coding	chr8	7015869	7018297	-	2	2
ENSG00000239921.6	LINC01471	lncRNA	chr3	127480690	127537817	-	5	5
ENSG00000239922.2	AC092958.1	lncRNA	chr3	147939905	148007127	+	6	6
ENSG00000239941.1	AC108718.1	lncRNA	chr3	152118173	152151724	-	3	3
ENSG00000239946.1	ZBTB20-AS3	lncRNA	chr3	114873114	114876514	+	2	0
ENSG00000239959.1	ENPP7P2	unprocessed_pseudogene	chr3	75446769	75491202	-	5	0
ENSG00000239975.2	IGKV1D-33	IG_V_gene	chr2	89913982	89916052	+	1	1
ENSG00000239991.1	AC092059.1	lncRNA	chr3	55166910	55175732	-	1	1
ENSG00000240012.1	SLC9A9-AS1	lncRNA	chr3	143342246	143347071	+	1	0
ENSG00000240024.5	LINC00888	transcribed_unprocessed_pseudogene	chr3	183447608	183456013	+	1	1
ENSG00000240033.1	AC069439.2	lncRNA	chr3	166835021	166844956	-	1	1
ENSG00000240040.6	AC244205.1	lncRNA	chr2	88811186	88861563	-	5	4
ENSG00000240045.2	STRIT1	protein_coding	chr3	155290227	155293683	-	4	3
ENSG00000240057.6	AC078785.1	lncRNA	chr3	113019468	113184377	+	17	11
ENSG00000240063.1	AC069431.1	lncRNA	chr3	182783236	182793394	-	1	1
ENSG00000240083.2	RPS3AP22	processed_pseudogene	chr5	88381957	88382725	+	1	0
ENSG00000240086.7	AC092969.1	lncRNA	chr3	135138469	135439888	-	32	16
ENSG00000240128.1	KRT18P43	processed_pseudogene	chr3	169902980	169904260	-	1	1
ENSG00000240137.6	ERICH6-AS1	lncRNA	chr3	150703564	150723005	+	5	2
ENSG00000240175.1	MAGI1-AS1	lncRNA	chr3	65893816	65925297	+	3	0
ENSG00000240184.7	PCDHGC3	protein_coding	chr5	141475947	141512977	+	19	0
ENSG00000240198.5	ARHGEF3-AS1	lncRNA	chr3	56940040	56960854	+	1	0
ENSG00000240207.7	AC080013.1	lncRNA	chr3	158732263	158784070	+	14	0
ENSG00000240216.7	CPHL1P	transcribed_unitary_pseudogene	chr3	149229356	149291800	-	6	5
ENSG00000240224.1	UGT1A5	protein_coding	chr2	233712992	233773299	+	42	0
ENSG00000240237.1	AF305872.1	processed_pseudogene	chr8	133002605	133003075	-	2	0
ENSG00000240241.5	AC108752.1	lncRNA	chr3	78266940	78294731	+	3	3
ENSG00000240253.6	FAR2P3	transcribed_unprocessed_pseudogene	chr2	130690133	130718831	+	1	1
ENSG00000240254.2	B4GALT4-AS1	lncRNA	chr3	119226486	119290666	+	23	4
ENSG00000240280.7	TCAM1P	transcribed_unitary_pseudogene	chr17	63849292	63864379	+	1	1
ENSG00000240286.1	MEAF6P1	processed_pseudogene	chr2	209178804	209182018	+	1	0
ENSG00000240288.8	GHRLOS	lncRNA	chr3	10285754	10294903	+	9	0
ENSG00000240303.8	ACAD11	protein_coding	chr3	132558138	132660082	-	22	0
ENSG00000240344.9	PPIL3	protein_coding	chr2	200870907	200889303	-	5	5
ENSG00000240350.3	SOCAR	lncRNA	chr2	111491272	111570974	+	7	0
ENSG00000240356.6	RPL23AP7	transcribed_processed_pseudogene	chr2	113610502	113627090	-	2	2
ENSG00000240373.1	SEC62-AS1	lncRNA	chr3	169978536	169985715	-	4	0
ENSG00000240375.1	VPS26AP1	processed_pseudogene	chr3	113919222	113920200	+	1	0
ENSG00000240401.9	AC012358.2	lncRNA	chr2	55282350	55346049	+	70	0
ENSG00000240405.7	SAMMSON	lncRNA	chr3	69999550	70518064	+	53	38
ENSG00000240423.3	LINC00636	lncRNA	chr3	107834586	107928907	+	8	4
ENSG00000240429.1	LRRFIP1P1	processed_pseudogene	chr3	179259028	179261273	-	3	0
ENSG00000240445.6	FOXO3B	protein_coding	chr17	18667629	18682314	-	19	0
ENSG00000240471.1	PHBP8	processed_pseudogene	chr3	119791829	119792553	+	1	0
ENSG00000240477.1	AC022494.1	processed_pseudogene	chr3	150050729	150051456	+	1	0
ENSG00000240497.3	AC092919.1	lncRNA	chr3	171459248	171469702	+	2	1
ENSG00000240498.9	CDKN2B-AS1	lncRNA	chr9	21994139	22128103	+	347	261
ENSG00000240505.9	TNFRSF13B	protein_coding	chr17	16929816	16972118	-	26	19
ENSG00000240521.1	AC092979.1	lncRNA	chr3	148850933	148960112	-	24	5
ENSG00000240535.8	AC034238.1	lncRNA	chr5	55021299	55042844	-	5	1
ENSG00000240541.3	TM4SF1-AS1	lncRNA	chr3	149377778	149386583	+	1	1
ENSG00000240542.4	KRTAP9-1	protein_coding	chr17	41189887	41190639	+	1	1
ENSG00000240567.1	LINC02067	lncRNA	chr3	161426427	161448242	+	2	2
ENSG00000240596.1	KCNAB1-AS2	lncRNA	chr3	156215560	156227883	-	1	0
ENSG00000240602.7	AADACP1	transcribed_unprocessed_pseudogene	chr3	151770428	151784894	+	2	0
ENSG00000240661.3	AC063952.1	transcribed_unitary_pseudogene	chr3	120349449	120423826	+	29	4
ENSG00000240666.2	MME-AS1	lncRNA	chr3	155158370	155183285	-	12	0
ENSG00000240682.10	ISY1	protein_coding	chr3	129127415	129161063	-	6	0
ENSG00000240687.2	AC082651.1	lncRNA	chr2	9638745	9712920	+	7	4
ENSG00000240694.9	PNMA2	protein_coding	chr8	26504701	26514092	-	10	9
ENSG00000240708.2	LINC02030	lncRNA	chr3	55226862	55300738	+	7	7
ENSG00000240747.8	KRBOX1	protein_coding	chr3	42809483	42942792	+	36	0
ENSG00000240761.1	AC098831.1	processed_pseudogene	chr2	202773720	202774360	-	1	0
ENSG00000240764.4	PCDHGC5	protein_coding	chr5	141489081	141512975	+	13	0
ENSG00000240792.2	AC079910.1	lncRNA	chr3	163455568	163479500	+	2	2
ENSG00000240809.1	CAP1P1	processed_pseudogene	chr3	76434018	76435428	+	1	0
ENSG00000240824.1	MTND3P7	processed_pseudogene	chr3	166160777	166161119	-	1	1
ENSG00000240827.1	AC021660.1	processed_pseudogene	chr3	98620065	98620618	+	1	1
ENSG00000240828.1	RPL21P4	processed_pseudogene	chr17	43079302	43079780	+	1	0
ENSG00000240842.2	AC099328.2	lncRNA	chr3	69564106	69571172	-	1	1
ENSG00000240871.5	KRTAP4-7	protein_coding	chr17	41084150	41085141	+	2	2
ENSG00000240875.6	LINC00886	lncRNA	chr3	156747343	156817062	-	6	5
ENSG00000240890.2	AC020633.1	processed_pseudogene	chr3	132386522	132389074	+	1	1
ENSG00000240891.8	PLCXD2	protein_coding	chr3	111674676	111846447	+	29	17
ENSG00000240893.1	LINC02042	lncRNA	chr3	112736447	112749319	-	1	1
ENSG00000240915.2	AC120042.1	lncRNA	chr8	63013068	63014681	+	5	2
ENSG00000240922.1	LSAMP-AS1	lncRNA	chr3	116360024	116370090	+	1	0
ENSG00000240935.6	PLGLA	transcribed_unprocessed_pseudogene	chr2	106382171	106393031	+	1	1
ENSG00000240980.1	AC093904.1	lncRNA	chr2	9143166	9146106	+	1	1
ENSG00000241048.1	AC117386.1	lncRNA	chr3	150202174	150225190	-	2	1
ENSG00000241098.1	LINC01994	lncRNA	chr3	182446970	182486364	-	3	3
ENSG00000241111.1	PRICKLE2-AS1	lncRNA	chr3	64067964	64103131	+	19	2
ENSG00000241119.2	UGT1A9	protein_coding	chr2	233671898	233773300	+	65	0
ENSG00000241131.2	LINC02032	lncRNA	chr3	148076432	148089134	+	2	1
ENSG00000241135.6	LINC00881	lncRNA	chr3	157089634	157135557	+	4	1
ENSG00000241151.1	LINC02066	lncRNA	chr3	151637174	151657966	+	2	2
ENSG00000241158.7	ADAMTS9-AS1	lncRNA	chr3	64561322	64592757	+	8	0
ENSG00000241163.8	LINC00877	lncRNA	chr3	71943592	72279503	-	32	25
ENSG00000241168.1	AC128685.1	lncRNA	chr3	163026396	163232149	+	19	8
ENSG00000241185.2	AC005410.1	transcribed_processed_pseudogene	chr17	11998353	12021508	-	3	3
ENSG00000241186.10	TDGF1	protein_coding	chr3	46574534	46582457	+	16	0
ENSG00000241213.2	LINC02024	lncRNA	chr3	117678693	117691005	-	1	0
ENSG00000241219.1	AC078785.2	lncRNA	chr3	113050912	113063443	-	1	0
ENSG00000241220.1	AC078788.1	lncRNA	chr3	153357107	153374186	+	1	1
ENSG00000241224.8	C3orf85	protein_coding	chr3	109118252	109151401	+	19	19
ENSG00000241231.2	AC068308.1	lncRNA	chr3	181372732	181442597	-	6	0
ENSG00000241241.1	KRTAP4-16	protein_coding	chr17	41101502	41102209	-	4	4
ENSG00000241278.1	ENPP7P4	transcribed_unprocessed_pseudogene	chr3	125848223	125909372	+	6	0
ENSG00000241280.1	AC106712.1	lncRNA	chr3	101960358	101997926	+	3	0
ENSG00000241288.8	LINC02614	lncRNA	chr3	125827238	125916384	-	9	0
ENSG00000241313.3	WWTR1-AS1	lncRNA	chr3	149656999	149661364	+	4	0
ENSG00000241316.8	SUCLG2-AS1	lncRNA	chr3	67654669	67947713	+	22	22
ENSG00000241322.11	CDRT1	protein_coding	chr17	15565483	15619704	-	37	1
ENSG00000241328.1	LINC02070	lncRNA	chr3	86481943	86496996	+	2	2
ENSG00000241336.2	LINC01487	lncRNA	chr3	155240919	155258766	+	1	1
ENSG00000241358.1	AC069528.1	transcribed_processed_pseudogene	chr3	146391363	146416603	-	6	2
ENSG00000241359.1	SYNPR-AS1	lncRNA	chr3	63423596	63550051	-	13	0
ENSG00000241369.6	LINC01192	lncRNA	chr3	163109152	163361563	-	23	12
ENSG00000241383.2	LINC01997	lncRNA	chr3	169003022	169038416	+	3	3
ENSG00000241397.1	LINC00903	lncRNA	chr3	116552473	116568264	+	1	0
ENSG00000241399.7	CD302	protein_coding	chr2	159768628	159798255	-	14	1
ENSG00000241409.1	AC064852.1	lncRNA	chr2	232760146	232767949	-	5	0
ENSG00000241457.1	PLSCR5-AS1	lncRNA	chr3	146589602	146590325	+	1	0
ENSG00000241469.9	LINC00635	lncRNA	chr3	107840228	107882250	-	4	0
ENSG00000241472.7	PTPRG-AS1	lncRNA	chr3	62221249	62369406	-	17	6
ENSG00000241479.1	MECOM-AS1	lncRNA	chr3	169447867	169477052	+	2	0
ENSG00000241490.1	AC093010.1	lncRNA	chr3	114214313	114236204	+	4	2
ENSG00000241525.4	AC141424.1	lncRNA	chr17	404468	414023	-	7	1
ENSG00000241544.2	LINC02029	lncRNA	chr3	157081738	157088547	+	1	0
ENSG00000241553.13	ARPC4	protein_coding	chr3	9792495	9807101	+	4	0
ENSG00000241560.7	ZBTB20-AS1	lncRNA	chr3	114351771	114388978	+	7	0
ENSG00000241570.8	PAQR9-AS1	lncRNA	chr3	142960650	143001559	+	10	0
ENSG00000241572.1	PRICKLE2-AS1	lncRNA	chr3	64099273	64101122	+	2	0
ENSG00000241593.5	AC099542.1	lncRNA	chr3	81246579	81297345	-	4	4
ENSG00000241595.2	KRTAP9-4	protein_coding	chr17	41249687	41250653	+	2	2
ENSG00000241627.3	UBQLN4P1	processed_pseudogene	chr3	148985868	148987668	-	1	1
ENSG00000241635.8	UGT1A1	protein_coding	chr2	233760270	233773300	+	8	0
ENSG00000241636.1	LINC01323	lncRNA	chr3	164670878	164686076	-	2	2
ENSG00000241648.1	CADM2-AS2	lncRNA	chr3	85799987	85828050	-	3	0
ENSG00000241669.1	LINC01327	lncRNA	chr3	167392796	167408519	+	2	0
ENSG00000241679.2	AC018450.1	lncRNA	chr3	143123362	143131893	+	3	0
ENSG00000241684.6	ADAMTS9-AS2	lncRNA	chr3	64684909	65053439	+	35	34
ENSG00000241696.2	LINC02053	lncRNA	chr3	180413008	180476778	+	5	5
ENSG00000241697.5	TMEFF1	protein_coding	chr9	100473149	100577636	+	14	0
ENSG00000241738.1	ZNF90P1	processed_pseudogene	chr3	101357292	101359242	+	1	0
ENSG00000241754.2	AC063938.1	lncRNA	chr3	102621061	102673986	-	5	5
ENSG00000241767.2	LINC01324	lncRNA	chr3	164714095	164831480	-	11	11
ENSG00000241772.2	AC092620.1	lncRNA	chr2	138569090	138574458	+	4	0
ENSG00000241792.1	AC092958.2	lncRNA	chr3	148093175	148127233	+	3	3
ENSG00000241804.1	AC126121.1	processed_pseudogene	chr3	59535863	59536415	+	1	0
ENSG00000241852.10	C8orf58	protein_coding	chr8	22599599	22604150	+	6	2
ENSG00000241884.2	AC114401.1	lncRNA	chr3	67296300	67306359	+	1	1
ENSG00000241899.1	TPT1P3	processed_pseudogene	chr3	141709016	141709832	-	1	0
ENSG00000241929.1	AC108751.2	processed_pseudogene	chr3	149462182	149464830	-	1	1
ENSG00000241956.10	AC109466.1	lncRNA	chr5	164296696	165171643	+	76	72
ENSG00000241962.9	AC079447.1	protein_coding	chr2	99141485	99322741	+	42	8
ENSG00000242009.2	AC129807.1	lncRNA	chr3	81840514	81953534	+	11	11
ENSG00000242020.3	RN7SL68P	misc_RNA	chr5	141479316	141479625	+	1	0
ENSG00000242029.1	AC078980.1	lncRNA	chr3	109648107	109810861	+	15	8
ENSG00000242049.1	DNAJB8-AS1	lncRNA	chr3	128463594	128472317	+	10	0
ENSG00000242086.8	MUC20-OT1	lncRNA	chr3	195658062	195739964	+	65	3
ENSG00000242097.1	AC068647.1	processed_pseudogene	chr3	151759747	151762011	-	11	0
ENSG00000242104.5	LINC02618	transcribed_unitary_pseudogene	chr3	141660536	141729405	+	6	5
ENSG00000242107.2	LINC01100	lncRNA	chr3	160016024	160031423	+	1	0
ENSG00000242110.8	AMACR	protein_coding	chr5	33986165	34008104	-	20	2
ENSG00000242111.1	TOPORSLP	transcribed_unitary_pseudogene	chr9	104270228	104286955	+	2	2
ENSG00000242120.4	MDFIC2	protein_coding	chr3	70194479	70312638	-	15	0
ENSG00000242152.1	AC108729.1	processed_pseudogene	chr3	155431229	155433398	-	1	0
ENSG00000242158.3	RN7SL361P	misc_RNA	chr2	60640705	60641002	+	1	1
ENSG00000242190.1	AC017015.2	lncRNA	chr3	81762706	81764756	-	1	1
ENSG00000242207.1	HOXB-AS4	lncRNA	chr17	48628675	48634932	+	1	1
ENSG00000242242.6	NECTIN3-AS1	lncRNA	chr3	110888384	111071553	-	16	14
ENSG00000242268.3	LINC02082	lncRNA	chr3	168902194	168924590	+	2	2
ENSG00000242282.6	AC108488.1	lncRNA	chr2	3531813	3536873	-	6	1
ENSG00000242290.2	ZBTB20-AS5	lncRNA	chr3	114445521	114529452	+	6	0
ENSG00000242299.1	AC073861.1	processed_pseudogene	chr3	101576489	101576947	-	1	0
ENSG00000242317.1	AC121764.1	lncRNA	chr3	55493830	55505261	-	1	1
ENSG00000242337.5	INHCAP	transcribed_unprocessed_pseudogene	chr3	133661998	133754576	+	16	7
ENSG00000242339.2	LINC02025	lncRNA	chr3	84881984	84893379	+	1	1
ENSG00000242366.3	UGT1A8	protein_coding	chr2	233617645	233773310	+	71	2
ENSG00000242385.1	LINC00901	lncRNA	chr3	116921431	116932238	+	1	0
ENSG00000242419.5	PCDHGC4	protein_coding	chr5	141484997	141512979	+	15	0
ENSG00000242428.6	CFAP20DC-AS1	lncRNA	chr3	58824437	59019093	+	22	0
ENSG00000242440.2	LINC02046	lncRNA	chr3	148279682	148401084	+	11	7
ENSG00000242441.8	GTF2A1L	protein_coding	chr2	48617798	48733148	+	34	0
ENSG00000242479.1	AC109992.1	processed_pseudogene	chr3	142450102	142452149	+	1	0
ENSG00000242512.9	LINC01206	lncRNA	chr3	181952343	182035644	+	7	7
ENSG00000242515.5	UGT1A10	protein_coding	chr2	233636454	233773305	+	69	0
ENSG00000242516.2	LINC00960	lncRNA	chr3	75672300	75742048	+	111	2
ENSG00000242522.1	KLHL6-AS1	lncRNA	chr3	183548735	183552326	+	1	0
ENSG00000242536.2	AC079943.2	lncRNA	chr3	157814822	158088997	-	24	24
ENSG00000242539.2	AC007620.2	lncRNA	chr3	179396961	179399191	+	7	0
ENSG00000242540.3	AC010729.2	lncRNA	chr2	5696220	5719670	+	6	1
ENSG00000242545.1	AC126121.2	lncRNA	chr3	59464330	59510678	-	4	0
ENSG00000242568.1	AC121764.2	lncRNA	chr3	55335462	55350915	-	1	1
ENSG00000242583.1	KMT5AP3	processed_pseudogene	chr3	170062244	170062951	+	1	0
ENSG00000242607.1	RPS3AP34	processed_pseudogene	chr8	12570350	12571130	-	1	0
ENSG00000242616.4	GNG10	protein_coding	chr9	111661605	111670226	+	2	0
ENSG00000242622.2	AC092910.3	lncRNA	chr3	120094895	120136783	+	4	4
ENSG00000242628.6	AC009228.1	lncRNA	chr2	24210650	24222201	+	5	0
ENSG00000242638.3	RN7SL294P	misc_RNA	chr3	75182754	75183048	-	1	1
ENSG00000242641.6	LINC00971	lncRNA	chr3	84638405	84881924	-	23	23
ENSG00000242671.2	LINC02010	lncRNA	chr3	146921795	146927429	+	1	0
ENSG00000242683.1	RPL12P21	processed_pseudogene	chr5	139035148	139035987	-	1	0
ENSG00000242735.1	RPSAP26	processed_pseudogene	chr2	62146413	62147153	+	1	0
ENSG00000242741.2	LINC02005	lncRNA	chr3	73805754	73902960	+	9	9
ENSG00000242759.8	LINC00882	lncRNA	chr3	106449775	107240671	-	67	64
ENSG00000242770.2	CD200R1L-AS1	lncRNA	chr3	112802478	112812819	+	1	1
ENSG00000242781.2	LINC02050	lncRNA	chr3	80764862	80789388	+	2	0
ENSG00000242790.1	AC104831.1	lncRNA	chr3	155291188	155294176	+	3	2
ENSG00000242795.2	AC007849.1	lncRNA	chr3	169613510	169623951	-	1	0
ENSG00000242797.3	GLYCTK-AS1	lncRNA	chr3	52288580	52299067	-	10	3
ENSG00000242808.10	SOX2-OT	lncRNA	chr3	180989762	181836880	+	72	50
ENSG00000242816.2	AC092691.3	lncRNA	chr3	117719859	117794384	+	6	0
ENSG00000242828.1	AC068756.1	lncRNA	chr3	80761042	80788963	-	2	0
ENSG00000242849.2	ALDOAP1	processed_pseudogene	chr3	52193170	52194785	+	2	2
ENSG00000242880.2	AC026341.1	lncRNA	chr3	115147605	115564389	+	35	28
ENSG00000242908.6	AADACL2-AS1	lncRNA	chr3	151751443	151928175	-	55	11
ENSG00000243053.2	RPL31P58	processed_pseudogene	chr17	28802444	28802822	+	1	0
ENSG00000243069.8	ARHGEF26-AS1	lncRNA	chr3	154024401	154121347	-	10	9
ENSG00000243081.2	AC092894.1	lncRNA	chr3	112396647	112409134	-	1	1
ENSG00000243083.7	LINC00870	lncRNA	chr3	72151236	72207776	+	5	0
ENSG00000243089.2	AC107029.1	lncRNA	chr3	99507187	99529985	-	2	2
ENSG00000243135.6	UGT1A3	protein_coding	chr2	233729108	233773299	+	20	0
ENSG00000243147.8	MRPL33	protein_coding	chr2	27771717	27988087	+	25	2
ENSG00000243149.2	LINC02040	lncRNA	chr3	65174916	65193509	+	2	2
ENSG00000243150.6	AC106707.1	lncRNA	chr3	158545189	158571066	-	5	2
ENSG00000243176.6	AC092944.1	lncRNA	chr3	157174201	157381265	+	28	7
ENSG00000243187.1	CCDC39-AS1	lncRNA	chr3	180680084	180700449	+	2	0
ENSG00000243197.8	TUSC7	lncRNA	chr3	116709235	116723581	+	1	0
ENSG00000243224.1	AC006252.1	lncRNA	chr3	52239258	52241097	+	2	0
ENSG00000243232.6	PCDHAC2	protein_coding	chr5	140966470	141012347	+	8	0
ENSG00000243244.7	STON1	protein_coding	chr2	48529383	48598513	+	27	2
ENSG00000243273.1	AC020636.1	lncRNA	chr3	150890636	151038818	+	31	0
ENSG00000243276.6	AC068633.1	lncRNA	chr3	118004819	118810836	-	72	71
ENSG00000243295.2	AC126121.3	lncRNA	chr3	59050164	59754808	+	84	56
ENSG00000243296.1	AC078828.1	lncRNA	chr3	99500347	99505508	+	1	1
ENSG00000243305.1	AC026347.1	lncRNA	chr3	152457759	152496813	-	7	2
ENSG00000243321.3	LINC01998	lncRNA	chr3	150077494	150080117	-	1	0
ENSG00000243347.2	LINC02045	lncRNA	chr3	148192872	148280098	-	8	4
ENSG00000243368.2	MCCC1-AS1	lncRNA	chr3	183016255	183017808	+	2	0
ENSG00000243389.1	AC012442.2	lncRNA	chr2	112589040	112614431	+	3	3
ENSG00000243410.1	PSMD6-AS1	lncRNA	chr3	64011964	64016246	+	6	0
ENSG00000243414.6	TICAM2	protein_coding	chr5	115578496	115602479	-	8	0
ENSG00000243415.2	AC107021.1	lncRNA	chr3	146064042	146105204	+	24	2
ENSG00000243422.2	RPL23AP49	transcribed_processed_pseudogene	chr3	75624275	75670156	-	45	9
ENSG00000243477.6	NAA80	protein_coding	chr3	50296402	50299416	-	3	0
ENSG00000243478.9	AOX2P	transcribed_unprocessed_pseudogene	chr2	200738608	200794239	+	5	3
ENSG00000243486.1	AC068985.1	lncRNA	chr3	153881526	153940836	+	5	0
ENSG00000243491.1	AC082651.3	lncRNA	chr2	9757496	9770341	-	1	1
ENSG00000243537.1	RPL32P20	processed_pseudogene	chr8	133325997	133326404	+	1	1
ENSG00000243550.3	LINC01214	lncRNA	chr3	150265407	150296605	-	2	2
ENSG00000243572.1	LINC02017	lncRNA	chr3	55178172	55189214	+	1	1
ENSG00000243620.2	AC092957.1	lncRNA	chr3	146909685	147370656	-	39	38
ENSG00000243629.2	LINC00880	lncRNA	chr3	157081667	157128595	-	4	0
ENSG00000243667.7	WDR92	protein_coding	chr2	68122936	68157549	-	12	7
ENSG00000243674.1	OR7E66P	unprocessed_pseudogene	chr3	75347833	75348787	-	1	1
ENSG00000243678.12	NME2	protein_coding	chr17	51165435	51171744	+	7	0
ENSG00000243694.3	LINC02027	lncRNA	chr3	80993854	81105182	+	10	10
ENSG00000243696.5	AC006254.1	protein_coding	chr3	52813282	52835729	-	63	1
ENSG00000243701.7	DUBR	lncRNA	chr3	107220744	107348464	+	11	3
ENSG00000243715.1	CACNA2D3-AS1	lncRNA	chr3	54874605	54901255	-	10	0
ENSG00000243795.1	LINC02044	lncRNA	chr3	113142350	113167819	-	3	0
ENSG00000243799.1	PEX5L-AS1	lncRNA	chr3	179875376	179881609	+	2	0
ENSG00000243818.5	AC021074.3	lncRNA	chr3	142912116	142942537	+	3	3
ENSG00000243849.2	CFAP44-AS1	lncRNA	chr3	113403988	113433992	+	15	0
ENSG00000243861.1	AC092994.1	lncRNA	chr3	154511535	154539309	-	2	2
ENSG00000243888.1	AL355140.1	lncRNA	chr9	69428248	69428721	-	1	0
ENSG00000243903.1	AC138057.1	lncRNA	chr3	59380024	59388704	-	1	0
ENSG00000243910.8	TUBA4B	protein_coding	chr2	219253243	219272197	+	11	0
ENSG00000243918.1	EIF4BP8	processed_pseudogene	chr3	122660613	122662438	+	1	1
ENSG00000243943.10	ZNF512	protein_coding	chr2	27582969	27623217	+	10	0
ENSG00000243944.5	AC117386.2	lncRNA	chr3	150039214	150213726	+	18	13
ENSG00000243969.1	AC073359.2	lncRNA	chr3	154827016	154861017	-	2	2
ENSG00000243989.9	ACY1	protein_coding	chr3	51983340	51989197	+	7	0
ENSG00000244018.1	RPL35P6	processed_pseudogene	chr8	18774547	18774918	-	3	0
ENSG00000244026.6	FAM86DP	transcribed_unprocessed_pseudogene	chr3	75421552	75435110	-	1	1
ENSG00000244040.7	IL12A-AS1	lncRNA	chr3	159902045	160225299	-	30	27
ENSG00000244045.13	TMEM199	protein_coding	chr17	28357642	28363683	+	4	0
ENSG00000244097.1	RPS4XP17	processed_pseudogene	chr17	656794	657547	-	3	0
ENSG00000244115.1	DNAJC25-GNG10	protein_coding	chr9	111631386	111670229	+	18	4
ENSG00000244122.2	UGT1A7	protein_coding	chr2	233681938	233773299	+	64	0
ENSG00000244125.1	AC078882.1	lncRNA	chr2	142131178	142137830	-	1	1
ENSG00000244128.7	LINC01322	lncRNA	chr3	165206929	165846519	+	62	50
ENSG00000244161.1	FLNB-AS1	lncRNA	chr3	58162547	58170636	-	7	0
ENSG00000244187.8	TMEM141	protein_coding	chr9	136791344	136793317	+	4	0
ENSG00000244203.2	FOXP1-AS1	lncRNA	chr3	71289769	71305853	+	4	0
ENSG00000244215.2	LINC02016	lncRNA	chr3	127322307	127390670	-	6	6
ENSG00000244227.7	LRRC77P	transcribed_unitary_pseudogene	chr3	167864773	167924011	+	6	1
ENSG00000244230.3	RN7SL151P	misc_RNA	chr9	21699314	21699596	+	2	2
ENSG00000244234.3	GMCL2	protein_coding	chr5	178184505	178187371	-	25	25
ENSG00000244235.2	AC103724.1	processed_pseudogene	chr8	42101318	42101836	+	1	1
ENSG00000244247.2	LINC01995	lncRNA	chr3	182498187	182536772	-	3	3
ENSG00000244260.2	AC082651.4	lncRNA	chr2	9671875	9708413	+	3	0
ENSG00000244265.2	SIAH2-AS1	lncRNA	chr3	150761937	150873554	+	12	7
ENSG00000244281.1	AC107302.1	processed_pseudogene	chr3	81366990	81368021	-	1	0
ENSG00000244286.1	ITGB5-AS1	lncRNA	chr3	124781155	124787757	+	1	0
ENSG00000244295.2	RPS20P21	processed_pseudogene	chr8	73982125	73982467	+	1	0
ENSG00000244300.3	GATA2-AS1	lncRNA	chr3	128489212	128502970	+	3	1
ENSG00000244301.6	AOX3P	transcribed_unprocessed_pseudogene	chr2	200678233	200734109	+	6	2
ENSG00000244302.2	PEX5L-AS2	lncRNA	chr3	179898199	179921895	+	2	0
ENSG00000244310.2	AC093904.3	lncRNA	chr2	9110457	9116947	+	1	1
ENSG00000244327.1	AC109992.2	lncRNA	chr3	142465315	142472337	-	3	0
ENSG00000244342.5	LINC00698	lncRNA	chr3	62950430	63125062	+	13	13
ENSG00000244345.1	AC104435.2	lncRNA	chr3	72504806	72550552	-	4	4
ENSG00000244346.1	AC092953.1	processed_pseudogene	chr3	182950783	182956307	-	1	0
ENSG00000244358.1	AC055758.2	lncRNA	chr3	145939912	145961536	+	2	2
ENSG00000244361.1	RPL30P7	processed_pseudogene	chr5	10488820	10489142	+	1	1
ENSG00000244380.1	AC134772.1	lncRNA	chr3	48440352	48446656	-	3	0
ENSG00000244383.2	FAM3D-AS1	lncRNA	chr3	58607080	58644491	+	10	1
ENSG00000244405.8	ETV5	protein_coding	chr3	186046314	186110318	-	15	10
ENSG00000244461.1	LINC02077	lncRNA	chr3	78038705	78046794	-	1	1
ENSG00000244464.2	AC107029.2	lncRNA	chr3	99598064	99637308	+	4	4
ENSG00000244468.1	AC093001.1	lncRNA	chr3	149284782	149333653	+	20	2
ENSG00000244474.6	UGT1A4	protein_coding	chr2	233718736	233773300	+	27	0
ENSG00000244502.2	HDAC11-AS1	lncRNA	chr3	13476982	13480053	-	1	1
ENSG00000244513.7	AC109587.1	lncRNA	chr3	69013941	69056622	+	19	1
ENSG00000244537.3	KRTAP4-2	protein_coding	chr17	41177446	41178221	-	3	3
ENSG00000244541.6	LINC01213	lncRNA	chr3	150238519	150244232	+	1	1
ENSG00000244561.1	AC092905.1	processed_pseudogene	chr3	109396616	109397870	+	1	1
ENSG00000244563.1	RPS26P19	processed_pseudogene	chr2	127846736	127847084	-	2	0
ENSG00000244564.2	PRICKLE2-DT	lncRNA	chr3	64445231	64456070	+	2	1
ENSG00000244578.1	LINC01391	lncRNA	chr3	138935189	138944020	-	1	1
ENSG00000244593.1	AC025062.1	processed_pseudogene	chr8	18383274	18383917	-	1	1
ENSG00000244607.7	CCDC13	protein_coding	chr3	42705756	42773253	-	31	0
ENSG00000244617.2	ASPRV1	protein_coding	chr2	69960089	69962265	-	3	3
ENSG00000244649.5	LINC02086	lncRNA	chr17	48646923	48707346	+	6	6
ENSG00000244650.2	AC025566.1	lncRNA	chr3	148160911	148226606	+	6	3
ENSG00000244675.2	AC108676.1	lncRNA	chr3	194496317	194501503	-	3	0
ENSG00000244681.1	MTHFD2P1	transcribed_processed_pseudogene	chr3	95654423	95683193	-	3	3
ENSG00000244699.1	AC139453.2	unprocessed_pseudogene	chr3	75384059	75391810	-	1	1
ENSG00000244706.4	AC026353.1	lncRNA	chr3	167866500	167950292	-	7	2
ENSG00000244757.1	AL137024.1	lncRNA	chr9	116288618	116318689	-	3	0
ENSG00000244932.2	AL449212.1	unprocessed_pseudogene	chr3	129381298	129394149	+	1	0
ENSG00000244945.1	RUFY1-AS1	lncRNA	chr5	179595904	179603741	-	2	0
ENSG00000244968.7	LIFR-AS1	lncRNA	chr5	38556765	38671216	+	13	6
ENSG00000245025.3	AC107959.1	lncRNA	chr8	22984596	23019335	-	20	0
ENSG00000245080.7	MIR3150BHG	lncRNA	chr8	95066808	95073182	-	1	0
ENSG00000245146.7	MALINC1	lncRNA	chr5	140071312	140109274	-	2	2
ENSG00000245149.4	RNF139-AS1	lncRNA	chr8	124462485	124474582	-	1	1
ENSG00000245164.8	LINC00861	lncRNA	chr8	125859721	126292788	-	38	24
ENSG00000245275.8	SAP30L-AS1	lncRNA	chr5	154325568	154445850	-	42	3
ENSG00000245281.8	AC124242.1	lncRNA	chr8	18084386	18097644	+	4	2
ENSG00000245317.2	AC008393.1	lncRNA	chr5	179859013	179861283	+	4	0
ENSG00000245330.4	AP005717.1	lncRNA	chr8	119867419	119874488	-	3	2
ENSG00000245526.11	LINC00461	lncRNA	chr5	88507546	88691057	-	16	15
ENSG00000245556.3	SCAMP1-AS1	lncRNA	chr5	78342365	78360507	-	1	1
ENSG00000245662.4	LINC02211	lncRNA	chr5	25187800	25324386	+	12	4
ENSG00000245729.2	LINC02226	lncRNA	chr5	8333481	8457558	-	11	2
ENSG00000245812.3	LINC02202	lncRNA	chr5	159100483	159117478	+	1	0
ENSG00000245857.3	GS1-24F4.2	lncRNA	chr8	6835535	6885276	+	11	5
ENSG00000245864.3	MEF2C-AS2	lncRNA	chr5	88676033	88779088	+	13	2
ENSG00000245910.8	SNHG6	lncRNA	chr8	66921684	66926398	-	1	0
ENSG00000245937.8	LINC01184	lncRNA	chr5	127939152	128083172	-	17	12
ENSG00000245970.2	AP003352.1	lncRNA	chr8	98041726	98044121	+	4	0
ENSG00000246022.3	ALDH1L1-AS2	lncRNA	chr3	126180012	126210169	+	6	3
ENSG00000246089.3	AC016065.1	lncRNA	chr8	6403551	6407142	-	2	1
ENSG00000246130.1	AC107959.2	lncRNA	chr8	23068229	23083619	+	4	2
ENSG00000246214.2	AC024588.1	lncRNA	chr5	16615926	16681905	+	24	4
ENSG00000246228.6	CASC8	lncRNA	chr8	127289817	127482139	-	52	6
ENSG00000246263.3	UBR5-AS1	lncRNA	chr8	102239394	102253750	+	2	1
ENSG00000246316.8	AC010230.1	lncRNA	chr5	114475339	114668410	-	20	17
ENSG00000246334.2	PRR7-AS1	lncRNA	chr5	177438503	177447699	-	2	1
ENSG00000246339.6	EXTL3-AS1	lncRNA	chr8	28690215	28702030	-	2	0
ENSG00000246366.6	LACTB2-AS1	lncRNA	chr8	70608577	70663279	+	11	2
ENSG00000246422.2	DIAPH1-AS1	lncRNA	chr5	141558311	141565263	+	1	0
ENSG00000246430.7	LINC00968	lncRNA	chr8	56496048	56559823	-	5	0
ENSG00000246477.3	AF131216.1	lncRNA	chr8	11315859	11325429	-	12	0
ENSG00000246528.3	AC079089.1	lncRNA	chr8	69834111	69854971	+	2	2
ENSG00000246575.2	AC093162.1	unprocessed_pseudogene	chr2	85315041	85316529	+	1	1
ENSG00000246582.3	AC100861.1	lncRNA	chr8	23224471	23230926	+	1	0
ENSG00000246596.7	AC139795.1	transcribed_unprocessed_pseudogene	chr5	177619059	177672209	-	4	4
ENSG00000246640.1	PICART1	lncRNA	chr17	50050349	50055739	-	1	1
ENSG00000246662.6	LINC00535	lncRNA	chr8	93213302	93700433	-	43	37
ENSG00000246731.3	MGC16275	lncRNA	chr17	74209980	74213342	-	1	0
ENSG00000246763.7	RGMB-AS1	lncRNA	chr5	98769618	98773469	-	4	0
ENSG00000246792.3	AC106038.1	lncRNA	chr8	90646420	90670929	+	3	0
ENSG00000246851.1	AL157938.3	lncRNA	chr9	131189910	131194205	-	2	0
ENSG00000246859.3	STARD4-AS1	lncRNA	chr5	111510396	111739726	+	46	14
ENSG00000247011.2	AC005920.1	lncRNA	chr17	50934989	50944713	-	1	1
ENSG00000247049.2	AC008443.1	lncRNA	chr5	181224646	181230685	-	12	0
ENSG00000247081.8	BAALC-AS1	lncRNA	chr8	103153394	103298772	-	21	5
ENSG00000247121.7	AC009126.1	lncRNA	chr5	96814028	96935809	-	47	7
ENSG00000247134.7	AC090204.1	lncRNA	chr8	32927913	33045445	+	5	5
ENSG00000247199.5	AC011346.1	lncRNA	chr5	148088125	148383907	-	108	18
ENSG00000247311.3	AC010255.1	lncRNA	chr5	122114598	122154856	-	8	1
ENSG00000247317.3	LY6E-DT	lncRNA	chr8	142981738	143018437	-	4	3
ENSG00000247345.2	AC092343.1	lncRNA	chr5	59039761	59063503	+	2	0
ENSG00000247372.2	AC008897.2	lncRNA	chr5	75320155	75336914	-	2	2
ENSG00000247516.8	MIR4458HG	lncRNA	chr5	8450701	8486930	+	3	3
ENSG00000247572.8	CKMT2-AS1	lncRNA	chr5	81201341	81301565	-	23	6
ENSG00000247596.10	TWF2	protein_coding	chr3	52228612	52246788	-	21	17
ENSG00000247626.5	MARS2	protein_coding	chr2	197705369	197708395	+	1	0
ENSG00000247679.3	AC139795.2	lncRNA	chr5	177611240	177619754	+	1	1
ENSG00000247699.2	FABP6-AS1	lncRNA	chr5	160195744	160204826	-	2	0
ENSG00000247796.3	AC008966.1	lncRNA	chr5	53109816	53127673	+	2	2
ENSG00000247828.8	TMEM161B-AS1	lncRNA	chr5	88268891	88439337	+	15	12
ENSG00000247877.7	AC021086.1	lncRNA	chr5	100428124	100535262	-	10	1
ENSG00000247993.2	FOXD1-AS1	lncRNA	chr5	73446357	73446984	+	1	0
ENSG00000248050.1	AC079061.1	lncRNA	chr8	109644115	109648084	+	3	0
ENSG00000248092.8	NNT-AS1	lncRNA	chr5	43571594	43603230	-	4	3
ENSG00000248107.2	LINC02039	lncRNA	chr5	126179565	126193858	+	1	0
ENSG00000248109.3	MARCOL	protein_coding	chr5	148221650	148243580	+	12	0
ENSG00000248118.2	LINC01019	lncRNA	chr5	3357264	3536094	-	16	15
ENSG00000248121.8	SMURF2P1	transcribed_unprocessed_pseudogene	chr17	30600796	30615980	+	2	0
ENSG00000248125.2	AC008700.1	lncRNA	chr5	145429811	145451108	+	2	2
ENSG00000248127.1	AC026774.1	lncRNA	chr5	76081946	76084186	-	3	0
ENSG00000248131.6	LINC01194	lncRNA	chr5	12574830	12804363	+	21	21
ENSG00000248132.3	LINC02101	lncRNA	chr5	58107631	58122375	-	1	0
ENSG00000248145.2	AC016553.1	lncRNA	chr5	13144000	13190677	+	4	4
ENSG00000248148.1	AC114954.1	lncRNA	chr5	45035199	45098647	+	5	5
ENSG00000248150.1	LINC02150	lncRNA	chr5	16373361	16440081	-	6	6
ENSG00000248172.1	AC009720.1	lncRNA	chr17	49996889	50016844	+	1	1
ENSG00000248192.1	ATG10-AS1	lncRNA	chr5	82073055	82073702	-	1	0
ENSG00000248199.2	AC008877.1	lncRNA	chr5	61878109	61927134	+	5	5
ENSG00000248202.2	LINC02234	lncRNA	chr5	97840912	97923497	+	7	4
ENSG00000248203.1	AC011362.1	lncRNA	chr5	103246048	103253519	-	1	1
ENSG00000248211.1	TRPC7-AS1	lncRNA	chr5	136214048	136222159	+	1	0
ENSG00000248222.5	SLIT3-AS1	lncRNA	chr5	169013227	169037998	+	2	0
ENSG00000248223.1	AC026785.2	lncRNA	chr5	17353910	17354899	+	1	0
ENSG00000248235.6	AC037459.1	protein_coding	chr8	22589274	22602084	+	15	1
ENSG00000248240.1	AC114956.1	lncRNA	chr5	43515274	43525310	+	1	0
ENSG00000248243.1	LINC02014	lncRNA	chr3	130089433	130094304	-	4	0
ENSG00000248245.1	AC010307.2	lncRNA	chr5	133160438	133224413	+	21	4
ENSG00000248268.1	AC010275.1	lncRNA	chr5	111277517	111302567	-	2	0
ENSG00000248275.2	TRIM52-AS1	lncRNA	chr5	181261169	181272307	+	1	0
ENSG00000248278.1	SUMO2P17	transcribed_processed_pseudogene	chr17	48874860	48908983	-	8	3
ENSG00000248279.5	LINC02120	lncRNA	chr5	32947443	32962467	+	1	0
ENSG00000248285.1	AC122707.1	lncRNA	chr5	63957893	63981043	-	8	2
ENSG00000248296.1	AC025465.1	lncRNA	chr5	124492775	124536348	-	4	4
ENSG00000248309.7	MEF2C-AS1	lncRNA	chr5	88883328	89466398	+	49	46
ENSG00000248311.1	AC026719.1	lncRNA	chr5	4775476	4805769	-	3	0
ENSG00000248318.1	AC104958.1	lncRNA	chr8	120761253	120776832	+	1	0
ENSG00000248323.7	LUCAT1	lncRNA	chr5	91054834	91314547	-	29	12
ENSG00000248347.3	AC120036.1	unprocessed_pseudogene	chr8	47089572	47198861	-	9	9
ENSG00000248359.2	AC010280.1	lncRNA	chr5	68508223	68565515	-	6	6
ENSG00000248363.5	AC016550.2	lncRNA	chr5	86353803	86368854	+	1	1
ENSG00000248371.5	LINC02056	lncRNA	chr5	72574120	72660669	-	7	7
ENSG00000248374.1	AC073358.1	unprocessed_pseudogene	chr3	143620528	143627690	+	1	0
ENSG00000248383.5	PCDHAC1	protein_coding	chr5	140926299	141012347	+	20	0
ENSG00000248391.6	LINC02064	lncRNA	chr5	29304305	29396095	-	8	8
ENSG00000248400.2	ST13P12	processed_pseudogene	chr5	82968888	82977153	+	1	1
ENSG00000248428.1	AC010395.1	lncRNA	chr5	110970951	111008899	-	2	2
ENSG00000248440.1	AC091917.1	lncRNA	chr5	109497877	109499108	+	1	1
ENSG00000248445.5	SEMA6A-AS1	lncRNA	chr5	116447547	116508276	+	24	0
ENSG00000248449.2	PCDHGB8P	transcribed_unitary_pseudogene	chr5	141426286	141429158	+	1	0
ENSG00000248455.6	LINC02217	lncRNA	chr5	17403889	17443619	+	4	4
ENSG00000248457.1	LINC02220	lncRNA	chr5	12914068	13032886	-	11	11
ENSG00000248461.3	LINC02119	lncRNA	chr5	38025568	38184717	+	13	13
ENSG00000248464.1	FGF10-AS1	lncRNA	chr5	44388732	44413989	+	3	3
ENSG00000248468.2	AC107027.1	lncRNA	chr3	131502573	131520880	+	2	2
ENSG00000248469.1	AC139491.1	lncRNA	chr5	176049678	176062021	-	1	1
ENSG00000248473.2	LINC01962	lncRNA	chr5	181178821	181191852	-	1	1
ENSG00000248474.1	LINC02122	lncRNA	chr5	74084068	74103216	-	1	1
ENSG00000248475.5	AC016642.1	lncRNA	chr5	58741581	58817099	-	9	0
ENSG00000248483.7	POU5F2	protein_coding	chr5	93733220	93741600	-	6	0
ENSG00000248484.1	AC113391.1	lncRNA	chr5	176707356	176726243	-	2	2
ENSG00000248487.9	ABHD14A	protein_coding	chr3	51971426	51981199	+	5	0
ENSG00000248489.2	LINC02062	lncRNA	chr5	98929171	98995013	+	6	6
ENSG00000248490.2	AC113355.1	lncRNA	chr5	27406530	27436421	-	3	0
ENSG00000248492.1	ZFAT-AS1	lncRNA	chr8	134598071	134600689	+	11	0
ENSG00000248498.4	ASNSP1	transcribed_unprocessed_pseudogene	chr8	46579213	46638886	-	5	5
ENSG00000248522.1	SBF1P1	processed_pseudogene	chr8	55449509	55455139	-	1	0
ENSG00000248525.2	AC026787.1	lncRNA	chr5	9621377	9658458	-	11	3
ENSG00000248528.1	LINC02058	lncRNA	chr5	92907180	92939591	-	3	3
ENSG00000248529.5	AC026746.1	lncRNA	chr5	61658474	61698432	-	4	0
ENSG00000248533.1	AC034226.1	lncRNA	chr5	37953402	37966964	+	1	1
ENSG00000248537.1	AC091906.1	lncRNA	chr5	9363275	9422481	+	7	0
ENSG00000248538.8	AC022784.1	lncRNA	chr8	9151695	9425524	+	25	19
ENSG00000248539.1	LINC02117	lncRNA	chr5	37899363	37920869	-	2	0
ENSG00000248544.2	AC008676.1	lncRNA	chr5	157375741	157384950	-	4	0
ENSG00000248554.1	C5orf34-AS1	lncRNA	chr5	43511058	43521811	+	3	1
ENSG00000248555.7	LINC01339	lncRNA	chr5	90153052	90290078	-	10	10
ENSG00000248587.8	GDNF-AS1	lncRNA	chr5	37811589	37953827	+	21	8
ENSG00000248588.2	AC008517.1	lncRNA	chr5	92823935	92844992	+	1	1
ENSG00000248592.7	STIMATE-MUSTN1	protein_coding	chr3	52833121	52897562	-	43	2
ENSG00000248596.8	AC139491.2	lncRNA	chr5	176143085	176185155	-	4	1
ENSG00000248597.2	AC126768.1	lncRNA	chr5	1963346	1967251	-	1	0
ENSG00000248599.2	FLJ42969	lncRNA	chr8	101034868	101076407	+	4	4
ENSG00000248600.2	AC025465.2	lncRNA	chr5	124452277	124460552	+	1	1
ENSG00000248605.5	AC022140.1	lncRNA	chr5	25404733	25445925	-	4	4
ENSG00000248624.1	AC022447.2	lncRNA	chr5	31657218	31665067	+	1	0
ENSG00000248634.1	AC008588.1	lncRNA	chr5	128663978	128742829	+	7	0
ENSG00000248647.2	AC012613.1	lncRNA	chr5	149163955	149276776	-	34	0
ENSG00000248663.6	LINC00992	lncRNA	chr5	117415509	117546298	+	12	12
ENSG00000248664.1	AC010273.2	lncRNA	chr5	69113112	69136394	-	11	1
ENSG00000248672.5	LY75-CD302	protein_coding	chr2	159771851	159904710	-	58	3
ENSG00000248673.2	LINC01331	lncRNA	chr5	74111690	74536976	-	39	32
ENSG00000248677.2	LINC02102	lncRNA	chr5	6686325	6707711	-	2	2
ENSG00000248690.8	HAS2-AS1	lncRNA	chr8	121639293	121994185	+	36	26
ENSG00000248693.1	LINC02100	lncRNA	chr5	18704433	18746173	-	4	4
ENSG00000248708.2	LINC02144	lncRNA	chr5	87665345	87733269	-	6	2
ENSG00000248709.3	AC008549.1	lncRNA	chr5	115738978	115756543	+	1	1
ENSG00000248710.1	AC079594.1	protein_coding	chr3	160227454	160449829	-	51	3
ENSG00000248714.7	AC091180.2	lncRNA	chr17	49361150	49369998	+	2	1
ENSG00000248724.6	NPHP3-AS1	lncRNA	chr3	132721750	132874223	+	15	14
ENSG00000248727.6	LINC01948	lncRNA	chr5	56451627	56481946	-	3	3
ENSG00000248730.1	EGFLAM-AS4	lncRNA	chr5	38282264	38290986	-	1	0
ENSG00000248733.1	AC008852.1	lncRNA	chr5	58846885	58863414	-	23	1
ENSG00000248734.2	AC008906.1	lncRNA	chr5	96784777	96785999	+	2	0
ENSG00000248736.3	AC094105.2	lncRNA	chr5	2921496	2967955	+	5	5
ENSG00000248738.6	AC037441.1	lncRNA	chr8	22877972	22888022	+	1	0
ENSG00000248752.3	AC116362.1	lncRNA	chr5	125333369	126368755	-	98	70
ENSG00000248753.1	AC008406.2	lncRNA	chr5	135120526	135139681	+	2	0
ENSG00000248757.2	LINC02115	lncRNA	chr5	103528434	103541985	-	2	2
ENSG00000248758.1	AC008883.1	lncRNA	chr5	97188090	97201880	-	2	0
ENSG00000248762.2	AC012339.1	lncRNA	chr8	95986108	95993103	-	1	1
ENSG00000248781.1	PSMC1P4	processed_pseudogene	chr5	56275304	56276630	-	1	1
ENSG00000248783.1	AC106771.1	lncRNA	chr5	12553890	12574637	-	2	2
ENSG00000248787.2	AC092903.2	lncRNA	chr3	125907765	125916360	-	1	0
ENSG00000248789.5	LINC02118	lncRNA	chr5	52008031	52080987	+	7	7
ENSG00000248799.1	AC022118.1	lncRNA	chr5	127651693	127664029	-	10	2
ENSG00000248801.7	C8orf34-AS1	lncRNA	chr8	68302246	68331689	-	3	3
ENSG00000248834.2	MARK2P5	processed_pseudogene	chr5	15384220	15384853	+	1	1
ENSG00000248839.1	AC021660.2	lncRNA	chr3	98522570	98525334	+	1	0
ENSG00000248842.1	AC011396.1	lncRNA	chr5	146400981	146407359	+	1	1
ENSG00000248846.3	LINC02065	lncRNA	chr5	66205120	66209893	-	1	1
ENSG00000248858.7	FLJ46284	lncRNA	chr8	92699742	92879502	-	6	3
ENSG00000248871.1	TNFSF12-TNFSF13	protein_coding	chr17	7549099	7561601	+	13	0
ENSG00000248874.5	C5orf17	lncRNA	chr5	23951348	24178263	+	22	18
ENSG00000248881.1	AC010245.1	lncRNA	chr5	75598482	75599380	-	2	0
ENSG00000248885.1	SEPTIN7P10	processed_pseudogene	chr5	119126782	119128444	-	1	0
ENSG00000248896.3	AC105001.1	lncRNA	chr8	10729314	10772910	+	7	0
ENSG00000248898.3	AC022126.1	lncRNA	chr5	52673186	52799956	-	15	12
ENSG00000248901.2	LINC01846	lncRNA	chr5	98085866	98161352	-	8	8
ENSG00000248908.1	LINC02239	lncRNA	chr5	24835280	24840583	-	1	0
ENSG00000248923.1	MTND5P11	processed_pseudogene	chr5	134924648	134926459	-	1	0
ENSG00000248925.1	AC021087.1	lncRNA	chr5	269858	271516	-	3	0
ENSG00000248927.1	AC114284.1	lncRNA	chr5	120781218	120790778	+	1	1
ENSG00000248932.6	AC046134.2	lncRNA	chr3	139389761	139782699	+	81	21
ENSG00000248935.1	AC034234.1	lncRNA	chr5	60021249	60033020	+	1	0
ENSG00000248942.3	LINC01335	lncRNA	chr5	74258689	74321255	-	5	0
ENSG00000248949.1	AC122719.1	lncRNA	chr5	946315	956520	+	1	1
ENSG00000248954.1	AC027801.2	lncRNA	chr17	49887598	49900893	+	1	1
ENSG00000248964.7	AC131254.1	lncRNA	chr8	29815004	29854543	-	4	4
ENSG00000248969.1	AC137810.1	lncRNA	chr5	35678484	35827018	-	70	1
ENSG00000248973.3	AC106799.2	lncRNA	chr5	4451930	4866311	-	37	32
ENSG00000248994.2	AC124852.1	lncRNA	chr5	1931064	2119926	+	17	16
ENSG00000248996.1	AC145098.1	lncRNA	chr5	177494995	177503647	+	5	0
ENSG00000249014.2	HMGN2P4	processed_pseudogene	chr5	76242024	76242404	-	1	0
ENSG00000249017.1	AC094108.1	lncRNA	chr5	102500541	102505670	+	1	1
ENSG00000249035.7	CLMAT3	lncRNA	chr5	151676945	151725473	+	8	4
ENSG00000249042.6	AC008771.1	lncRNA	chr5	80411231	80488095	-	32	1
ENSG00000249061.1	AC109492.1	lncRNA	chr5	86967321	87137712	+	308	88
ENSG00000249069.8	LINC01033	lncRNA	chr5	54313564	54415238	+	10	10
ENSG00000249071.2	EGFLAM-AS3	lncRNA	chr5	38345347	38346551	-	1	0
ENSG00000249085.1	AC035140.1	lncRNA	chr5	72794405	72816565	-	2	2
ENSG00000249099.1	AC025475.1	lncRNA	chr5	26382519	26399819	-	1	1
ENSG00000249102.3	AC034223.1	lncRNA	chr5	33008934	33026025	+	1	0
ENSG00000249109.1	AC140125.2	lncRNA	chr5	177782197	177794396	+	1	1
ENSG00000249128.1	LINC02215	lncRNA	chr5	118596188	118628092	+	3	0
ENSG00000249149.2	AC099522.1	transcribed_processed_pseudogene	chr5	73382384	73410509	+	2	2
ENSG00000249150.2	AC010267.1	lncRNA	chr5	116819220	116830370	-	1	1
ENSG00000249158.7	PCDHA11	protein_coding	chr5	140868183	141012347	+	30	0
ENSG00000249159.6	AC091965.1	lncRNA	chr5	8387638	8457564	-	6	0
ENSG00000249160.4	LINC02213	lncRNA	chr5	10504996	10522084	-	2	2
ENSG00000249167.2	SEMA6A-AS2	lncRNA	chr5	116574482	116611200	+	6	3
ENSG00000249169.1	AC026780.1	lncRNA	chr5	92654848	92679141	+	2	2
ENSG00000249174.1	AC106744.1	lncRNA	chr5	18965861	19142346	-	16	15
ENSG00000249180.1	AC020900.1	lncRNA	chr5	96741079	96742698	-	3	0
ENSG00000249186.2	AC140125.3	lncRNA	chr5	177856262	177871227	-	1	0
ENSG00000249188.1	ENPP7P1	transcribed_unprocessed_pseudogene	chr8	8154308	8216916	+	2	0
ENSG00000249199.2	AC026785.3	lncRNA	chr5	17367588	17375653	-	1	1
ENSG00000249203.2	LINC02224	lncRNA	chr5	44495099	44658569	-	13	13
ENSG00000249225.1	AC117460.1	lncRNA	chr3	98099908	98148134	-	20	3
ENSG00000249236.2	AC008892.1	lncRNA	chr5	55978248	56111329	+	15	9
ENSG00000249249.2	AC010226.1	lncRNA	chr5	115602057	115623897	+	7	0
ENSG00000249258.2	AC079193.2	lncRNA	chr8	17131181	17149789	+	2	2
ENSG00000249274.1	PDLIM1P4	processed_pseudogene	chr3	98782188	98783193	+	5	0
ENSG00000249279.6	LINC02057	lncRNA	chr5	61201304	61304811	-	9	7
ENSG00000249286.1	AMD1P3	processed_pseudogene	chr5	43586918	43588223	-	1	0
ENSG00000249290.5	AC010181.1	lncRNA	chr3	140449435	140460351	-	3	0
ENSG00000249293.1	AC091868.2	lncRNA	chr5	73778039	73786491	-	2	0
ENSG00000249295.1	AC145146.1	lncRNA	chr5	69477472	69502466	-	5	1
ENSG00000249306.6	LINC01411	lncRNA	chr5	174336295	174532457	+	18	18
ENSG00000249318.1	AC010468.1	lncRNA	chr5	111265809	111270089	-	1	0
ENSG00000249326.1	CTD-2194D22.4	lncRNA	chr5	1887332	1900493	+	1	1
ENSG00000249328.3	AC036214.1	lncRNA	chr8	79769372	79871759	-	10	6
ENSG00000249332.2	LINC02149	lncRNA	chr5	15112120	15266541	-	13	13
ENSG00000249335.2	AC093523.1	lncRNA	chr5	68792609	69007185	-	19	15
ENSG00000249343.3	LINC01333	lncRNA	chr5	74321293	74341236	+	2	0
ENSG00000249352.4	LINC02198	lncRNA	chr5	68970692	69030165	-	5	2
ENSG00000249359.3	AC093274.1	lncRNA	chr5	21323873	21341375	-	1	1
ENSG00000249362.2	LINC02488	lncRNA	chr5	87662040	87705337	+	4	0
ENSG00000249364.6	AC112206.2	lncRNA	chr5	67379378	67806600	+	40	28
ENSG00000249375.8	CASC11	lncRNA	chr8	127686343	127738987	-	9	3
ENSG00000249383.2	LINC02071	lncRNA	chr17	51312609	51335165	-	1	1
ENSG00000249395.4	CASC9	lncRNA	chr8	75120409	75352327	-	21	20
ENSG00000249396.2	LINC02212	lncRNA	chr5	10493291	10502728	-	1	1
ENSG00000249406.3	AC015909.1	lncRNA	chr17	50199876	50215922	+	1	1
ENSG00000249407.1	IL20RB-AS1	lncRNA	chr3	136959125	136982196	-	2	0
ENSG00000249417.1	AC117383.1	lncRNA	chr3	141267353	141367137	-	37	0
ENSG00000249421.2	ADAMTS19-AS1	lncRNA	chr5	129424782	129461076	-	5	5
ENSG00000249426.1	AC093206.1	lncRNA	chr5	118760474	118785459	-	2	2
ENSG00000249429.1	AC016598.1	lncRNA	chr5	143489855	143531350	-	4	4
ENSG00000249436.2	LINCR-0003	lncRNA	chr5	57574027	57619816	+	4	4
ENSG00000249444.2	AC114324.2	transcribed_unprocessed_pseudogene	chr5	99489559	99499367	+	1	1
ENSG00000249454.1	GZMAP1	unprocessed_pseudogene	chr5	55073015	55096553	+	2	2
ENSG00000249459.11	ZNF286B	transcribed_unprocessed_pseudogene	chr17	18658429	18682228	-	19	0
ENSG00000249474.1	AC020651.1	lncRNA	chr3	101823793	101824998	-	1	0
ENSG00000249476.2	AC008467.1	lncRNA	chr5	109237120	109326369	-	9	9
ENSG00000249484.9	LINC01470	lncRNA	chr5	152618965	153223543	-	52	43
ENSG00000249485.1	RBBP4P1	processed_pseudogene	chr5	14797125	14798400	-	1	0
ENSG00000249490.2	LINC02146	lncRNA	chr5	20606710	20616441	-	1	0
ENSG00000249492.2	AC114956.2	lncRNA	chr5	43483913	43509356	+	5	1
ENSG00000249494.6	AC008629.1	lncRNA	chr5	119006347	119070902	-	6	2
ENSG00000249504.3	PCDHA14	transcribed_unprocessed_pseudogene	chr5	140861224	140863521	+	3	0
ENSG00000249515.1	LINC02113	lncRNA	chr5	99549432	99577957	+	2	2
ENSG00000249526.1	AC008667.1	lncRNA	chr5	139684645	139745010	+	4	4
ENSG00000249557.2	HSPD1P15	processed_pseudogene	chr5	19233366	19234487	+	1	1
ENSG00000249572.1	AC034231.1	lncRNA	chr5	33424025	33440619	-	2	2
ENSG00000249584.1	LINC02225	lncRNA	chr5	57890327	57899162	-	1	1
ENSG00000249593.6	AC011405.1	lncRNA	chr5	139012647	139051203	+	4	0
ENSG00000249605.1	AC008652.1	lncRNA	chr5	144369334	144385310	+	1	0
ENSG00000249620.1	H3P18	processed_pseudogene	chr5	17511833	17512238	-	1	1
ENSG00000249637.2	AC008438.1	lncRNA	chr5	140370891	140401460	-	3	2
ENSG00000249639.1	AC022092.1	lncRNA	chr5	135450613	135458697	+	2	1
ENSG00000249647.2	C5orf66-AS2	lncRNA	chr5	135236234	135248179	-	2	0
ENSG00000249650.1	AC106772.1	lncRNA	chr5	602620	612210	-	1	1
ENSG00000249658.1	AC005823.1	lncRNA	chr17	51335261	51336240	+	1	1
ENSG00000249662.6	LINC02218	protein_coding	chr5	17444010	17486829	+	7	7
ENSG00000249664.1	AC027338.1	lncRNA	chr5	83012285	83013109	-	1	1
ENSG00000249669.10	CARMN	lncRNA	chr5	149406689	149432835	+	3	3
ENSG00000249684.6	AC106795.2	lncRNA	chr5	177950335	177963960	+	1	0
ENSG00000249697.1	AC034245.1	lncRNA	chr5	56313905	56321397	-	1	1
ENSG00000249713.1	AC026725.1	lncRNA	chr5	76606608	76608970	-	1	0
ENSG00000249715.13	FER1L5	protein_coding	chr2	96642737	96704887	+	18	18
ENSG00000249725.1	AC079942.1	lncRNA	chr3	133015004	133037052	-	1	1
ENSG00000249736.1	LINC02242	lncRNA	chr5	67632266	67646789	-	1	0
ENSG00000249738.10	AC008691.1	lncRNA	chr5	159310745	159805536	+	47	28
ENSG00000249740.3	OSMR-AS1	lncRNA	chr5	38682581	38845829	-	16	15
ENSG00000249743.6	AC116345.1	lncRNA	chr5	73213930	73295258	+	7	7
ENSG00000249751.4	ECSCR	protein_coding	chr5	139448560	139462743	-	3	0
ENSG00000249772.1	AC026427.1	lncRNA	chr5	81113385	81114852	-	3	0
ENSG00000249776.5	AC124854.1	lncRNA	chr5	92410256	92660863	-	21	15
ENSG00000249781.7	LINC02112	lncRNA	chr5	9641305	9903852	-	24	11
ENSG00000249782.2	AC091953.1	lncRNA	chr5	8525144	8561682	+	4	4
ENSG00000249786.7	EAF1-AS1	lncRNA	chr3	15436171	15455940	-	18	0
ENSG00000249787.2	AC113385.1	lncRNA	chr5	100399047	100526912	+	12	3
ENSG00000249797.2	LINC02147	lncRNA	chr5	117730515	118266267	+	48	24
ENSG00000249803.6	AC112178.1	lncRNA	chr5	136466645	136521432	+	5	5
ENSG00000249808.3	LINC01377	lncRNA	chr5	3177835	3181487	+	1	1
ENSG00000249816.7	LINC00964	lncRNA	chr8	124823702	124962531	+	13	8
ENSG00000249825.6	THBS4-AS1	lncRNA	chr5	80052374	80083654	-	21	0
ENSG00000249830.1	LINC02162	lncRNA	chr5	3452816	3461660	+	1	0
ENSG00000249835.2	VCAN-AS1	lncRNA	chr5	83531352	83581320	-	21	0
ENSG00000249846.7	LINC02021	lncRNA	chr3	130111669	130201336	+	12	8
ENSG00000249849.1	AC138819.1	lncRNA	chr5	177682294	177713969	+	7	2
ENSG00000249854.3	CDH18-AS1	lncRNA	chr5	20305565	20347972	+	4	0
ENSG00000249855.1	EEF1A1P19	processed_pseudogene	chr5	43495073	43496454	-	1	0
ENSG00000249856.1	AC116337.3	lncRNA	chr5	74917726	75023928	-	9	8
ENSG00000249859.12	PVT1	lncRNA	chr8	127794526	128187101	+	35	33
ENSG00000249865.1	AC027343.2	lncRNA	chr5	7367929	7373074	-	1	1
ENSG00000249868.5	AC136777.1	lncRNA	chr8	311133	331026	-	1	1
ENSG00000249870.1	AC005920.2	lncRNA	chr17	51042524	51085471	+	4	0
ENSG00000249881.1	AC008696.2	lncRNA	chr5	143605628	143828772	+	22	20
ENSG00000249884.8	RNF103-CHMP3	protein_coding	chr2	86505668	86721122	-	49	6
ENSG00000249889.1	ALG1L11P	unprocessed_pseudogene	chr8	12178697	12182719	+	1	1
ENSG00000249894.1	AC024581.1	lncRNA	chr5	67800740	67890096	-	9	0
ENSG00000249898.8	MCPH1-AS1	lncRNA	chr8	6617310	6708224	-	28	6
ENSG00000249899.6	AC025180.1	lncRNA	chr5	52930606	52990278	-	57	6
ENSG00000249906.1	AC006487.1	lncRNA	chr17	49505657	49574064	-	21	3
ENSG00000249908.2	BRD9P2	transcribed_unprocessed_pseudogene	chr5	767382	768930	-	2	0
ENSG00000249909.1	CYCTP	unitary_pseudogene	chr2	178092503	178104470	-	1	0
ENSG00000249915.8	PDCD6	protein_coding	chr5	271621	314974	+	33	0
ENSG00000249916.1	AC119150.1	lncRNA	chr5	122369762	122383568	-	1	0
ENSG00000249917.3	LINC00536	lncRNA	chr8	115950511	116325062	-	31	30
ENSG00000249937.8	LINC02223	lncRNA	chr5	17684584	17955857	+	25	25
ENSG00000249941.1	AC026415.1	lncRNA	chr5	4866521	4874759	+	1	1
ENSG00000249959.6	AC024587.2	lncRNA	chr5	107699392	107716841	-	2	2
ENSG00000249963.1	EEF1A1P20	processed_pseudogene	chr5	99996547	99997932	+	1	1
ENSG00000249971.1	AC104116.1	lncRNA	chr5	138347027	138349641	-	3	0
ENSG00000249984.1	AC026780.2	lncRNA	chr5	92675956	92688254	-	1	1
ENSG00000249992.2	TMEM158	protein_coding	chr3	45224466	45226287	-	4	4
ENSG00000249993.1	BFSP2-AS1	lncRNA	chr3	133429269	133455776	-	4	0
ENSG00000249996.1	PPIC-AS1	lncRNA	chr5	123036271	123054667	+	3	2
ENSG00000249997.1	MTCO3P7	unprocessed_pseudogene	chr2	130277184	130277957	+	1	1
ENSG00000250011.1	HMGB1P3	processed_pseudogene	chr2	230515023	230515638	+	1	0
ENSG00000250012.2	AC079848.1	lncRNA	chr3	126083659	126095349	+	4	0
ENSG00000250015.1	AC018752.1	lncRNA	chr5	116302354	116304134	-	2	0
ENSG00000250025.2	AC011396.2	lncRNA	chr5	146307098	146376963	-	13	3
ENSG00000250032.1	AC008869.1	lncRNA	chr5	37939365	37947955	-	1	0
ENSG00000250048.2	LINC00603	lncRNA	chr5	39892138	40053324	+	15	15
ENSG00000250049.7	AC114316.1	lncRNA	chr5	92082597	92479426	+	33	27
ENSG00000250056.8	LINC01018	lncRNA	chr5	6582136	6600288	+	4	1
ENSG00000250060.2	AC122710.1	lncRNA	chr5	6868554	6888087	+	2	0
ENSG00000250066.1	AC093248.1	lncRNA	chr5	68963246	68967845	+	1	0
ENSG00000250069.1	AC011379.1	lncRNA	chr5	140200163	140203187	+	1	0
ENSG00000250072.6	SH3TC2-DT	lncRNA	chr5	149063254	149129578	+	7	7
ENSG00000250079.1	AC093300.1	processed_pseudogene	chr5	28213359	28214559	-	1	1
ENSG00000250095.5	NREP-AS1	lncRNA	chr5	111912508	112017309	+	11	2
ENSG00000250101.1	AC106795.3	lncRNA	chr5	177939622	177983054	+	4	2
ENSG00000250107.1	CACNA1G-AS1	lncRNA	chr17	50556207	50562108	-	2	1
ENSG00000250111.3	AC107982.1	unprocessed_pseudogene	chr17	18835707	18842364	+	1	1
ENSG00000250116.2	RHOQ-AS1	lncRNA	chr2	46568256	46580238	-	4	0
ENSG00000250120.8	PCDHA10	protein_coding	chr5	140855883	141012347	+	47	0
ENSG00000250124.1	AC016550.3	lncRNA	chr5	86380660	86381426	-	1	1
ENSG00000250127.1	LINC02108	lncRNA	chr5	58541567	58558243	-	2	2
ENSG00000250129.5	AC116424.1	lncRNA	chr3	131053317	131072339	-	1	0
ENSG00000250151.9	ARPC4-TTLL3	protein_coding	chr3	9793082	9835401	+	31	0
ENSG00000250155.2	AC008957.1	lncRNA	chr5	36666214	36725195	-	38	3
ENSG00000250156.3	LINC02060	lncRNA	chr5	88408982	88439090	-	2	0
ENSG00000250158.1	AC099509.2	lncRNA	chr5	96247776	96278751	+	3	0
ENSG00000250159.7	AC106791.1	lncRNA	chr5	137809780	137889394	-	8	5
ENSG00000250164.1	AC022447.7	lncRNA	chr5	31747644	31748078	-	1	0
ENSG00000250167.1	AC034206.1	lncRNA	chr5	135559577	135634874	+	22	1
ENSG00000250170.1	RASA2-IT1	lncRNA	chr3	141525133	141526121	+	1	0
ENSG00000250174.5	MYLK-AS2	lncRNA	chr3	123689644	123692407	+	1	0
ENSG00000250186.3	AC091180.3	lncRNA	chr17	49404081	49405197	+	2	0
ENSG00000250198.3	LINC02199	lncRNA	chr5	8839700	8898052	+	4	4
ENSG00000250218.1	ALDH1L1-AS1	lncRNA	chr3	126103640	126108069	+	11	0
ENSG00000250222.2	AC008443.4	lncRNA	chr5	181191875	181194429	+	5	2
ENSG00000250234.1	AC025754.1	lncRNA	chr5	34656412	34657250	-	1	0
ENSG00000250240.6	AC008840.1	lncRNA	chr5	95701249	95732295	-	3	1
ENSG00000250244.5	AC010307.4	lncRNA	chr5	133256492	133275977	+	2	0
ENSG00000250250.2	CTD-2350J17.1	lncRNA	chr5	15602189	15619109	-	2	0
ENSG00000250256.1	AC108112.1	lncRNA	chr5	174618164	174625775	+	1	1
ENSG00000250258.1	AC008496.2	lncRNA	chr5	79774348	79816190	-	12	1
ENSG00000250267.2	AC021237.1	lncRNA	chr8	109298598	109316513	+	3	0
ENSG00000250271.2	AC068647.2	transcribed_unprocessed_pseudogene	chr3	151797047	151808249	+	1	0
ENSG00000250284.3	AC109439.1	lncRNA	chr5	136734830	136763409	+	3	3
ENSG00000250286.2	AC021491.2	lncRNA	chr17	50525520	50538761	-	18	3
ENSG00000250290.1	NCAPGP1	processed_pseudogene	chr8	120635558	120638204	-	1	0
ENSG00000250295.6	RDH10-AS1	lncRNA	chr8	73297711	73356461	-	11	0
ENSG00000250305.9	TRMT9B	protein_coding	chr8	12945642	13031503	+	88	88
ENSG00000250308.2	SALL4P1	processed_pseudogene	chr5	57422464	57424391	+	1	0
ENSG00000250309.2	AC008453.1	lncRNA	chr5	150670658	150672390	-	2	0
ENSG00000250310.2	AC006487.2	lncRNA	chr17	49544788	49577962	-	3	0
ENSG00000250313.3	LINC02229	lncRNA	chr5	66507380	66511644	-	1	1
ENSG00000250320.6	EDIL3-DT	lncRNA	chr5	84382424	84490765	+	6	6
ENSG00000250328.6	MGC32805	lncRNA	chr5	122436497	122479087	-	8	2
ENSG00000250331.2	LINC01340	lncRNA	chr5	97504663	97690180	+	14	14
ENSG00000250337.7	PURPL	lncRNA	chr5	27217714	27496994	+	24	21
ENSG00000250343.1	STK32A-AS1	lncRNA	chr5	147180204	147234859	-	5	5
ENSG00000250348.1	AC113404.1	lncRNA	chr5	76285542	76311462	-	6	0
ENSG00000250358.6	LINC02200	lncRNA	chr5	112628436	112642483	+	1	1
ENSG00000250362.1	AC008592.1	lncRNA	chr5	95861786	95874519	+	1	1
ENSG00000250378.4	AC114296.1	lncRNA	chr5	135812667	135827546	+	9	0
ENSG00000250383.1	AC008871.1	lncRNA	chr5	108818041	108830790	-	1	0
ENSG00000250385.2	AC106772.2	lncRNA	chr5	524109	527448	+	1	0
ENSG00000250387.3	LINC02197	lncRNA	chr5	71337182	71446772	-	7	6
ENSG00000250407.1	AC008728.1	lncRNA	chr5	146563226	146617004	+	12	3
ENSG00000250415.1	AC022113.1	lncRNA	chr5	16617225	16621276	+	1	0
ENSG00000250420.8	AACSP1	transcribed_unprocessed_pseudogene	chr5	178764861	178818435	-	6	6
ENSG00000250421.5	AC106798.1	lncRNA	chr5	67699429	67902600	-	19	1
ENSG00000250427.1	LINC02148	lncRNA	chr5	118282575	118284782	+	1	0
ENSG00000250437.1	LINC02161	lncRNA	chr5	89581209	89677701	+	9	9
ENSG00000250446.1	LINC01332	lncRNA	chr5	74327995	74334766	-	1	0
ENSG00000250447.6	LINC02105	lncRNA	chr5	53776048	53819722	-	4	4
ENSG00000250448.1	AC092335.1	lncRNA	chr5	16180238	16185585	+	1	0
ENSG00000250453.2	AC008825.1	lncRNA	chr5	28548135	28809291	-	23	19
ENSG00000250481.2	AC010451.1	lncRNA	chr5	4974690	5034267	-	5	1
ENSG00000250482.3	DUX4L51	processed_pseudogene	chr5	31249879	31250987	+	7	0
ENSG00000250490.1	LINC02145	lncRNA	chr5	6310441	6339884	-	3	3
ENSG00000250506.8	CDK3	protein_coding	chr17	76000906	76005999	+	4	0
ENSG00000250509.2	AC034213.1	lncRNA	chr5	180416949	180443240	+	2	2
ENSG00000250524.1	AC106821.1	lncRNA	chr5	24881943	24885461	-	1	1
ENSG00000250529.1	LINC02121	lncRNA	chr5	5069192	5078311	-	1	1
ENSG00000250551.1	MIR583HG	lncRNA	chr5	96050115	96215519	+	15	0
ENSG00000250564.2	AC109454.3	lncRNA	chr5	134429051	134460615	-	3	1
ENSG00000250565.7	ATP6V1E2	protein_coding	chr2	46490750	46542577	-	21	18
ENSG00000250569.1	NTAN1P2	processed_pseudogene	chr8	86481754	86483002	-	1	0
ENSG00000250571.7	GLI4	protein_coding	chr8	143267433	143276931	+	17	1
ENSG00000250579.2	CTD-2297D10.2	lncRNA	chr5	5132101	5140119	-	1	1
ENSG00000250583.1	AC034232.1	lncRNA	chr5	33519616	33522230	-	1	1
ENSG00000250584.3	LINC01511	lncRNA	chr5	1353896	1380107	-	2	2
ENSG00000250585.3	LINC00604	lncRNA	chr5	40240167	40267657	+	2	2
ENSG00000250592.1	AC055733.2	lncRNA	chr3	130899414	130929976	-	3	0
ENSG00000250602.6	AC093535.1	lncRNA	chr5	126372477	126509021	-	23	1
ENSG00000250603.1	AC068658.1	lncRNA	chr5	127838486	127857804	-	2	0
ENSG00000250608.2	AC010210.1	lncRNA	chr3	131325092	131381656	-	4	2
ENSG00000250615.1	AC008581.1	lncRNA	chr5	77073881	77074520	+	1	0
ENSG00000250619.1	AC021088.1	lncRNA	chr5	9001774	9045940	+	15	3
ENSG00000250629.1	AC091435.2	lncRNA	chr5	38783580	38792754	+	1	0
ENSG00000250635.1	CXXC5-AS1	lncRNA	chr5	139648999	139649728	-	1	0
ENSG00000250637.2	AC134698.1	unprocessed_pseudogene	chr8	43442902	43452912	+	1	1
ENSG00000250643.1	AC083906.3	lncRNA	chr3	129954105	129969294	-	1	1
ENSG00000250682.6	LINC00491	lncRNA	chr5	102604220	102671765	-	7	5
ENSG00000250692.1	AC008667.2	lncRNA	chr5	139848290	139856389	+	2	0
ENSG00000250697.2	AC010343.3	lncRNA	chr5	32888236	33298066	-	37	30
ENSG00000250722.6	SELENOP	protein_coding	chr5	42799880	42887392	-	26	10
ENSG00000250733.6	C8orf17	TEC	chr8	139931172	139933942	+	1	0
ENSG00000250741.6	NT5C1B-RDH14	protein_coding	chr2	18555545	18589564	-	10	2
ENSG00000250751.1	AC015795.1	lncRNA	chr17	49708334	49720060	+	5	0
ENSG00000250761.2	AC093305.1	lncRNA	chr5	7707802	7749766	-	10	0
ENSG00000250764.1	AC025178.1	lncRNA	chr5	32103445	32121941	-	4	1
ENSG00000250782.1	TAF11L14	protein_coding	chr5	17634460	17635053	+	1	1
ENSG00000250786.2	SNHG18	lncRNA	chr5	9546200	9550609	+	1	1
ENSG00000250794.2	ALG1L12P	unprocessed_pseudogene	chr8	12421032	12425000	+	1	1
ENSG00000250801.2	THOC3-AS1	lncRNA	chr5	175972606	175987666	+	1	0
ENSG00000250802.7	ZBED3-AS1	lncRNA	chr5	77086688	77166909	+	9	0
ENSG00000250803.6	AC010255.2	protein_coding	chr5	122129622	122183949	+	21	14
ENSG00000250806.2	AC027315.1	lncRNA	chr5	100654112	100657970	-	1	1
ENSG00000250814.3	LINC02221	lncRNA	chr5	9854371	9899970	+	4	0
ENSG00000250820.1	AC138965.1	lncRNA	chr5	175906939	175958538	-	3	1
ENSG00000250822.1	LINC02111	lncRNA	chr5	17378906	17387310	-	1	1
ENSG00000250842.1	AC137770.1	lncRNA	chr5	145337932	145381670	-	4	4
ENSG00000250850.2	AL161781.1	lncRNA	chr9	37002697	37008040	+	1	0
ENSG00000250853.1	RNF138P1	processed_pseudogene	chr5	55530156	55530701	-	2	0
ENSG00000250866.1	AC022424.1	lncRNA	chr5	5142138	5176214	-	8	0
ENSG00000250885.1	LINC02061	lncRNA	chr5	32646564	32651976	-	1	1
ENSG00000250888.1	LINC01455	lncRNA	chr5	79936579	79967626	+	3	3
ENSG00000250891.2	LINC02208	lncRNA	chr5	118000253	118562199	-	49	24
ENSG00000250900.6	TRIM7-AS1	lncRNA	chr5	181195496	181203103	+	22	0
ENSG00000250929.2	LINC01181	lncRNA	chr8	103121032	103132966	+	1	1
ENSG00000250934.2	AC016924.1	lncRNA	chr3	126266747	126291525	+	2	2
ENSG00000250947.1	TRPC7-AS2	lncRNA	chr5	136303757	136316100	+	1	0
ENSG00000250955.1	AC008592.2	lncRNA	chr5	95964999	95986311	-	1	0
ENSG00000250958.1	LINC00492	lncRNA	chr5	102581368	102617589	+	3	2
ENSG00000250961.2	AC025470.2	lncRNA	chr5	57395060	57534504	+	16	11
ENSG00000250974.4	LINC02196	lncRNA	chr5	6839460	7219291	+	34	32
ENSG00000250978.5	AC079467.1	lncRNA	chr5	67463809	67475592	-	1	0
ENSG00000250979.1	AC022905.1	unprocessed_pseudogene	chr8	72202751	72251565	-	4	4
ENSG00000250981.1	MARCHF11-AS1	lncRNA	chr5	16129178	16141602	+	1	0
ENSG00000250994.1	AC005355.1	lncRNA	chr5	134436711	134492519	+	5	3
ENSG00000250999.2	AC136604.2	lncRNA	chr5	179657762	179665136	+	1	1
ENSG00000251003.9	ZFPM2-AS1	lncRNA	chr8	105546089	106060524	-	65	22
ENSG00000251011.6	TMEM108-AS1	lncRNA	chr3	133245603	133257207	-	1	0
ENSG00000251012.2	AC083800.1	protein_coding	chr3	119147375	119187807	+	17	3
ENSG00000251013.1	GAPDHP62	processed_pseudogene	chr8	100550724	100551713	-	3	0
ENSG00000251018.2	HMMR-AS1	lncRNA	chr5	163483065	163494058	-	4	0
ENSG00000251026.2	LINC02163	lncRNA	chr5	104079847	104406121	+	29	27
ENSG00000251027.2	LINC01950	lncRNA	chr5	106815197	107011052	-	18	18
ENSG00000251031.2	AC132803.1	lncRNA	chr5	144856890	145228982	-	34	34
ENSG00000251032.1	CUL1P1	processed_pseudogene	chr5	127784618	127787042	-	1	0
ENSG00000251033.1	AC113347.4	lncRNA	chr5	26711551	26749997	-	3	3
ENSG00000251034.2	AC087854.1	lncRNA	chr8	22481588	22553444	-	15	1
ENSG00000251072.2	LMNB1-DT	lncRNA	chr5	126751963	126776486	-	3	3
ENSG00000251076.1	AC104126.1	lncRNA	chr5	112228283	112257309	+	3	0
ENSG00000251088.1	AC117473.1	lncRNA	chr3	98233651	98457898	+	44	25
ENSG00000251090.2	OR5AC4P	transcribed_unprocessed_pseudogene	chr3	98100793	98105672	+	1	0
ENSG00000251125.1	AC091860.2	lncRNA	chr5	51451158	51462089	+	1	0
ENSG00000251136.9	AF117829.1	lncRNA	chr8	89585872	89757812	-	15	15
ENSG00000251141.6	MRPS30-DT	lncRNA	chr5	44742420	44808777	-	5	5
ENSG00000251144.1	AC113346.1	lncRNA	chr5	174820027	174826324	+	1	0
ENSG00000251179.1	TMEM92-AS1	lncRNA	chr17	50281577	50287855	-	1	1
ENSG00000251183.1	LINC01861	lncRNA	chr5	153887428	153898987	-	2	2
ENSG00000251184.1	AL672142.1	protein_coding	chr9	128941478	128957021	+	3	0
ENSG00000251187.5	AC010261.2	lncRNA	chr5	112192020	112210139	+	4	0
ENSG00000251191.8	LINC00589	lncRNA	chr8	29673922	29748109	-	6	6
ENSG00000251196.1	AC106760.1	unprocessed_pseudogene	chr5	10652211	10655925	-	5	0
ENSG00000251201.8	TMED7-TICAM2	protein_coding	chr5	115578642	115626161	-	15	0
ENSG00000251203.1	DNAJB6P2	processed_pseudogene	chr8	26433029	26434065	-	1	0
ENSG00000251205.3	AC016598.2	lncRNA	chr5	143531331	143598434	+	6	6
ENSG00000251218.1	AC103764.1	lncRNA	chr8	134849935	134881899	+	3	3
ENSG00000251221.1	LINC01337	lncRNA	chr5	80608623	80622524	-	1	1
ENSG00000251224.1	CNOT10-AS1	lncRNA	chr3	32730635	32737454	-	1	0
ENSG00000251239.1	AC004590.1	lncRNA	chr17	50627032	50631940	-	4	2
ENSG00000251250.3	AC091951.3	transcribed_unprocessed_pseudogene	chr5	7289891	7326609	+	3	3
ENSG00000251257.2	AC010457.1	lncRNA	chr5	38460925	38468339	-	5	1
ENSG00000251270.1	AC108727.2	lncRNA	chr3	141115124	141124182	-	1	0
ENSG00000251273.4	LINC02228	lncRNA	chr5	25087450	25190956	-	10	9
ENSG00000251279.1	SMIM15-AS1	lncRNA	chr5	61162070	61232040	+	6	4
ENSG00000251281.1	AC034223.2	lncRNA	chr5	33011322	33017607	-	1	0
ENSG00000251287.8	ALG1L2	protein_coding	chr3	130081831	130113227	+	16	8
ENSG00000251293.1	AC008574.1	lncRNA	chr5	120245448	120333502	-	8	8
ENSG00000251294.1	AC091885.2	lncRNA	chr5	24554018	24613222	+	6	0
ENSG00000251307.1	AC026704.1	lncRNA	chr5	55233934	55295201	+	13	2
ENSG00000251311.1	LINC02214	lncRNA	chr5	116742991	116762209	-	2	2
ENSG00000251314.2	AC104123.1	lncRNA	chr5	95962001	96631085	+	84	29
ENSG00000251324.1	LINC01386	lncRNA	chr5	73454187	73472896	-	1	1
ENSG00000251342.1	AC026774.2	processed_pseudogene	chr5	76078666	76079763	+	1	1
ENSG00000251349.3	MSANTD3-TMEFF1	protein_coding	chr9	100442271	100577636	+	23	3
ENSG00000251361.1	AC012625.1	lncRNA	chr5	93019663	93068669	-	5	5
ENSG00000251365.4	LINC02236	lncRNA	chr5	6765891	6833120	+	6	6
ENSG00000251367.1	AC091917.3	lncRNA	chr5	109467353	109467952	+	1	1
ENSG00000251371.1	AC010634.1	lncRNA	chr5	4640731	4648254	+	1	0
ENSG00000251380.3	DCANP1	protein_coding	chr5	135444214	135447348	-	14	0
ENSG00000251391.5	AC092353.1	lncRNA	chr5	66298394	66393521	+	8	4
ENSG00000251396.7	LINC01301	lncRNA	chr8	60289928	60516795	-	20	19
ENSG00000251405.3	AC016571.1	lncRNA	chr5	157363382	157365501	-	2	0
ENSG00000251409.1	AC008592.3	lncRNA	chr5	95835943	95852721	-	2	0
ENSG00000251423.3	AC016576.1	lncRNA	chr5	13860303	13901036	+	18	0
ENSG00000251426.1	AC010451.2	lncRNA	chr5	5046796	5049497	-	1	0
ENSG00000251443.2	LINC02160	lncRNA	chr5	33229516	33284642	+	5	0
ENSG00000251446.1	AC113391.2	lncRNA	chr5	176726942	176739458	-	1	1
ENSG00000251448.2	AC063919.1	lncRNA	chr3	126288123	126301213	-	1	1
ENSG00000251450.2	RASGRF2-AS1	lncRNA	chr5	80947694	80960907	-	5	1
ENSG00000251458.1	AC139491.4	lncRNA	chr5	176124210	176131461	-	2	0
ENSG00000251471.1	AC016933.1	lncRNA	chr3	139837220	139859894	+	2	2
ENSG00000251474.6	RPL32P3	transcribed_unprocessed_pseudogene	chr3	129382922	129399655	-	1	0
ENSG00000251485.1	NRBF2P6	processed_pseudogene	chr2	232343116	232343903	+	2	0
ENSG00000251487.1	AC106744.2	lncRNA	chr5	19035197	19038799	-	1	0
ENSG00000251491.2	OR7E28P	transcribed_unprocessed_pseudogene	chr2	158862311	158863285	+	3	0
ENSG00000251493.5	FOXD1	protein_coding	chr5	73444827	73448777	-	3	2
ENSG00000251506.1	AC010451.3	lncRNA	chr5	4967764	4970425	-	1	1
ENSG00000251513.2	LIX1-AS1	lncRNA	chr5	97089075	97437217	+	53	25
ENSG00000251515.1	CCDC11P1	processed_pseudogene	chr5	39571478	39572639	-	1	1
ENSG00000251521.2	IMPA1P1	transcribed_unprocessed_pseudogene	chr8	81605569	81631134	-	2	2
ENSG00000251532.1	AC091849.2	lncRNA	chr5	1544107	1551710	-	1	1
ENSG00000251537.4	AC005324.2	protein_coding	chr17	15571491	15651653	-	43	2
ENSG00000251538.7	LINC02201	lncRNA	chr5	122628952	122730685	-	10	10
ENSG00000251548.1	AC106760.2	processed_pseudogene	chr5	10664495	10665113	-	1	1
ENSG00000251556.1	AC091887.1	lncRNA	chr5	146099406	146120412	+	15	1
ENSG00000251569.1	AC093899.2	protein_coding	chr2	169479480	169525922	+	22	1
ENSG00000251573.2	LINC02106	lncRNA	chr5	50969217	50970167	-	1	1
ENSG00000251574.8	AC099520.1	lncRNA	chr5	104383298	105392970	-	89	55
ENSG00000251576.1	LINC01267	lncRNA	chr3	14348451	14352568	-	1	1
ENSG00000251593.1	MSNP1	processed_pseudogene	chr5	25909503	25911234	+	1	1
ENSG00000251599.1	AC116345.3	lncRNA	chr5	73132008	73150592	-	2	2
ENSG00000251604.1	LINC01385	lncRNA	chr5	73451498	73453395	+	1	1
ENSG00000251610.2	AC083906.4	unprocessed_pseudogene	chr3	130048143	130055920	-	1	1
ENSG00000251613.4	AC063979.1	lncRNA	chr5	72687112	72771733	-	8	8
ENSG00000251621.1	AC009487.2	lncRNA	chr2	161424015	161428774	+	1	0
ENSG00000251623.2	AC139491.5	transcribed_processed_pseudogene	chr5	176119545	176156937	+	7	1
ENSG00000251629.7	LINC02241	lncRNA	chr5	20611806	20937800	+	29	28
ENSG00000251633.3	GYG1P1	unprocessed_pseudogene	chr8	73905357	73915010	-	1	1
ENSG00000251654.2	AC099499.1	lncRNA	chr5	25218973	25298612	-	7	0
ENSG00000251664.5	PCDHA12	protein_coding	chr5	140875302	141012347	+	28	0
ENSG00000251670.1	AC113346.2	lncRNA	chr5	174751304	174850725	+	9	8
ENSG00000251675.1	AC010260.1	lncRNA	chr5	80128361	80143883	+	18	0
ENSG00000251680.6	AC008591.1	lncRNA	chr5	129500361	129905917	-	59	14
ENSG00000251812.1	Y_RNA	misc_RNA	chr17	4186326	4186424	+	1	0
ENSG00000251850.1	RNA5SP96	rRNA_pseudogene	chr2	69181897	69182003	-	1	0
ENSG00000251856.1	MIR449C	miRNA	chr5	55172262	55172353	-	1	0
ENSG00000251887.2	RNU6-760P	snRNA	chr5	31832439	31832535	+	1	0
ENSG00000251951.1	RN7SKP34	misc_RNA	chr5	87102603	87102846	-	1	0
ENSG00000252129.1	SNORA74	snoRNA	chr17	15574019	15574198	+	1	0
ENSG00000252358.1	RN7SKP135	misc_RNA	chr8	63609354	63609600	-	1	1
ENSG00000253100.2	AC009623.1	lncRNA	chr8	25593197	25688786	+	8	8
ENSG00000253102.1	AC004707.1	lncRNA	chr17	50396438	50397888	+	2	0
ENSG00000253103.2	LINC01609	lncRNA	chr8	111093263	111236203	-	11	10
ENSG00000253104.1	AC139497.1	lncRNA	chr5	22139247	22141468	-	1	0
ENSG00000253105.6	AP003548.1	lncRNA	chr8	96370800	96387438	-	1	1
ENSG00000253106.1	AC090198.1	lncRNA	chr8	124488510	124491643	+	1	0
ENSG00000253108.1	AC090993.1	lncRNA	chr8	34228439	34346731	+	10	8
ENSG00000253111.2	AC091114.1	lncRNA	chr8	125466939	125541373	+	7	7
ENSG00000253116.1	AC027698.1	lncRNA	chr8	58091442	58106294	-	2	0
ENSG00000253117.5	OC90	protein_coding	chr8	132024216	132059382	-	16	0
ENSG00000253122.1	AC025366.1	lncRNA	chr8	110609241	110632394	+	2	2
ENSG00000253125.1	AC055854.1	lncRNA	chr8	22690150	22798616	+	20	2
ENSG00000253130.2	AC114550.1	lncRNA	chr8	8561386	8574038	+	1	1
ENSG00000253133.2	AC009630.1	lncRNA	chr8	41509593	41578421	-	27	6
ENSG00000253137.1	PSMC2P2	processed_pseudogene	chr8	84678798	84679842	+	1	0
ENSG00000253138.5	LINC00967	lncRNA	chr8	66192093	66197315	+	1	1
ENSG00000253140.2	AC026904.1	lncRNA	chr8	48515852	48518157	-	1	1
ENSG00000253141.2	AC008632.1	lncRNA	chr5	173463484	173484584	+	2	2
ENSG00000253143.3	AC022730.3	lncRNA	chr8	70471112	70480623	-	1	1
ENSG00000253144.1	AC104117.2	processed_pseudogene	chr5	179082680	179083194	-	3	0
ENSG00000253147.5	AC015468.1	lncRNA	chr8	20953127	20968904	+	1	0
ENSG00000253154.2	AC100801.1	lncRNA	chr8	85833377	85951083	+	6	5
ENSG00000253155.1	AC008676.2	processed_pseudogene	chr5	157422439	157422873	+	1	0
ENSG00000253159.3	PCDHGA12	protein_coding	chr5	141430507	141512975	+	24	0
ENSG00000253161.5	LINC01605	lncRNA	chr8	37421341	37554183	-	12	12
ENSG00000253164.5	AC023403.1	lncRNA	chr8	20350210	20372769	+	1	1
ENSG00000253171.1	AC037450.1	lncRNA	chr8	87974165	88019113	+	4	4
ENSG00000253172.1	AC008378.1	lncRNA	chr5	173144162	173145039	-	1	1
ENSG00000253174.2	AC009630.2	lncRNA	chr8	41540381	41545044	-	11	0
ENSG00000253177.2	AC104211.1	lncRNA	chr8	92668660	92683450	+	1	1
ENSG00000253182.1	AC084026.1	lncRNA	chr8	29548171	29564341	+	2	2
ENSG00000253184.1	AC011586.1	lncRNA	chr8	16604255	16664879	+	5	0
ENSG00000253190.4	AC084082.1	lncRNA	chr8	66112667	66126632	+	1	1
ENSG00000253195.2	AC134698.2	unprocessed_pseudogene	chr8	43542076	43544057	+	1	1
ENSG00000253196.1	AC083841.1	lncRNA	chr8	142763116	142766427	+	5	1
ENSG00000253197.5	AC117834.1	lncRNA	chr8	92882984	92965645	+	12	1
ENSG00000253199.2	LINC02153	lncRNA	chr8	20972021	20995119	+	2	0
ENSG00000253200.1	AC037459.2	lncRNA	chr8	22613908	22616657	-	8	0
ENSG00000253205.6	AC011124.1	lncRNA	chr8	63384839	63470205	-	7	7
ENSG00000253206.1	AC090155.1	lncRNA	chr8	49536386	49554414	-	2	2
ENSG00000253207.3	AC103993.1	lncRNA	chr8	113600310	113616958	+	1	1
ENSG00000253210.2	AC040970.1	lncRNA	chr8	141124717	141130064	-	2	0
ENSG00000253214.2	AC079209.1	lncRNA	chr8	81149107	81165266	+	2	2
ENSG00000253215.1	AC087273.1	lncRNA	chr8	17882043	17882661	+	1	0
ENSG00000253217.1	AP001574.1	lncRNA	chr8	100337595	100350707	+	1	1
ENSG00000253230.9	MIR124-1HG	lncRNA	chr8	9899871	9906678	-	1	1
ENSG00000253235.2	AC111149.1	lncRNA	chr8	73326991	73370601	-	4	1
ENSG00000253236.2	LINC02143	lncRNA	chr5	164448161	164467879	-	2	0
ENSG00000253238.3	AC034114.2	lncRNA	chr8	80265907	80484481	+	19	19
ENSG00000253250.3	C8orf88	protein_coding	chr8	90958471	90985238	-	7	7
ENSG00000253251.3	SHLD3	protein_coding	chr5	65625027	65630928	+	8	0
ENSG00000253256.1	AC134043.2	lncRNA	chr5	159209921	159248796	+	2	1
ENSG00000253258.1	AC068228.1	lncRNA	chr8	123181638	123182788	-	4	0
ENSG00000253260.2	AC087664.1	lncRNA	chr8	59561324	59604774	-	3	3
ENSG00000253267.5	DLGAP2-AS1	lncRNA	chr8	1565509	1622417	-	7	0
ENSG00000253270.1	AC090541.1	lncRNA	chr8	19678572	19688934	+	10	0
ENSG00000253279.6	LINC02209	lncRNA	chr8	29920560	29953724	+	3	3
ENSG00000253281.7	AC092819.1	lncRNA	chr8	58255771	58272137	-	1	1
ENSG00000253286.6	AC135166.1	lncRNA	chr8	123614219	123667248	+	20	6
ENSG00000253287.1	AC104012.1	lncRNA	chr8	71779605	71792875	-	1	1
ENSG00000253288.2	AC046195.1	lncRNA	chr8	137809444	138083657	-	25	9
ENSG00000253295.2	AC022217.2	lncRNA	chr5	172755457	172762587	+	1	1
ENSG00000253298.2	LINC01845	lncRNA	chr5	159448556	159466291	-	2	0
ENSG00000253300.2	AC018541.1	lncRNA	chr8	20655184	20700152	-	4	4
ENSG00000253301.6	LINC01606	lncRNA	chr8	57142659	57244793	+	8	8
ENSG00000253302.1	STAU2-AS1	lncRNA	chr8	73420004	73441526	+	3	0
ENSG00000253305.2	PCDHGB6	protein_coding	chr5	141408021	141512979	+	45	0
ENSG00000253311.3	LINC01847	lncRNA	chr5	159698586	159937766	-	24	5
ENSG00000253314.7	LINC00293	lncRNA	chr8	46822174	46907309	+	8	8
ENSG00000253315.1	LINC01932	lncRNA	chr5	159227715	159245127	+	1	0
ENSG00000253317.1	AC078906.1	lncRNA	chr8	72196334	72202269	+	1	1
ENSG00000253318.1	TMCC1P1	processed_pseudogene	chr8	105194990	105196969	-	1	0
ENSG00000253320.7	MAILR	lncRNA	chr8	102864271	103002424	+	17	13
ENSG00000253321.1	AC099554.1	lncRNA	chr5	90353037	90356609	-	1	1
ENSG00000253322.1	AC104051.1	lncRNA	chr8	57594166	57805029	-	19	19
ENSG00000253327.2	RAD21-AS1	lncRNA	chr8	116874424	116876868	+	1	1
ENSG00000253331.1	AC008662.1	lncRNA	chr5	164119098	164234097	-	10	10
ENSG00000253334.1	AC132219.1	lncRNA	chr8	81791823	81815714	+	11	1
ENSG00000253335.1	AC009884.1	lncRNA	chr8	18989279	19000952	+	1	0
ENSG00000253342.1	AC009623.2	lncRNA	chr8	25776679	25777456	+	1	1
ENSG00000253344.1	AC137579.1	lncRNA	chr8	37626015	37674387	-	1	1
ENSG00000253347.1	AC040934.1	lncRNA	chr17	47409322	47423526	-	3	0
ENSG00000253348.1	AC008514.1	lncRNA	chr5	170747047	170788650	-	17	2
ENSG00000253349.1	COX6B1P6	processed_pseudogene	chr8	89823548	89823802	-	1	1
ENSG00000253351.2	LINC01298	lncRNA	chr8	95206876	95216525	-	1	0
ENSG00000253354.2	AC105999.1	lncRNA	chr8	40369981	40402010	+	3	3
ENSG00000253356.1	AC084024.3	lncRNA	chr8	38148741	38163772	+	2	1
ENSG00000253361.3	AC069120.1	lncRNA	chr8	38543276	38560877	-	1	0
ENSG00000253363.7	AC090809.1	lncRNA	chr8	36378069	36779209	-	23	23
ENSG00000253369.2	AC022034.3	lncRNA	chr8	53394110	53484067	-	8	8
ENSG00000253372.5	AC016405.1	lncRNA	chr8	122807746	122816517	+	1	0
ENSG00000253374.5	AC023644.1	lncRNA	chr8	81521618	81533275	+	3	0
ENSG00000253376.2	AC012103.1	lncRNA	chr8	57888975	57934329	-	4	0
ENSG00000253377.2	AC068672.2	lncRNA	chr8	31275542	31390805	+	10	9
ENSG00000253380.1	AC090155.2	lncRNA	chr8	49496763	49512180	-	1	1
ENSG00000253389.2	AC113133.1	lncRNA	chr8	41660991	41665566	+	4	0
ENSG00000253390.1	AC104561.1	lncRNA	chr8	23458601	23484971	+	2	2
ENSG00000253394.6	LINC00534	lncRNA	chr8	90221341	90687863	+	51	0
ENSG00000253397.1	AC069113.2	lncRNA	chr8	27904481	27910310	+	10	0
ENSG00000253398.1	AC021733.2	lncRNA	chr8	119419910	119462350	-	16	4
ENSG00000253400.1	AL356133.1	lncRNA	chr9	26801733	26805862	+	1	1
ENSG00000253403.1	AC091944.1	lncRNA	chr5	161687347	161689408	-	2	0
ENSG00000253404.1	AC034243.1	lncRNA	chr5	138744434	138753309	-	3	0
ENSG00000253406.1	AC012613.2	lncRNA	chr5	149216523	149276805	-	24	0
ENSG00000253407.2	AC087341.1	lncRNA	chr8	131129761	131144948	-	1	1
ENSG00000253408.6	AC083973.1	lncRNA	chr8	42233674	42271266	-	3	3
ENSG00000253416.1	AC023200.1	lncRNA	chr8	76904591	76913399	+	1	1
ENSG00000253417.5	LINC02159	lncRNA	chr5	160931778	160938626	-	1	1
ENSG00000253420.1	AC103853.1	lncRNA	chr8	105662352	105685765	-	2	0
ENSG00000253425.2	HSPA8P13	unprocessed_pseudogene	chr8	46549089	46550802	+	1	1
ENSG00000253427.1	AC084116.2	lncRNA	chr8	126474189	126492596	+	2	2
ENSG00000253428.1	LINC01942	lncRNA	chr5	173689459	173705849	+	2	2
ENSG00000253433.1	NCRNA00250	lncRNA	chr8	134838069	134842637	+	1	1
ENSG00000253434.8	LINC02237	lncRNA	chr8	111376639	111757710	+	34	34
ENSG00000253435.1	IGKV2-4	IG_V_pseudogene	chr2	88931666	88932380	-	1	1
ENSG00000253438.4	PCAT1	lncRNA	chr8	126556323	127419050	+	108	43
ENSG00000253444.1	AC245519.1	lncRNA	chr8	2493876	2512580	-	1	1
ENSG00000253445.1	AC027309.1	lncRNA	chr5	172690454	172697720	-	1	1
ENSG00000253447.6	AC113423.2	lncRNA	chr5	174081506	174086618	-	1	0
ENSG00000253449.1	AC025437.3	lncRNA	chr5	158225352	158234376	-	1	1
ENSG00000253452.6	AC124290.1	lncRNA	chr8	35862123	36191194	+	21	15
ENSG00000253456.1	AC136424.1	lncRNA	chr5	158985806	158987199	+	1	0
ENSG00000253457.3	SMIM18	protein_coding	chr8	30638580	30646064	+	4	0
ENSG00000253471.1	AC012574.1	lncRNA	chr8	23707141	23789487	+	8	5
ENSG00000253472.1	AC034205.1	processed_pseudogene	chr5	151378003	151378640	-	1	0
ENSG00000253474.2	AC044893.1	lncRNA	chr8	49086301	49229174	+	14	14
ENSG00000253477.5	AC012213.1	lncRNA	chr8	103483398	103501676	-	3	0
ENSG00000253479.6	LINC01603	lncRNA	chr8	69424849	69448282	-	3	3
ENSG00000253485.2	PCDHGA5	protein_coding	chr5	141364232	141512979	+	85	0
ENSG00000253490.5	LINC02099	lncRNA	chr8	29748309	29798492	+	5	5
ENSG00000253496.3	AC011586.2	lncRNA	chr8	16598758	16915044	-	29	24
ENSG00000253500.6	AF121898.1	lncRNA	chr8	87540835	87755718	-	23	13
ENSG00000253503.6	AC060765.1	lncRNA	chr8	82514568	82677153	-	15	0
ENSG00000253505.3	AC103957.1	lncRNA	chr8	8414204	8424648	-	1	1
ENSG00000253506.3	NACA2	protein_coding	chr17	61590421	61591219	-	3	3
ENSG00000253507.5	AC104257.1	lncRNA	chr8	131308545	131317632	+	1	1
ENSG00000253515.2	AC016912.1	lncRNA	chr2	46429229	46501278	+	12	1
ENSG00000253521.2	HPYR1	lncRNA	chr8	132507962	132565246	-	5	5
ENSG00000253522.6	MIR3142HG	lncRNA	chr5	160438594	160487426	+	4	4
ENSG00000253523.1	AC104350.1	lncRNA	chr8	58031334	58032682	-	1	0
ENSG00000253524.1	AC124290.2	lncRNA	chr8	36004316	36095046	-	6	0
ENSG00000253526.1	AC090802.1	lncRNA	chr8	105826570	105834038	+	1	0
ENSG00000253528.2	AC087752.2	processed_pseudogene	chr8	94974573	94974853	-	5	0
ENSG00000253530.2	AC084116.3	lncRNA	chr8	126506326	126522360	+	2	2
ENSG00000253535.5	AC120193.1	lncRNA	chr8	24295814	24912073	-	113	43
ENSG00000253537.3	PCDHGA7	protein_coding	chr5	141382739	141512975	+	73	0
ENSG00000253540.5	FAM86HP	transcribed_unprocessed_pseudogene	chr3	130099092	130111472	-	1	0
ENSG00000253542.7	SDR16C6P	transcribed_unitary_pseudogene	chr8	56373064	56395365	-	2	2
ENSG00000253549.6	CA3-AS1	lncRNA	chr8	85440596	85464915	-	5	2
ENSG00000253551.1	AC021915.1	lncRNA	chr8	52194362	52199580	+	1	0
ENSG00000253553.7	AC090578.1	lncRNA	chr8	88326836	88887573	+	53	50
ENSG00000253554.7	LINC01414	lncRNA	chr8	63687179	64369176	-	59	50
ENSG00000253556.1	MTCO1P4	processed_pseudogene	chr8	103088796	103090671	+	1	1
ENSG00000253557.6	AC100849.1	lncRNA	chr8	19084992	19259469	-	17	12
ENSG00000253558.1	AC024568.1	transcribed_processed_pseudogene	chr5	78041879	78044138	-	1	0
ENSG00000253559.1	OSGEPL1-AS1	lncRNA	chr2	189762704	189765556	+	1	1
ENSG00000253561.1	AC133634.1	lncRNA	chr8	133771409	133814537	+	4	4
ENSG00000253573.2	AC024382.1	lncRNA	chr8	126766196	126846981	-	8	0
ENSG00000253577.2	AC117834.2	lncRNA	chr8	92765651	92858297	+	3	0
ENSG00000253582.1	AC090579.1	lncRNA	chr8	106520474	106657548	-	12	0
ENSG00000253584.1	AC091987.1	lncRNA	chr5	104917492	105246364	-	30	0
ENSG00000253591.2	KCNIP1-AS1	lncRNA	chr5	170639158	170681437	-	9	0
ENSG00000253593.2	AC110741.1	lncRNA	chr8	133886496	133902407	+	2	2
ENSG00000253595.6	LINC01300	lncRNA	chr8	141340505	141344621	+	1	1
ENSG00000253598.3	SLC10A5	protein_coding	chr8	81693631	81695058	-	3	3
ENSG00000253604.1	AC131254.2	lncRNA	chr8	29905735	29908956	+	1	1
ENSG00000253607.1	AC104316.1	lncRNA	chr8	123002560	123030751	+	17	2
ENSG00000253608.2	AC022915.2	lncRNA	chr8	48551567	48698510	+	10	8
ENSG00000253613.2	AC008572.1	lncRNA	chr5	111076921	111092115	-	9	5
ENSG00000253618.1	GRPEL2-AS1	lncRNA	chr5	149348116	149357642	-	2	0
ENSG00000253619.1	AC068413.1	lncRNA	chr8	120913065	121119754	+	19	19
ENSG00000253627.1	AC105180.1	lncRNA	chr8	134211865	134320447	-	10	0
ENSG00000253629.1	AP000426.1	lncRNA	chr8	101686547	101689093	+	5	0
ENSG00000253632.1	AC084026.2	lncRNA	chr8	29527312	29530323	+	1	1
ENSG00000253633.2	AP002852.1	lncRNA	chr8	102528740	102539943	+	1	1
ENSG00000253634.3	AC091096.1	lncRNA	chr8	92460539	92655576	-	18	18
ENSG00000253636.1	AC022893.1	lncRNA	chr8	73052178	73063061	+	1	1
ENSG00000253641.6	LINCR-0001	lncRNA	chr8	10474565	10482388	+	1	1
ENSG00000253642.6	AF279873.3	lncRNA	chr8	33604856	34039104	+	38	35
ENSG00000253643.6	AC024958.1	lncRNA	chr8	24490312	24514856	-	14	0
ENSG00000253645.1	AC108863.1	lncRNA	chr8	38970360	38973011	-	2	0
ENSG00000253647.1	KCNIP1-OT1	lncRNA	chr5	170389493	170422844	+	5	0
ENSG00000253648.1	AC018437.1	lncRNA	chr8	15973315	16000324	+	2	2
ENSG00000253649.5	PRSS51	protein_coding	chr8	10482878	10547585	-	50	24
ENSG00000253652.1	AC136628.4	lncRNA	chr5	179503322	179515579	-	2	2
ENSG00000253653.1	AC009185.1	lncRNA	chr5	157260122	157266625	-	3	1
ENSG00000253656.1	AC090987.1	lncRNA	chr8	130595299	130655712	-	5	5
ENSG00000253658.6	LINC01592	lncRNA	chr8	68880139	69104242	-	21	21
ENSG00000253659.2	AC138646.1	lncRNA	chr8	79259402	79314951	+	5	5
ENSG00000253660.1	AC008464.1	lncRNA	chr5	167937717	167953469	-	1	0
ENSG00000253661.2	ZFHX4-AS1	lncRNA	chr8	76491200	76683308	-	13	12
ENSG00000253664.1	AC012413.1	lncRNA	chr8	51257688	51321118	+	10	6
ENSG00000253665.1	LINC02866	lncRNA	chr8	40114651	40127468	+	1	1
ENSG00000253666.2	AP000424.1	lncRNA	chr8	100475667	100501148	+	1	1
ENSG00000253671.3	AC027117.1	lncRNA	chr8	17808361	17822183	+	1	0
ENSG00000253673.1	AC025437.4	lncRNA	chr5	158175396	158200016	+	2	2
ENSG00000253675.1	AC023194.2	lncRNA	chr8	86098965	86154225	-	13	0
ENSG00000253679.1	LINC02844	lncRNA	chr8	101261541	101262903	-	1	1
ENSG00000253682.2	AC022695.2	lncRNA	chr8	92402920	92413681	-	1	1
ENSG00000253686.2	LINC01484	lncRNA	chr5	173707614	173746279	-	4	4
ENSG00000253687.1	AC008456.1	lncRNA	chr5	160613873	160639183	+	13	0
ENSG00000253690.1	AC021678.2	lncRNA	chr8	28250063	28339255	-	10	6
ENSG00000253693.1	AC008415.1	lncRNA	chr5	165349030	165778689	+	39	39
ENSG00000253696.2	KBTBD11-OT1	lncRNA	chr8	1971397	1976478	+	6	0
ENSG00000253699.1	AC084128.1	lncRNA	chr8	86180418	86212236	+	3	3
ENSG00000253702.1	LINC02847	lncRNA	chr8	48597458	48621018	-	2	0
ENSG00000253704.2	AC023632.2	lncRNA	chr8	94553668	94570648	+	2	2
ENSG00000253706.5	AC011632.1	lncRNA	chr8	74798784	74866939	-	20	1
ENSG00000253708.1	AC026979.1	lncRNA	chr8	30176554	30180888	-	1	0
ENSG00000253712.1	LINC02886	lncRNA	chr8	75167704	75176656	-	1	0
ENSG00000253713.1	AC091819.2	lncRNA	chr5	167116318	167119585	-	1	1
ENSG00000253715.1	AC083841.2	lncRNA	chr8	142785374	142812120	+	7	1
ENSG00000253716.6	MINCR	lncRNA	chr8	143280161	143281690	-	1	1
ENSG00000253720.2	AC022973.3	lncRNA	chr8	129939844	129951056	+	2	0
ENSG00000253726.1	AC013562.1	lncRNA	chr8	72732045	72751843	+	2	0
ENSG00000253728.5	AC083841.3	lncRNA	chr8	142834138	142834940	-	2	0
ENSG00000253729.8	PRKDC	protein_coding	chr8	47773111	47960178	-	19	19
ENSG00000253731.3	PCDHGA6	protein_coding	chr5	141373891	141512975	+	81	0
ENSG00000253733.3	LZTS1-AS1	lncRNA	chr8	20275773	20290458	+	1	0
ENSG00000253734.2	LINC01289	lncRNA	chr8	63769428	63813937	+	4	0
ENSG00000253736.3	AC022217.3	lncRNA	chr5	172762980	172782334	+	5	2
ENSG00000253738.2	OTUD6B-AS1	lncRNA	chr8	91059318	91070583	-	2	1
ENSG00000253741.2	LNCOC1	lncRNA	chr8	142701857	142727016	-	12	2
ENSG00000253743.1	MARK2P11	unprocessed_pseudogene	chr5	157984658	157989990	-	1	1
ENSG00000253744.1	AC025442.1	lncRNA	chr5	66144156	66144795	-	1	0
ENSG00000253745.1	AC091163.1	lncRNA	chr8	46922561	46928832	+	1	1
ENSG00000253754.1	AC087620.1	lncRNA	chr8	108226200	108227544	+	5	0
ENSG00000253762.2	AC069133.1	lncRNA	chr8	63703077	63751677	+	4	0
ENSG00000253764.3	AC019257.1	lncRNA	chr8	1971153	1974637	-	6	0
ENSG00000253766.1	AC091946.1	lncRNA	chr5	21616262	21779522	+	20	13
ENSG00000253767.3	PCDHGA8	protein_coding	chr5	141390157	141512975	+	63	0
ENSG00000253768.1	AC008663.1	lncRNA	chr5	173562478	173573199	+	1	1
ENSG00000253773.3	C8orf37-AS1	lncRNA	chr8	95204456	95811254	+	58	49
ENSG00000253775.2	AC100802.1	lncRNA	chr8	20079114	20124857	+	5	5
ENSG00000253776.1	AC099520.2	lncRNA	chr5	104773641	104799772	+	2	0
ENSG00000253778.1	AC090572.2	lncRNA	chr8	86765935	86818558	+	5	5
ENSG00000253781.1	ZNF317P1	processed_pseudogene	chr8	93646066	93647092	+	1	0
ENSG00000253782.2	AC091163.2	lncRNA	chr8	46930604	46951850	-	1	1
ENSG00000253783.1	AC100807.2	lncRNA	chr8	139114193	139127953	-	1	1
ENSG00000253787.1	LINC02219	lncRNA	chr5	68189876	68198407	+	1	1
ENSG00000253789.1	NARS1P2	transcribed_processed_pseudogene	chr8	62110524	62119898	+	1	1
ENSG00000253793.1	AC008066.1	processed_pseudogene	chr8	30983459	30984321	-	1	1
ENSG00000253796.2	AC104248.1	lncRNA	chr8	108871128	109063417	-	17	17
ENSG00000253798.2	AC008694.1	transcribed_unprocessed_pseudogene	chr5	157682985	157690878	-	1	1
ENSG00000253799.1	LINC01030	lncRNA	chr8	90592804	90606065	-	2	0
ENSG00000253800.1	AC090136.2	processed_pseudogene	chr8	64570913	64571332	-	1	1
ENSG00000253802.2	SIRLNT	lncRNA	chr8	40298697	40353133	-	4	4
ENSG00000253806.1	AC108002.1	lncRNA	chr8	142727283	142727690	-	1	0
ENSG00000253807.6	LINC01170	lncRNA	chr5	124059794	124438625	-	35	35
ENSG00000253810.1	PSAT1P1	processed_pseudogene	chr8	49740216	49741321	-	1	1
ENSG00000253819.2	LINC01151	lncRNA	chr8	122485194	122733804	-	21	21
ENSG00000253821.2	AC090796.1	lncRNA	chr8	57492884	57592451	+	9	9
ENSG00000253824.2	AP003472.1	lncRNA	chr8	100380486	100464613	-	8	7
ENSG00000253832.1	AC107373.1	lncRNA	chr8	24992002	25009777	+	1	0
ENSG00000253836.1	AC105031.2	lncRNA	chr8	82862779	82958696	-	9	0
ENSG00000253837.1	AC090197.1	lncRNA	chr8	23336171	23366125	+	4	0
ENSG00000253842.2	AP003472.2	lncRNA	chr8	100427559	100432726	-	1	0
ENSG00000253844.1	AC064807.2	lncRNA	chr8	51961458	52022974	+	6	5
ENSG00000253846.2	PCDHGA10	protein_coding	chr5	141412987	141512979	+	40	0
ENSG00000253851.1	AC025370.1	lncRNA	chr8	103228425	103229314	-	1	0
ENSG00000253853.3	AC246817.1	lncRNA	chr8	2726956	2838823	+	11	11
ENSG00000253854.1	AC010834.3	lncRNA	chr8	93719574	93721167	+	1	0
ENSG00000253858.1	AC008619.1	lncRNA	chr5	170483806	170486407	-	2	0
ENSG00000253859.2	AC018616.1	lncRNA	chr8	81439436	81521818	+	26	8
ENSG00000253861.1	SLC2A3P1	processed_pseudogene	chr5	168552277	168553727	-	3	0
ENSG00000253868.4	FER1L6-AS2	lncRNA	chr8	124044395	124171522	-	19	5
ENSG00000253871.2	AC068075.1	lncRNA	chr8	57341021	57365444	+	2	2
ENSG00000253872.1	AC083836.1	lncRNA	chr8	95505406	95527524	+	2	0
ENSG00000253873.6	PCDHGA11	protein_coding	chr5	141421047	141512975	+	32	0
ENSG00000253875.2	AC013643.2	lncRNA	chr8	27732915	27758552	+	14	1
ENSG00000253877.6	LINC01608	lncRNA	chr8	110899996	111040372	-	12	12
ENSG00000253879.2	AC087664.2	lncRNA	chr8	59601319	59620227	+	1	1
ENSG00000253880.1	AC009435.1	lncRNA	chr8	6044353	6257537	-	21	21
ENSG00000253884.1	AC022616.5	processed_pseudogene	chr8	43246755	43246935	-	1	1
ENSG00000253887.1	AC022784.3	lncRNA	chr8	9255349	9260295	-	1	0
ENSG00000253888.2	AC090150.1	lncRNA	chr8	27171914	27210783	+	4	4
ENSG00000253891.2	AC023202.1	lncRNA	chr8	24169001	24177080	-	1	1
ENSG00000253893.2	FAM85B	lncRNA	chr8	8167819	8226614	-	3	1
ENSG00000253894.2	AC011124.2	lncRNA	chr8	63465831	63478745	+	1	1
ENSG00000253897.2	AC034205.2	transcribed_unprocessed_pseudogene	chr5	151366299	151436953	-	7	6
ENSG00000253898.1	LINC01419	lncRNA	chr8	83403758	83408900	+	1	1
ENSG00000253901.1	AC103409.1	lncRNA	chr8	91542924	91907619	-	29	29
ENSG00000253910.2	PCDHGB2	protein_coding	chr5	141360042	141512979	+	88	0
ENSG00000253915.1	MAPRE1P1	processed_pseudogene	chr8	135625185	135625981	-	1	0
ENSG00000253921.1	AC091982.1	lncRNA	chr5	151753992	151767247	+	1	0
ENSG00000253924.2	AC103831.1	lncRNA	chr8	52294455	52301942	+	1	0
ENSG00000253925.1	AC011369.1	lncRNA	chr5	168085329	168187719	-	13	0
ENSG00000253926.1	AC011257.1	lncRNA	chr8	129415949	129445852	+	3	0
ENSG00000253927.1	AC002428.1	lncRNA	chr5	135900353	135918161	-	2	2
ENSG00000253931.1	AC105118.1	lncRNA	chr8	143412749	143417054	+	1	1
ENSG00000253932.1	AC019270.1	lncRNA	chr8	13338574	13342754	+	1	0
ENSG00000253939.1	AC007991.3	lncRNA	chr8	39903775	39995248	-	27	1
ENSG00000253944.1	AC027117.2	lncRNA	chr8	17801345	17861069	+	6	5
ENSG00000253948.2	VPS13B-DT	lncRNA	chr8	98958277	99013743	-	3	3
ENSG00000253949.1	AC022634.2	lncRNA	chr8	108581062	108626767	+	7	3
ENSG00000253953.3	PCDHGB4	protein_coding	chr5	141387698	141512975	+	66	0
ENSG00000253955.2	AC008663.2	lncRNA	chr5	173578275	173585068	+	1	1
ENSG00000253956.1	AC073023.1	lncRNA	chr8	110334743	110349607	-	1	1
ENSG00000253958.2	CLDN23	protein_coding	chr8	8701937	8704096	+	15	15
ENSG00000253959.1	LINC01863	lncRNA	chr5	173642519	173658194	+	2	2
ENSG00000253960.1	AC016885.1	lncRNA	chr8	93215925	93234878	-	1	0
ENSG00000253961.1	AC009563.1	lncRNA	chr8	31167078	31177167	-	8	0
ENSG00000253967.1	AC022730.4	lncRNA	chr8	70471134	70485687	+	1	1
ENSG00000253968.2	AC016573.1	lncRNA	chr5	173383941	173451591	+	6	6
ENSG00000253972.6	MAL2-AS1	lncRNA	chr8	119214625	119246848	-	5	1
ENSG00000253974.6	NRG1-IT1	lncRNA	chr8	32026210	32139495	+	10	0
ENSG00000253978.2	CTB-178M22.2	lncRNA	chr5	168229583	168269415	-	10	1
ENSG00000253980.1	AC010609.1	lncRNA	chr5	157199242	157224380	-	4	0
ENSG00000253981.5	ALG1L13P	transcribed_unprocessed_pseudogene	chr8	8236003	8244667	-	1	0
ENSG00000253982.2	AC100810.1	lncRNA	chr8	1761054	1764508	-	2	0
ENSG00000253983.3	AC087627.1	lncRNA	chr8	74093545	74208536	+	10	10
ENSG00000253988.1	AC079015.1	lncRNA	chr8	138063268	138073240	+	1	0
ENSG00000253992.1	AC103726.2	lncRNA	chr8	130935409	130949665	+	1	0
ENSG00000254001.5	AC084706.1	lncRNA	chr8	78148101	78153913	+	1	1
ENSG00000254002.2	AC012574.2	lncRNA	chr8	23714066	23743042	-	3	0
ENSG00000254006.5	AC104232.1	lncRNA	chr8	64801236	64817573	-	1	0
ENSG00000254007.2	AC084768.1	lncRNA	chr8	5659679	5670140	-	1	1
ENSG00000254008.1	LINC00051	lncRNA	chr8	142198356	142209003	+	1	1
ENSG00000254011.1	AC011333.1	lncRNA	chr5	174173101	174181814	+	1	0
ENSG00000254019.1	AC011676.2	lncRNA	chr8	141254565	141256817	+	1	0
ENSG00000254024.1	AP001207.3	lncRNA	chr8	101461177	101492499	-	3	3
ENSG00000254026.1	AC015468.2	lncRNA	chr8	20954012	20968904	+	1	0
ENSG00000254027.1	AC009902.2	lncRNA	chr8	81279871	81281446	-	1	0
ENSG00000254031.6	AC022858.1	lncRNA	chr8	71155454	71204223	+	10	0
ENSG00000254033.1	AC087855.1	lncRNA	chr8	34229294	34248946	-	2	0
ENSG00000254035.1	AC104117.3	lncRNA	chr5	178969390	178990116	+	43	1
ENSG00000254039.1	AC027801.4	lncRNA	chr17	49914403	49932918	+	2	2
ENSG00000254040.2	AC103719.1	lncRNA	chr8	21023276	21030368	+	1	0
ENSG00000254041.1	AC021546.1	lncRNA	chr8	105142860	105188606	-	4	0
ENSG00000254042.2	SLIT3-AS2	lncRNA	chr5	168706567	168720884	+	3	0
ENSG00000254049.2	NRG1-IT3	lncRNA	chr8	32440704	32448803	+	1	0
ENSG00000254050.1	AC018861.2	lncRNA	chr8	62473217	62474269	-	1	0
ENSG00000254055.2	AC009597.1	lncRNA	chr8	56638894	56656496	-	1	1
ENSG00000254057.1	AC084346.1	lncRNA	chr8	93834454	93846743	-	1	1
ENSG00000254060.1	AC022778.1	lncRNA	chr8	81036964	81040831	+	1	0
ENSG00000254064.1	AC105206.2	lncRNA	chr8	22254576	22275162	-	1	1
ENSG00000254066.2	LINC01938	lncRNA	chr5	165220577	165241756	-	2	2
ENSG00000254067.2	AC123767.1	transcribed_unitary_pseudogene	chr8	39522976	39580134	+	5	5
ENSG00000254080.1	AC115837.1	lncRNA	chr8	74609698	74633320	-	2	0
ENSG00000254081.2	LINC01299	lncRNA	chr8	65526738	65562781	-	3	3
ENSG00000254083.6	LINC01591	lncRNA	chr8	135234131	135299719	+	5	5
ENSG00000254084.1	AP001208.1	lncRNA	chr8	101411873	101452452	-	3	3
ENSG00000254086.1	AC131254.3	lncRNA	chr8	29864644	29871661	+	1	1
ENSG00000254087.8	LYN	protein_coding	chr8	55879835	56014169	+	32	32
ENSG00000254088.1	SLC2A3P4	processed_pseudogene	chr8	86503591	86505061	+	1	0
ENSG00000254089.2	AC016885.2	lncRNA	chr8	93259667	93298528	+	3	0
ENSG00000254092.2	AC021613.1	lncRNA	chr8	20942863	21298168	-	33	28
ENSG00000254093.9	PINX1	protein_coding	chr8	10764961	10839884	-	31	0
ENSG00000254095.1	AC068672.3	lncRNA	chr8	31339197	31346479	+	1	0
ENSG00000254099.1	AC005740.3	lncRNA	chr5	141970637	141982687	-	1	0
ENSG00000254101.7	LINC02055	lncRNA	chr8	135859369	137092183	+	114	108
ENSG00000254102.2	AC090136.3	lncRNA	chr8	64574306	64581921	-	3	0
ENSG00000254104.2	AC136777.2	processed_pseudogene	chr8	264315	264672	+	1	0
ENSG00000254109.6	RBPMS-AS1	lncRNA	chr8	30382119	30385401	-	2	0
ENSG00000254115.1	AC090572.3	lncRNA	chr8	86707547	86765023	+	8	2
ENSG00000254119.5	LINC02842	lncRNA	chr8	61785047	61944180	+	13	12
ENSG00000254120.1	LINC02155	lncRNA	chr8	61889839	61894206	+	1	0
ENSG00000254122.3	PCDHGB7	protein_coding	chr5	141417645	141512975	+	36	0
ENSG00000254123.2	LINC02839	lncRNA	chr8	82098451	82160577	-	5	0
ENSG00000254124.1	EEF1A1P37	processed_pseudogene	chr8	111225585	111227049	+	1	0
ENSG00000254126.8	CD8B2	protein_coding	chr2	106487364	106544297	+	11	9
ENSG00000254129.1	AC108449.1	lncRNA	chr8	29110573	29140729	+	9	0
ENSG00000254130.1	LINC01947	lncRNA	chr5	166905222	166926370	-	2	2
ENSG00000254135.3	AC091939.1	lncRNA	chr5	158485190	158588546	+	10	10
ENSG00000254136.1	AC064807.3	lncRNA	chr8	51996210	52008355	-	1	0
ENSG00000254138.1	AC113386.1	lncRNA	chr5	31093977	31267610	-	19	7
ENSG00000254141.1	AC103853.2	lncRNA	chr8	105669991	105679031	+	1	0
ENSG00000254143.1	AC022733.1	lncRNA	chr8	40161458	40172612	+	1	1
ENSG00000254153.1	AC103957.2	lncRNA	chr8	8456909	8461337	-	1	1
ENSG00000254162.1	AC009812.3	lncRNA	chr8	80535006	80539135	-	1	1
ENSG00000254163.1	AC025434.1	lncRNA	chr5	156704058	156739812	-	3	0
ENSG00000254166.3	CASC19	lncRNA	chr8	127072694	127227541	-	14	0
ENSG00000254171.1	AC114321.1	lncRNA	chr5	166128498	166155439	+	2	2
ENSG00000254177.1	AC079209.2	lncRNA	chr8	81058523	81067744	+	1	0
ENSG00000254178.1	AC090103.1	lncRNA	chr8	25834129	25840135	-	1	1
ENSG00000254180.2	AC004083.1	lncRNA	chr8	90198389	90620077	-	39	2
ENSG00000254186.3	AC113414.1	lncRNA	chr5	162424042	163437326	-	91	91
ENSG00000254192.1	AC011365.1	lncRNA	chr5	168654513	168667761	+	11	0
ENSG00000254194.5	AF279873.4	lncRNA	chr8	33973701	34009595	-	3	0
ENSG00000254197.1	AC011676.3	lncRNA	chr8	141278228	141292862	+	1	0
ENSG00000254202.2	AC015522.1	lncRNA	chr8	83912713	84142463	+	20	20
ENSG00000254208.1	AC011773.1	lncRNA	chr8	85177522	85178150	-	1	0
ENSG00000254209.2	LINC02855	lncRNA	chr8	121668934	121697600	-	3	0
ENSG00000254211.6	LINC01485	lncRNA	chr5	173778527	173809039	-	3	3
ENSG00000254221.2	PCDHGB1	protein_coding	chr5	141350102	141512979	+	94	0
ENSG00000254222.1	AC023866.2	lncRNA	chr8	61264624	61292039	-	2	0
ENSG00000254226.6	LINC01933	lncRNA	chr5	151949571	152270449	+	29	29
ENSG00000254230.1	AC037459.3	lncRNA	chr8	22565997	22567171	-	3	0
ENSG00000254231.3	AC103760.1	lncRNA	chr8	86333274	86343429	-	1	1
ENSG00000254236.1	AP003550.1	lncRNA	chr8	103020187	103021428	-	2	0
ENSG00000254237.6	AC021242.2	lncRNA	chr8	9367898	9436205	-	6	1
ENSG00000254242.2	AC100849.2	lncRNA	chr8	19091703	19145449	+	5	0
ENSG00000254245.3	PCDHGA3	protein_coding	chr5	141343829	141512975	+	95	0
ENSG00000254246.1	AC011377.1	lncRNA	chr5	157104788	157114900	+	4	0
ENSG00000254248.1	AC068189.1	lncRNA	chr8	95071732	95087924	-	4	0
ENSG00000254249.1	AC100871.2	lncRNA	chr8	124036010	124040468	-	2	0
ENSG00000254251.1	AC103770.1	lncRNA	chr8	90806474	90859240	-	4	0
ENSG00000254254.6	AC012349.1	lncRNA	chr8	56445807	56556513	+	13	5
ENSG00000254256.1	RPSAP71	processed_pseudogene	chr5	171365595	171367693	+	1	1
ENSG00000254260.1	AC015468.3	lncRNA	chr8	20941428	20950175	+	1	0
ENSG00000254261.1	AL451137.2	lncRNA	chr9	26746953	26786874	+	4	4
ENSG00000254263.1	AC022973.4	lncRNA	chr8	129890465	129901758	+	2	0
ENSG00000254266.6	PKIA-AS1	lncRNA	chr8	78268637	78558503	-	24	21
ENSG00000254275.6	LINC00824	lncRNA	chr8	128405269	128564679	-	13	13
ENSG00000254277.1	AC009446.1	lncRNA	chr8	71675300	71702786	+	3	3
ENSG00000254278.1	AC107953.2	lncRNA	chr8	119062942	119068782	-	1	0
ENSG00000254287.1	AC007991.4	lncRNA	chr8	39918076	39920890	-	1	0
ENSG00000254288.1	AC087672.2	lncRNA	chr8	74052340	74099853	+	3	3
ENSG00000254290.1	AC124067.4	lncRNA	chr8	37597480	37599858	-	1	1
ENSG00000254294.1	IMPDH1P6	processed_pseudogene	chr8	123400582	123402095	+	1	0
ENSG00000254299.3	LINC01944	lncRNA	chr5	172543403	172559202	-	1	1
ENSG00000254300.1	LINC01111	lncRNA	chr8	76406654	76524356	+	9	8
ENSG00000254302.2	AC087855.2	lncRNA	chr8	34174886	34207513	+	3	3
ENSG00000254303.1	AC037486.1	lncRNA	chr8	121954640	122127184	-	14	10
ENSG00000254306.1	AC137579.2	lncRNA	chr8	37600537	37625873	-	2	2
ENSG00000254307.2	AP003692.1	lncRNA	chr8	94791643	94793106	-	4	0
ENSG00000254317.1	AC022973.5	lncRNA	chr8	129832301	129844504	+	2	0
ENSG00000254319.6	AC246817.2	lncRNA	chr8	2648075	2728577	-	7	7
ENSG00000254321.2	AC016813.1	lncRNA	chr8	38699274	38704855	-	1	1
ENSG00000254330.1	AC104232.2	lncRNA	chr8	64703774	64734459	-	3	0
ENSG00000254333.1	NDST1-AS1	lncRNA	chr5	150475531	150485968	-	1	1
ENSG00000254334.2	AC021355.1	lncRNA	chr8	21297933	21309486	+	1	1
ENSG00000254339.5	AC064802.1	lncRNA	chr8	114282067	114295839	+	1	1
ENSG00000254340.2	AC022784.5	lncRNA	chr8	9141424	9145503	+	2	0
ENSG00000254344.3	LINC01288	lncRNA	chr8	34784028	34865364	+	6	6
ENSG00000254347.1	AC011131.1	lncRNA	chr8	72462311	72470972	+	1	1
ENSG00000254349.6	MIR2052HG	lncRNA	chr8	74599775	74823313	+	19	15
ENSG00000254350.1	AC091979.1	lncRNA	chr5	158424585	158452758	+	3	3
ENSG00000254357.1	AC090200.1	lncRNA	chr8	55517240	55520977	-	1	0
ENSG00000254361.2	AC046195.2	lncRNA	chr8	137852204	138019873	+	15	0
ENSG00000254363.6	AC011379.2	lncRNA	chr5	140157319	140173051	+	2	2
ENSG00000254365.1	AC091820.2	lncRNA	chr5	167287320	167294273	-	1	0
ENSG00000254366.7	AC062004.1	lncRNA	chr8	77399072	77537290	+	12	12
ENSG00000254367.5	AC087269.1	lncRNA	chr8	8723693	8782479	-	5	5
ENSG00000254376.2	SOX5P1	processed_pseudogene	chr8	87788562	87789688	-	1	1
ENSG00000254377.6	MIR124-2HG	lncRNA	chr8	64373151	64383787	+	1	1
ENSG00000254380.2	AC084734.1	lncRNA	chr8	85495693	85540511	+	3	3
ENSG00000254389.3	RHPN1-AS1	lncRNA	chr8	143366631	143368548	-	1	1
ENSG00000254391.1	AC011363.1	lncRNA	chr5	160685351	160692889	+	2	0
ENSG00000254394.2	AC060765.2	lncRNA	chr8	82033533	82961926	+	83	54
ENSG00000254402.7	LRRC24	protein_coding	chr8	144522388	144527033	-	6	0
ENSG00000254473.1	AL354920.1	lncRNA	chr9	83707594	83713378	+	1	0
ENSG00000254483.1	SUGT1P4	unprocessed_pseudogene	chr9	97238645	97246184	+	1	0
ENSG00000254485.5	AC026191.1	lncRNA	chr3	9292588	9363303	-	14	0
ENSG00000254538.1	AC027018.1	lncRNA	chr8	73670441	73732897	+	9	0
ENSG00000254552.1	XIRP2-AS1	lncRNA	chr2	167123904	167140955	-	1	0
ENSG00000254571.1	AL358937.1	lncRNA	chr9	99915077	99929896	-	2	0
ENSG00000254574.1	AC105219.2	lncRNA	chr8	143709007	143713584	-	2	0
ENSG00000254575.2	AC022039.1	lncRNA	chr8	14161084	14165359	+	1	0
ENSG00000254578.1	AC084125.1	lncRNA	chr8	144463817	144465101	+	4	0
ENSG00000254633.2	AL512590.2	transcribed_unitary_pseudogene	chr9	97276569	97295765	+	2	0
ENSG00000254673.1	AC110275.1	protein_coding	chr8	43018424	43077334	+	10	0
ENSG00000254687.1	AC009646.2	lncRNA	chr8	53177571	53242683	+	31	6
ENSG00000254689.3	LINC02235	lncRNA	chr8	81841952	81924348	+	12	8
ENSG00000254741.1	AC067930.1	lncRNA	chr8	143579636	143580670	+	1	0
ENSG00000254753.1	AC022690.2	lncRNA	chr8	13844101	13849109	-	1	1
ENSG00000254775.2	AC021393.1	lncRNA	chr8	60046755	60136599	+	8	8
ENSG00000254777.5	AC022182.1	lncRNA	chr8	60910053	60966557	+	5	4
ENSG00000254813.5	AC123777.1	lncRNA	chr8	12765849	12811478	-	5	3
ENSG00000254876.5	SUGT1P4-STRA6LP	lncRNA	chr9	97238449	97297314	+	5	0
ENSG00000254973.2	AC105219.3	lncRNA	chr8	143758153	143771870	-	5	0
ENSG00000254996.5	ANKHD1-EIF4EBP3	protein_coding	chr5	140401908	140549569	+	14	0
ENSG00000254999.4	BRK1	protein_coding	chr3	10115675	10127190	+	6	6
ENSG00000255020.1	AF131216.3	lncRNA	chr8	11345748	11347502	-	1	0
ENSG00000255021.1	AC093496.1	lncRNA	chr3	14272373	14303845	-	3	3
ENSG00000255036.6	SUGT1P4-STRA6LP-CCDC180	lncRNA	chr9	97238497	97377287	+	54	1
ENSG00000255046.1	AC069185.1	lncRNA	chr8	11797928	11802568	-	3	0
ENSG00000255050.1	AC067930.4	lncRNA	chr8	143573490	143577397	+	7	1
ENSG00000255052.5	FAM66D	lncRNA	chr8	12115767	12177550	+	18	6
ENSG00000255085.8	AF186192.2	transcribed_unprocessed_pseudogene	chr8	144700353	144708517	+	1	1
ENSG00000255101.1	AC103843.1	lncRNA	chr8	42705583	42721946	-	2	0
ENSG00000255104.8	AC005324.3	protein_coding	chr17	15699692	15744778	+	32	1
ENSG00000255145.3	STX17-AS1	lncRNA	chr9	99397024	99906605	-	34	4
ENSG00000255154.9	HTD2	protein_coding	chr3	58306262	58320193	+	24	0
ENSG00000255164.1	AF235103.1	lncRNA	chr8	144992914	144994837	+	1	0
ENSG00000255181.3	CCDC166	protein_coding	chr8	143706694	143708109	-	1	0
ENSG00000255182.2	AC084125.2	lncRNA	chr8	144495458	144505444	-	4	0
ENSG00000255201.1	AC087623.1	lncRNA	chr8	38421889	38426096	+	2	0
ENSG00000255206.1	AC011853.2	lncRNA	chr8	68082204	68095081	-	8	0
ENSG00000255224.1	AC109322.1	lncRNA	chr8	144078002	144079265	-	1	1
ENSG00000255273.1	AF238378.1	processed_pseudogene	chr8	7082971	7083328	+	1	1
ENSG00000255289.1	AC068389.2	lncRNA	chr8	60660820	60664530	+	1	1
ENSG00000255313.2	AC100858.1	lncRNA	chr8	124936328	124943765	-	1	0
ENSG00000255364.1	SMILR	lncRNA	chr8	122414332	122428551	-	2	2
ENSG00000255397.1	NASPP1	processed_pseudogene	chr8	60937705	60939871	-	1	0
ENSG00000255408.4	PCDHA3	protein_coding	chr5	140801028	141012347	+	125	0
ENSG00000255423.1	EBLN2	protein_coding	chr3	73061659	73063337	+	6	0
ENSG00000255457.1	AC022880.2	processed_pseudogene	chr8	13695574	13705506	+	1	1
ENSG00000255487.1	AC087362.2	lncRNA	chr8	38275888	38276680	+	1	0
ENSG00000255491.3	AC100858.2	lncRNA	chr8	124811042	124857516	-	5	1
ENSG00000255494.1	LINC00681	lncRNA	chr8	12794243	12818291	+	2	0
ENSG00000255530.1	AF235103.2	processed_pseudogene	chr8	145005561	145005906	-	1	0
ENSG00000255549.2	ENPP7P6	transcribed_unprocessed_pseudogene	chr8	12448013	12511278	-	2	0
ENSG00000255559.1	ZNF252P-AS1	lncRNA	chr8	145002811	145006046	+	1	0
ENSG00000255585.3	AL590627.1	transcribed_processed_pseudogene	chr9	137776539	137789235	-	5	0
ENSG00000255713.2	OR4D2	protein_coding	chr17	58166982	58171411	+	9	9
ENSG00000255833.2	TIFAB	protein_coding	chr5	135444226	135452351	-	21	6
ENSG00000255872.3	AL138752.2	protein_coding	chr9	37588413	38068687	-	118	10
ENSG00000256040.2	PAPPA-AS1	lncRNA	chr9	116398157	116400606	-	4	0
ENSG00000256124.6	LINC01152	lncRNA	chr17	72030291	72041310	+	1	0
ENSG00000256235.3	SMIM3	protein_coding	chr5	150778757	150796734	+	4	4
ENSG00000256453.2	DND1	protein_coding	chr5	140670794	140673576	-	2	0
ENSG00000256525.8	POLG2	protein_coding	chr17	64477785	64497054	-	8	8
ENSG00000256618.3	MTRNR2L1	protein_coding	chr17	22523415	22524663	+	5	5
ENSG00000256637.7	LINC01965	lncRNA	chr2	103874310	104077778	+	16	16
ENSG00000256806.6	C17orf100	protein_coding	chr17	6651762	6693202	+	30	4
ENSG00000256966.6	AL513165.2	protein_coding	chr9	37512547	37592469	-	31	2
ENSG00000257008.6	GPR142	protein_coding	chr17	74367407	74372622	+	3	3
ENSG00000257135.7	ODC1-DT	lncRNA	chr2	10448689	10457693	+	1	1
ENSG00000257178.5	AC103702.1	lncRNA	chr17	48579630	48582259	-	2	0
ENSG00000257198.6	FAM205BP	transcribed_unprocessed_pseudogene	chr9	34832295	34838586	-	1	0
ENSG00000257207.5	AC112229.3	protein_coding	chr2	110402934	110473075	-	1	0
ENSG00000257226.2	AC079584.2	lncRNA	chr2	143765940	143776119	-	1	0
ENSG00000257277.2	AC092652.1	lncRNA	chr2	143674315	143741294	-	5	0
ENSG00000257284.1	AC013437.1	lncRNA	chr2	143162078	143172172	-	1	0
ENSG00000257524.6	AL157935.2	protein_coding	chr9	127867850	127906022	-	17	3
ENSG00000257949.7	TEN1	protein_coding	chr17	75979240	76000586	+	6	0
ENSG00000257950.3	P2RX5-TAX1BP3	protein_coding	chr17	3663063	3696194	-	20	3
ENSG00000258256.1	AC011773.3	lncRNA	chr8	85222446	85245717	-	3	0
ENSG00000258315.5	C17orf49	protein_coding	chr17	7014495	7017525	+	7	0
ENSG00000258417.3	AC100868.1	protein_coding	chr8	132024238	132085655	-	30	0
ENSG00000258472.9	AC005726.1	protein_coding	chr17	28455752	28614185	-	38	5
ENSG00000258677.2	AC022826.2	protein_coding	chr8	73688691	73878854	-	34	3
ENSG00000258724.1	PINX1	protein_coding	chr8	10725399	10839847	-	38	0
ENSG00000258728.1	AL162231.3	protein_coding	chr9	34646645	34657113	+	4	0
ENSG00000258864.1	AC008575.1	protein_coding	chr5	112827213	112867582	+	23	2
ENSG00000258881.6	AC007040.2	protein_coding	chr2	70939318	70995336	-	55	1
ENSG00000258890.7	CEP95	protein_coding	chr17	64506865	64542461	+	11	10
ENSG00000258910.3	LINC01956	lncRNA	chr2	118766965	118835110	-	6	6
ENSG00000258924.4	AC002094.1	lncRNA	chr17	28357647	28381697	+	16	0
ENSG00000258984.5	UBE2F-SCLY	protein_coding	chr2	237967014	238099412	+	73	4
ENSG00000259024.6	TVP23C-CDRT4	protein_coding	chr17	15436021	15563561	-	34	0
ENSG00000259080.1	AC074091.2	lncRNA	chr2	27583046	27635174	+	18	1
ENSG00000259196.1	HMBOX1-IT1	lncRNA	chr8	28949676	28955955	+	1	0
ENSG00000259207.9	ITGB3	protein_coding	chr17	47253827	47313743	+	27	1
ENSG00000259224.2	SLC35G6	protein_coding	chr17	7481332	7483496	+	5	0
ENSG00000259305.6	ZHX1-C8orf76	protein_coding	chr8	123226189	123274284	-	3	1
ENSG00000259349.2	AC011921.1	lncRNA	chr17	60526293	60550798	+	2	2
ENSG00000259384.7	GH1	protein_coding	chr17	63917200	63918839	-	3	0
ENSG00000259439.2	LINC01833	lncRNA	chr2	44921077	44939199	-	2	2
ENSG00000259533.2	AC040958.1	unprocessed_pseudogene	chr17	63885810	63886411	+	1	1
ENSG00000259603.1	AC016595.1	lncRNA	chr5	3596211	3600188	-	5	0
ENSG00000259607.1	AC108449.3	lncRNA	chr8	29067279	29068454	+	2	0
ENSG00000259623.1	AC125257.1	lncRNA	chr17	41848518	41851447	-	9	0
ENSG00000259631.1	AC104316.2	lncRNA	chr8	122977026	122985629	-	1	1
ENSG00000259753.1	AC068234.1	protein_coding	chr17	47253897	47344292	+	40	0
ENSG00000259786.7	LINC02109	lncRNA	chr5	28809331	29217115	+	36	34
ENSG00000259820.1	AC083843.2	lncRNA	chr8	134792020	134798272	-	1	1
ENSG00000259848.9	AC097374.1	transcribed_unprocessed_pseudogene	chr2	94867486	94947341	-	7	4
ENSG00000259891.1	AC107375.1	lncRNA	chr8	140505813	140508043	-	1	1
ENSG00000259953.2	AL138756.1	lncRNA	chr9	112028570	112039143	-	1	1
ENSG00000259956.2	RBM15B	protein_coding	chr3	51391285	51397908	+	5	4
ENSG00000259970.1	AC099668.1	lncRNA	chr3	49684480	49684983	-	1	0
ENSG00000259976.3	AC093010.2	lncRNA	chr3	114314501	114329714	-	15	0
ENSG00000260005.6	AC027601.1	lncRNA	chr17	81228707	81233983	+	2	0
ENSG00000260019.2	LINC01992	lncRNA	chr17	27928924	27991787	-	5	5
ENSG00000260027.5	HOXB7	protein_coding	chr17	48607232	48633572	-	20	6
ENSG00000260157.3	AC233702.1	transcribed_unprocessed_pseudogene	chr17	21614487	21641536	+	3	3
ENSG00000260192.3	LINC02240	lncRNA	chr5	124808981	125602227	+	72	48
ENSG00000260217.1	AC104640.1	lncRNA	chr3	175938929	175941037	-	1	1
ENSG00000260220.7	CCDC187	protein_coding	chr9	136249973	136306901	-	98	93
ENSG00000260230.5	FRRS1L	protein_coding	chr9	109130293	109167249	-	50	50
ENSG00000260234.5	AC020636.2	protein_coding	chr3	150882997	150941743	-	20	0
ENSG00000260236.1	AC099778.1	lncRNA	chr3	47379089	47380999	-	1	1
ENSG00000260261.2	AC124944.2	transcribed_unprocessed_pseudogene	chr3	195913078	195954485	-	3	3
ENSG00000260325.2	HSPB9	protein_coding	chr17	42122804	42123352	+	1	0
ENSG00000260390.1	AL360014.1	lncRNA	chr9	27829276	27844481	+	2	2
ENSG00000260391.2	AC022336.2	lncRNA	chr3	124723788	124726325	+	4	0
ENSG00000260458.3	KCNJ18	protein_coding	chr17	21692523	21704612	+	3	3
ENSG00000260493.1	AC011773.4	lncRNA	chr8	85172077	85177062	-	1	1
ENSG00000260564.1	AL161912.2	lncRNA	chr9	79889001	79892007	+	1	1
ENSG00000260670.1	AC134508.1	lncRNA	chr3	72321051	72324027	-	1	1
ENSG00000260677.1	AL445531.1	lncRNA	chr9	97743208	97744935	+	1	0
ENSG00000260686.1	AC008669.1	lncRNA	chr5	122832356	122834533	+	3	0
ENSG00000260691.6	ANKRD20A1	protein_coding	chr9	67832765	67920552	+	1	1
ENSG00000260720.1	LINC01243	lncRNA	chr9	31371611	31381490	-	1	1
ENSG00000260743.1	AC007823.1	lncRNA	chr3	179340322	179341887	+	1	1
ENSG00000260763.1	AC106799.3	lncRNA	chr5	4436850	4440259	-	1	1
ENSG00000260774.1	AC021087.3	lncRNA	chr5	213898	217279	-	2	0
ENSG00000260777.1	AC061975.1	lncRNA	chr17	28263634	28266369	-	1	0
ENSG00000260785.2	CASC17	lncRNA	chr17	71097774	71202203	-	10	10
ENSG00000260786.1	AC108099.1	lncRNA	chr5	42188266	42191523	+	1	1
ENSG00000260793.2	AC003102.1	lncRNA	chr17	44221401	44223710	+	1	1
ENSG00000260838.3	AC022893.2	lncRNA	chr8	72947150	72950445	+	1	1
ENSG00000260840.2	LINC01964	lncRNA	chr2	85061213	85067347	-	1	1
ENSG00000260902.1	LINC02011	lncRNA	chr3	14799331	14811414	-	2	2
ENSG00000260942.1	CAPN10-DT	lncRNA	chr2	240582700	240586699	-	1	1
ENSG00000260970.1	AC006288.1	lncRNA	chr9	119495375	119524125	+	3	3
ENSG00000260995.3	AL512634.1	lncRNA	chr9	79135374	79198314	-	5	5
ENSG00000261018.1	AC002101.1	lncRNA	chr9	133611798	133633099	-	2	2
ENSG00000261026.1	AC105046.1	lncRNA	chr8	22679013	22684009	-	1	1
ENSG00000261033.1	AC005730.2	lncRNA	chr17	20008051	20009234	-	1	1
ENSG00000261036.2	AC113418.1	lncRNA	chr5	120345907	120410969	-	5	5
ENSG00000261037.1	AC010266.2	lncRNA	chr5	6019029	6022283	-	1	1
ENSG00000261040.7	WFDC21P	transcribed_unitary_pseudogene	chr17	60083566	60091885	-	1	1
ENSG00000261094.2	AC007066.2	lncRNA	chr9	122937623	122940333	+	1	1
ENSG00000261146.1	AC007159.1	lncRNA	chr3	137791973	137796678	+	1	1
ENSG00000261150.3	EPPK1	protein_coding	chr8	143857324	143878467	-	15	15
ENSG00000261156.6	LINC01989	lncRNA	chr17	34169372	34195937	-	4	3
ENSG00000261167.1	AC107027.3	lncRNA	chr3	131455126	131458598	-	1	1
ENSG00000261215.1	AL162231.4	lncRNA	chr9	34661903	34666029	-	5	0
ENSG00000261222.3	AC064805.1	lncRNA	chr17	74599840	74607229	+	1	1
ENSG00000261236.8	BOP1	protein_coding	chr8	144262045	144291438	-	12	11
ENSG00000261269.1	AC093278.2	lncRNA	chr5	72439903	72442387	-	3	0
ENSG00000261335.1	AC005837.1	lncRNA	chr17	76671942	76673658	+	1	0
ENSG00000261338.2	AC021016.1	lncRNA	chr2	218255319	218257366	+	1	1
ENSG00000261360.1	AC010491.1	lncRNA	chr5	14661808	14664604	-	1	1
ENSG00000261371.6	PECAM1	protein_coding	chr17	64319415	64413776	-	29	29
ENSG00000261379.1	AC010735.1	lncRNA	chr2	226804036	226805061	+	1	0
ENSG00000261408.7	TEN1-CDK3	protein_coding	chr17	75979231	76005999	+	11	1
ENSG00000261434.1	AC021087.4	lncRNA	chr5	195778	196341	+	5	0
ENSG00000261468.1	AC096921.2	lncRNA	chr3	30697661	30699576	+	1	1
ENSG00000261587.2	TMEM249	protein_coding	chr8	144352219	144354914	-	6	0
ENSG00000261603.3	PRSS46P	transcribed_unitary_pseudogene	chr3	46719583	46736429	-	2	0
ENSG00000261604.1	AC114947.2	lncRNA	chr5	43287601	43290839	+	4	0
ENSG00000261618.2	LINC02605	lncRNA	chr8	78835307	78840525	+	1	0
ENSG00000261667.1	LY6L	protein_coding	chr8	143080457	143083001	+	5	5
ENSG00000261670.1	AC012213.2	lncRNA	chr8	103464389	103468985	+	1	0
ENSG00000261678.3	SCRT1	protein_coding	chr8	144330565	144336482	-	4	4
ENSG00000261693.1	AC134682.1	lncRNA	chr8	142403652	142407028	+	1	1
ENSG00000261696.1	AL353732.1	lncRNA	chr9	21394888	21396346	-	1	1
ENSG00000261758.1	AC117382.2	lncRNA	chr3	136752630	136755780	+	1	1
ENSG00000261787.2	TCF24	protein_coding	chr8	66946501	66962591	-	2	2
ENSG00000261793.1	AL929554.1	protein_coding	chr9	137168854	137171984	-	3	0
ENSG00000261796.1	ISY1-RAB43	protein_coding	chr3	129087575	129161036	-	11	1
ENSG00000261826.1	AC121333.1	lncRNA	chr3	140865075	140867783	-	1	1
ENSG00000261845.2	AC124283.1	lncRNA	chr17	82602989	82604178	-	5	0
ENSG00000261848.5	AC090282.1	lncRNA	chr17	3134969	3177031	-	4	4
ENSG00000261863.1	LINC01996	lncRNA	chr17	4610449	4617650	+	1	1
ENSG00000261868.1	MFSD1P1	processed_pseudogene	chr17	4301372	4302698	+	1	0
ENSG00000261873.2	SMIM36	protein_coding	chr17	55448433	55511444	-	22	22
ENSG00000261879.7	AC087500.1	lncRNA	chr17	5192027	5248182	+	17	2
ENSG00000261886.1	AC005670.1	lncRNA	chr17	46916770	46923034	-	1	1
ENSG00000261915.6	AC026954.2	protein_coding	chr17	7312661	7319174	-	10	0
ENSG00000261924.1	AC127496.1	lncRNA	chr17	80966239	80971213	-	2	2
ENSG00000261934.2	PCDHGA9	protein_coding	chr5	141402932	141512979	+	48	0
ENSG00000261959.1	AC015909.3	lncRNA	chr17	50163523	50165316	-	1	0
ENSG00000261963.3	CCDC92B	unitary_pseudogene	chr17	2724411	2749504	-	2	2
ENSG00000261976.2	AC091062.1	lncRNA	chr17	50840057	50841626	-	2	0
ENSG00000262039.1	AC091180.5	lncRNA	chr17	49370740	49476988	+	21	10
ENSG00000262049.1	AC139530.1	lncRNA	chr17	81701324	81703300	-	5	0
ENSG00000262052.1	AC090618.1	lncRNA	chr17	55842677	55872939	-	4	3
ENSG00000262061.6	AC129507.1	lncRNA	chr17	331205	333488	+	1	0
ENSG00000262079.1	AC007638.1	lncRNA	chr17	55325757	55327791	-	1	1
ENSG00000262089.1	AC040977.1	lncRNA	chr17	6994642	6995189	-	1	0
ENSG00000262112.1	AC015912.1	lncRNA	chr17	56888880	56891841	+	3	0
ENSG00000262115.1	AC027601.2	lncRNA	chr17	81197393	81200288	+	5	0
ENSG00000262147.1	AC124283.2	lncRNA	chr17	82587313	82588411	-	2	0
ENSG00000262165.2	AC233723.1	protein_coding	chr17	4801159	4807013	-	1	1
ENSG00000262188.2	LINC01978	lncRNA	chr17	79919357	79925999	+	1	0
ENSG00000262209.3	PCDHGB3	protein_coding	chr5	141370242	141512975	+	83	0
ENSG00000262211.1	AC008914.1	lncRNA	chr5	55936143	55941727	+	8	0
ENSG00000262213.1	AC144836.1	lncRNA	chr17	1241939	1254000	-	1	1
ENSG00000262223.8	AC110285.1	lncRNA	chr17	81375144	81385464	-	1	1
ENSG00000262227.1	AC004771.2	lncRNA	chr17	4987706	4988446	+	1	0
ENSG00000262231.2	AC104770.1	lncRNA	chr17	6163893	6190541	-	2	2
ENSG00000262248.1	AC027796.2	processed_pseudogene	chr17	3619256	3619913	-	1	0
ENSG00000262265.2	AC002558.3	lncRNA	chr17	47160398	47167723	-	1	0
ENSG00000262294.1	AC129507.2	lncRNA	chr17	352638	357581	+	1	0
ENSG00000262298.1	AC004584.1	lncRNA	chr17	56939932	56941275	+	1	0
ENSG00000262302.1	AC003688.1	protein_coding	chr17	7246829	7262089	-	14	0
ENSG00000262304.2	AC027796.3	protein_coding	chr17	3585149	3636249	-	42	0
ENSG00000262313.1	AC127496.3	lncRNA	chr17	80940418	80942033	-	1	0
ENSG00000262339.5	AC130371.1	lncRNA	chr17	82978525	82981738	+	1	0
ENSG00000262343.1	AC100791.1	lncRNA	chr17	79848058	79850110	-	1	1
ENSG00000262358.1	AC116914.1	lncRNA	chr17	3729361	3730493	+	1	0
ENSG00000262429.1	AC004771.3	lncRNA	chr17	4967995	4968822	+	1	0
ENSG00000262445.3	AC099684.2	lncRNA	chr17	1995614	2003671	+	1	0
ENSG00000262456.1	AC006435.1	lncRNA	chr17	2384847	2386664	+	3	0
ENSG00000262480.2	SAMD11P1	processed_pseudogene	chr17	2613284	2613944	-	2	0
ENSG00000262481.5	TMEM256-PLSCR3	protein_coding	chr17	7389734	7404097	-	6	1
ENSG00000262526.2	AC120057.2	protein_coding	chr17	7240427	7244635	-	4	0
ENSG00000262533.1	AC090617.3	lncRNA	chr17	2042900	2043425	-	1	0
ENSG00000262576.3	PCDHGA4	protein_coding	chr5	141355021	141512975	+	91	0
ENSG00000262580.5	AC087741.1	lncRNA	chr17	80200673	80205949	-	11	0
ENSG00000262585.1	LINC01979	lncRNA	chr17	79915252	79926725	-	1	0
ENSG00000262628.1	OR1D5	protein_coding	chr17	3062669	3063607	-	1	1
ENSG00000262633.2	AC005670.2	protein_coding	chr17	46923133	47049932	+	48	0
ENSG00000262660.1	AC139530.2	protein_coding	chr17	81703371	81720539	+	13	1
ENSG00000262662.1	AC127496.4	lncRNA	chr17	80960766	80961713	-	2	0
ENSG00000262664.3	OVCA2	protein_coding	chr17	2042022	2043425	+	5	0
ENSG00000262681.2	AC005722.3	lncRNA	chr17	19719059	19722428	+	1	1
ENSG00000262730.1	AC104581.2	protein_coding	chr17	7925931	7930622	-	2	0
ENSG00000262769.1	AC025627.1	lncRNA	chr17	19560111	19597922	-	8	0
ENSG00000262772.2	LINC01977	lncRNA	chr17	79819083	79827704	+	1	1
ENSG00000262777.1	AC032044.1	lncRNA	chr17	1424473	1426484	+	1	0
ENSG00000262791.1	AC130343.1	lncRNA	chr17	1725748	1738585	-	22	0
ENSG00000262810.1	AC090617.4	lncRNA	chr17	2089681	2101560	+	1	0
ENSG00000262814.8	MRPL12	protein_coding	chr17	81703367	81707517	+	4	0
ENSG00000262823.1	AC127521.1	lncRNA	chr17	4481966	4486353	-	5	0
ENSG00000262831.1	AC145207.3	lncRNA	chr17	81843165	81843958	+	2	0
ENSG00000262833.1	AC016245.1	lncRNA	chr17	80801640	80805632	-	1	0
ENSG00000262837.1	AC027801.5	lncRNA	chr17	49834239	49836454	+	1	1
ENSG00000262869.1	AC099684.3	lncRNA	chr17	2019952	2023664	-	1	0
ENSG00000262873.2	AC127496.5	lncRNA	chr17	81017969	81028079	-	1	1
ENSG00000262879.6	AC005670.3	lncRNA	chr17	46983287	47100323	-	11	4
ENSG00000262880.1	AC113189.2	lncRNA	chr17	7420103	7444081	+	24	1
ENSG00000262881.1	CR936218.2	lncRNA	chr17	45907670	45910779	-	1	0
ENSG00000262884.1	AC015921.1	lncRNA	chr17	2962248	2965895	-	3	0
ENSG00000262898.3	AC139099.2	lncRNA	chr17	83135734	83221442	+	6	6
ENSG00000262903.1	AC027796.4	lncRNA	chr17	3655621	3658092	-	3	0
ENSG00000262905.1	AC015853.1	lncRNA	chr17	552566	553417	+	1	0
ENSG00000262921.1	AC118754.2	lncRNA	chr17	4565752	4571760	+	1	1
ENSG00000262943.7	ALOX12P2	transcribed_unprocessed_pseudogene	chr17	6853861	6954107	+	10	2
ENSG00000262967.1	AC005921.2	lncRNA	chr17	50693448	50695449	+	2	0
ENSG00000263004.2	AC007114.1	lncRNA	chr17	57071814	57085024	-	2	2
ENSG00000263015.1	AC015853.2	lncRNA	chr17	503171	511347	+	14	0
ENSG00000263069.6	RNF213-AS1	lncRNA	chr17	80351828	80415168	-	33	2
ENSG00000263089.1	AC007114.2	lncRNA	chr17	57092145	57096425	-	3	0
ENSG00000263142.5	LRRC37A17P	transcribed_unprocessed_pseudogene	chr17	46978481	47054569	+	9	0
ENSG00000263154.1	AC110285.3	lncRNA	chr17	81362272	81374214	+	1	1
ENSG00000263165.1	AC087292.1	lncRNA	chr17	4163910	4164713	+	3	0
ENSG00000263171.1	AC026954.3	lncRNA	chr17	7352687	7354944	-	2	0
ENSG00000263189.1	AC023934.1	processed_pseudogene	chr17	53952936	53955324	+	1	0
ENSG00000263218.2	AC127496.6	lncRNA	chr17	80999509	81000130	-	3	0
ENSG00000263220.1	AC015727.1	lncRNA	chr17	5364315	5371626	-	3	0
ENSG00000263271.1	AC110285.4	lncRNA	chr17	81461013	81461937	-	1	0
ENSG00000263272.1	AC004148.1	lncRNA	chr17	5425139	5432876	-	16	0
ENSG00000263293.2	THCAT158	lncRNA	chr17	47303460	47323613	-	11	0
ENSG00000263300.1	AC015853.3	lncRNA	chr17	523140	540576	+	15	0
ENSG00000263301.1	AC113189.3	lncRNA	chr17	7439159	7443327	-	4	0
ENSG00000263312.1	LINC01975	lncRNA	chr17	3977103	3981899	+	1	1
ENSG00000263316.1	AC027763.2	lncRNA	chr17	6954098	6978960	-	2	0
ENSG00000263317.1	LINC01982	lncRNA	chr17	52390515	52535701	+	13	13
ENSG00000263321.1	AC024361.3	lncRNA	chr17	82729164	82734143	-	3	0
ENSG00000263338.1	AC027796.5	lncRNA	chr17	3577955	3578853	-	1	0
ENSG00000263342.1	AC003688.2	lncRNA	chr17	7282947	7284071	-	1	0
ENSG00000263345.1	AC006435.2	lncRNA	chr17	2375061	2379306	-	5	0
ENSG00000263361.1	MIR378H	miRNA	chr5	154829458	154829540	+	1	0
ENSG00000263368.1	AC069366.1	processed_pseudogene	chr17	27526386	27527223	-	1	0
ENSG00000263369.6	AC090616.1	transcribed_unprocessed_pseudogene	chr17	32106330	32114125	-	1	1
ENSG00000263388.1	AC002347.2	lncRNA	chr17	10680734	10683988	+	2	0
ENSG00000263400.8	TMEM220-AS1	lncRNA	chr17	10729777	10815164	+	24	0
ENSG00000263412.1	NFE2L1-DT	lncRNA	chr17	48045141	48048073	-	1	1
ENSG00000263429.3	TMEM238L	protein_coding	chr17	10794913	10804099	-	14	0
ENSG00000263477.1	AC104982.2	lncRNA	chr17	29863402	29866092	+	1	0
ENSG00000263489.1	AC127029.2	lncRNA	chr17	63972920	63989422	-	1	1
ENSG00000263494.1	AC004702.1	lncRNA	chr17	20185082	20322973	+	40	0
ENSG00000263499.1	AC007431.1	lncRNA	chr17	57600856	57608412	-	1	0
ENSG00000263501.1	AC005828.2	lncRNA	chr17	63305262	63313521	-	1	0
ENSG00000263508.6	AC015908.2	lncRNA	chr17	10844674	10880895	+	4	0
ENSG00000263535.2	AK4P1	processed_pseudogene	chr17	31345519	31346190	+	1	0
ENSG00000263563.6	UBBP4	transcribed_unprocessed_pseudogene	chr17	22090743	22205154	+	9	9
ENSG00000263571.3	AC004147.2	lncRNA	chr17	34155566	34165736	+	2	0
ENSG00000263574.2	AC125421.1	lncRNA	chr17	73737854	73756932	+	2	1
ENSG00000263586.1	HID1-AS1	lncRNA	chr17	74970704	74975728	+	2	1
ENSG00000263609.2	LINC02002	lncRNA	chr17	22233926	22266392	-	3	3
ENSG00000263620.1	AC129492.3	protein_coding	chr17	8150816	8162975	-	6	0
ENSG00000263624.1	AC055811.1	lncRNA	chr17	17167946	17185554	-	11	0
ENSG00000263644.1	AC005828.3	lncRNA	chr17	63391191	63431089	-	3	1
ENSG00000263657.1	AC023389.1	lncRNA	chr17	29761103	29787836	+	3	0
ENSG00000263684.2	AC005209.1	lncRNA	chr17	11874727	11881670	-	4	0
ENSG00000263707.1	AC005277.1	lncRNA	chr17	12990149	12990610	-	3	0
ENSG00000263708.2	AC005695.2	lncRNA	chr17	9283174	9305651	+	2	0
ENSG00000263709.1	AC024619.3	lncRNA	chr17	29140483	29155489	+	2	0
ENSG00000263715.7	LINC02210-CRHR1	protein_coding	chr17	45620344	45835826	+	7	4
ENSG00000263717.1	AC079336.1	lncRNA	chr17	32512869	32519350	-	1	0
ENSG00000263718.2	SEPTIN9-DT	lncRNA	chr17	77257737	77281897	-	4	2
ENSG00000263766.5	AC025682.1	lncRNA	chr17	47603860	47649420	-	9	3
ENSG00000263787.1	SKAP1-AS1	lncRNA	chr17	48185938	48204529	+	1	0
ENSG00000263798.2	AC018521.1	lncRNA	chr17	47945424	47981736	+	28	2
ENSG00000263809.1	AC135178.3	protein_coding	chr17	8368638	8383187	-	13	0
ENSG00000263816.1	MIR548AW	miRNA	chr9	132945707	132945771	+	1	0
ENSG00000263818.5	RDM1P5	transcribed_processed_pseudogene	chr17	39057019	39113190	+	32	0
ENSG00000263826.1	AC112907.3	lncRNA	chr3	186781780	186784179	-	2	0
ENSG00000263843.1	AC022211.2	lncRNA	chr17	75271369	75273895	+	4	0
ENSG00000263874.2	LINC00672	protein_coding	chr17	38925168	38929384	+	11	11
ENSG00000263887.7	AC053481.2	transcribed_unprocessed_pseudogene	chr17	62282702	62297026	-	1	1
ENSG00000263897.1	MIR4669	miRNA	chr9	134379411	134379472	+	1	0
ENSG00000263914.1	MTND2P13	unprocessed_pseudogene	chr17	22525899	22526937	+	1	1
ENSG00000263946.1	AC015818.3	transcribed_processed_pseudogene	chr17	20554971	20559410	-	1	1
ENSG00000263986.1	AC087393.2	lncRNA	chr17	20999747	21000323	+	2	0
ENSG00000263990.1	AC004253.1	lncRNA	chr17	31873926	31886666	+	4	0
ENSG00000264016.3	AC015908.3	lncRNA	chr17	10741257	10769089	-	2	0
ENSG00000264019.1	AC018521.2	lncRNA	chr17	47946802	47948275	-	3	0
ENSG00000264026.2	LINC02003	lncRNA	chr17	72342692	72355136	+	2	0
ENSG00000264031.1	ABHD15-AS1	lncRNA	chr17	29560547	29707090	+	30	0
ENSG00000264049.1	MIR4737	miRNA	chr17	60043025	60043105	-	1	0
ENSG00000264050.1	AC005412.1	processed_pseudogene	chr17	29197071	29197785	-	1	1
ENSG00000264058.2	AC073508.2	protein_coding	chr17	40627356	40665141	-	22	1
ENSG00000264067.1	AC005291.1	lncRNA	chr17	10320392	10341458	+	9	0
ENSG00000264112.1	AC015813.1	lncRNA	chr17	57989039	57994850	-	1	0
ENSG00000264164.1	AC090616.2	transcribed_processed_pseudogene	chr17	32083179	32097065	+	1	0
ENSG00000264177.1	AL353997.2	lncRNA	chr17	18379855	18388984	-	9	0
ENSG00000264187.1	AC055811.2	protein_coding	chr17	17202649	17237185	-	48	0
ENSG00000264215.1	AC126365.1	lncRNA	chr17	20788071	20789584	+	1	1
ENSG00000264262.1	AC131274.1	lncRNA	chr17	22676695	22692618	-	1	0
ENSG00000264272.1	AC100786.1	lncRNA	chr17	74256896	74262020	-	3	0
ENSG00000264273.1	AC107982.2	lncRNA	chr17	18859354	18861466	-	1	0
ENSG00000264304.1	AC024267.3	lncRNA	chr17	28892469	28893342	+	1	0
ENSG00000264324.1	AC006030.1	protein_coding	chr2	74211604	74363377	-	47	2
ENSG00000264364.3	DYNLL2	protein_coding	chr17	58083419	58095542	+	9	9
ENSG00000264424.1	MYH4	protein_coding	chr17	10443290	10469559	-	10	0
ENSG00000264451.1	AC036222.1	lncRNA	chr17	48460370	48466040	+	1	1
ENSG00000264458.1	AC025211.1	lncRNA	chr17	32627739	32686484	+	11	0
ENSG00000264486.1	AC061975.4	lncRNA	chr17	28256438	28265551	+	1	0
ENSG00000264488.1	AC090283.1	lncRNA	chr17	40803744	40809296	+	1	1
ENSG00000264513.1	AC006270.1	lncRNA	chr17	63117019	63130947	-	1	0
ENSG00000264538.6	SUZ12P1	transcribed_unprocessed_pseudogene	chr17	30709299	30790908	+	36	6
ENSG00000264545.2	AL359922.1	protein_coding	chr9	21802636	22029594	+	459	62
ENSG00000264546.1	AC008026.3	lncRNA	chr17	62549726	62552121	+	1	0
ENSG00000264578.1	AC009630.3	lncRNA	chr8	41609692	41621502	-	5	0
ENSG00000264589.4	MAPT-AS1	lncRNA	chr17	45799390	45895680	-	6	3
ENSG00000264622.1	AC022903.1	lncRNA	chr17	34837871	34859046	-	2	2
ENSG00000264630.5	PRKCA-AS1	lncRNA	chr17	66398069	66416854	-	1	0
ENSG00000264659.2	AC064805.2	lncRNA	chr17	74670077	74677624	-	5	0
ENSG00000264660.2	AC107926.1	lncRNA	chr17	20963722	20980238	+	2	0
ENSG00000264666.1	AC020558.1	lncRNA	chr17	17591428	17610485	+	2	2
ENSG00000264668.2	AC138696.1	protein_coding	chr8	143247110	143276403	+	39	0
ENSG00000264672.6	SEPTIN4-AS1	lncRNA	chr17	58519837	58557799	+	17	1
ENSG00000264701.1	AC018521.4	lncRNA	chr17	47980398	47996196	-	2	1
ENSG00000264706.2	RN7SL217P	misc_RNA	chr3	49863375	49863660	-	1	0
ENSG00000264727.1	AC005725.1	lncRNA	chr17	11288205	11290811	+	1	0
ENSG00000264729.1	AC022596.1	lncRNA	chr17	16804627	16805707	+	1	0
ENSG00000264734.1	AC069061.2	lncRNA	chr17	26989189	26999941	-	1	1
ENSG00000264739.1	AC093484.2	lncRNA	chr17	16414524	16416689	-	3	0
ENSG00000264769.1	AC145207.8	lncRNA	chr17	81922899	81924511	+	1	0
ENSG00000264772.6	AC016876.2	lncRNA	chr17	7572826	7582024	+	22	1
ENSG00000264785.1	AC005722.4	lncRNA	chr17	19737682	19738542	+	1	0
ENSG00000264791.1	AC004147.3	lncRNA	chr17	34142947	34147047	+	1	0
ENSG00000264801.1	ERVFRD-3	transcribed_processed_pseudogene	chr9	21929457	21931073	+	10	0
ENSG00000264808.1	AC068025.1	lncRNA	chr17	29369717	29390777	-	2	0
ENSG00000264813.6	AC113554.1	protein_coding	chr17	63484823	63521848	+	36	1
ENSG00000264853.1	AC011933.2	lncRNA	chr17	75370947	75373736	-	1	0
ENSG00000264860.1	AC097641.1	lncRNA	chr17	73164977	73196593	+	22	3
ENSG00000264914.1	AC015845.1	lncRNA	chr17	57912333	57922581	+	1	0
ENSG00000264920.2	AC018521.5	lncRNA	chr17	47891229	47895812	-	1	1
ENSG00000264954.2	PRR29-AS1	lncRNA	chr17	63995418	63999899	-	2	0
ENSG00000264956.2	AC138761.1	lncRNA	chr17	22266395	22288301	+	2	2
ENSG00000264958.2	ALOX12P1	unprocessed_pseudogene	chr17	30529688	30542416	+	1	1
ENSG00000264968.1	AC090844.2	lncRNA	chr17	39927742	39939601	+	1	1
ENSG00000264970.2	AC131274.3	transcribed_processed_pseudogene	chr17	22671433	22706703	+	3	2
ENSG00000264985.4	AC124804.1	lncRNA	chr17	73513469	73521407	+	1	0
ENSG00000265000.1	MARCHF10-DT	lncRNA	chr17	62808500	62836371	+	3	3
ENSG00000265019.1	NCOR1P2	unprocessed_pseudogene	chr17	22061961	22070538	-	1	1
ENSG00000265055.2	AC145343.1	lncRNA	chr17	68096046	68101496	-	1	1
ENSG00000265073.1	AC010761.2	lncRNA	chr17	28732963	28743102	-	3	0
ENSG00000265096.2	C1QTNF1-AS1	lncRNA	chr17	79018131	79027673	-	2	0
ENSG00000265118.5	AC134669.1	protein_coding	chr17	31305213	31318831	-	4	0
ENSG00000265125.5	AC011824.2	lncRNA	chr17	33565764	33624122	+	5	0
ENSG00000265148.6	TSPOAP1-AS1	lncRNA	chr17	58324472	58415766	+	27	1
ENSG00000265194.1	AL359922.2	lncRNA	chr9	21858910	21861926	-	2	0
ENSG00000265206.5	AC004687.1	lncRNA	chr17	58330884	58332508	-	1	0
ENSG00000265222.1	AC079336.2	lncRNA	chr17	32509954	32523424	-	1	0
ENSG00000265254.1	AC015917.2	lncRNA	chr17	28405240	28406796	+	2	0
ENSG00000265287.2	AC005726.4	lncRNA	chr17	28607963	28609730	+	1	0
ENSG00000265303.1	AC099850.2	protein_coding	chr17	59197566	59215226	+	16	0
ENSG00000265313.7	LINC01476	lncRNA	chr17	59422088	59526946	-	10	10
ENSG00000265334.1	AC130324.2	lncRNA	chr17	30834325	30863028	-	9	0
ENSG00000265349.1	AC118755.2	lncRNA	chr17	9638768	9645325	-	1	0
ENSG00000265356.2	AC004147.4	lncRNA	chr17	33935437	34156000	-	19	0
ENSG00000265359.1	AC004231.3	lncRNA	chr17	40850800	40863282	+	2	1
ENSG00000265394.1	AC104984.2	lncRNA	chr17	30090366	30117497	-	4	1
ENSG00000265400.1	AC005244.2	lncRNA	chr17	12201600	12215267	+	2	2
ENSG00000265415.1	AC099850.3	lncRNA	chr17	59202677	59203829	-	3	0
ENSG00000265445.1	AC005703.2	lncRNA	chr17	15261015	15265707	+	1	0
ENSG00000265451.1	AC012447.1	lncRNA	chr2	121530422	121532705	+	5	0
ENSG00000265458.2	AC132938.3	lncRNA	chr17	82454140	82458521	-	5	1
ENSG00000265460.6	AC015910.1	transcribed_processed_pseudogene	chr17	39238466	39250818	+	1	1
ENSG00000265474.1	AC010761.4	lncRNA	chr17	28745569	28747652	-	2	0
ENSG00000265478.2	AC107982.3	lncRNA	chr17	18809956	18810940	+	1	1
ENSG00000265480.5	KRT18P55	transcribed_unprocessed_pseudogene	chr17	28275986	28317783	-	3	3
ENSG00000265489.1	AC005358.1	lncRNA	chr17	12760140	12790242	-	15	1
ENSG00000265542.5	AC015845.2	lncRNA	chr17	57771946	57834749	-	6	6
ENSG00000265544.1	AA06	lncRNA	chr17	33529787	33533760	-	1	0
ENSG00000265618.1	AC002094.2	lncRNA	chr17	28361601	28362859	-	2	0
ENSG00000265664.1	AC005544.2	lncRNA	chr17	67032409	67033290	-	2	0
ENSG00000265678.1	AC129510.1	lncRNA	chr17	82153430	82154815	+	7	0
ENSG00000265683.1	SYPL1P2	processed_pseudogene	chr17	27351858	27352584	-	1	0
ENSG00000265697.1	AC011824.3	lncRNA	chr17	33534110	33541339	+	1	0
ENSG00000265702.2	AC005821.1	lncRNA	chr17	62699244	62754973	+	15	0
ENSG00000265749.6	AC135178.4	lncRNA	chr17	8365563	8381328	+	18	0
ENSG00000265784.1	AC006441.3	lncRNA	chr17	38918801	38921769	-	3	0
ENSG00000265788.2	NOS2P1	transcribed_unprocessed_pseudogene	chr17	27651334	27665712	-	2	2
ENSG00000265794.5	AC005899.4	lncRNA	chr17	32324431	32360700	+	7	0
ENSG00000265798.6	AC138207.6	transcribed_unprocessed_pseudogene	chr17	31038575	31059121	-	1	0
ENSG00000265817.4	FSBP	protein_coding	chr8	94378377	94436952	-	15	0
ENSG00000265845.2	AC024267.4	lncRNA	chr17	28926275	28944749	+	3	0
ENSG00000265863.1	GPR160P2	processed_pseudogene	chr17	31759795	31761385	+	1	1
ENSG00000265927.1	AC125421.2	lncRNA	chr17	73831572	73836019	-	1	1
ENSG00000265975.1	AC002091.1	lncRNA	chr17	8967523	8976995	+	1	1
ENSG00000265987.1	AC011933.4	lncRNA	chr17	75344405	75373662	+	3	0
ENSG00000265992.1	ESRG	lncRNA	chr3	54632122	54639857	-	1	0
ENSG00000266002.1	AC091059.1	lncRNA	chr17	59400488	59403303	-	6	0
ENSG00000266036.1	AC016888.1	lncRNA	chr17	74747319	74748912	-	2	1
ENSG00000266074.10	BAHCC1	protein_coding	chr17	81395457	81466332	+	47	46
ENSG00000266076.1	AC004805.1	protein_coding	chr17	65538102	65641033	-	21	7
ENSG00000266086.3	AC015813.2	protein_coding	chr17	57989038	58007246	-	5	0
ENSG00000266088.6	AC004585.1	lncRNA	chr17	40516892	40527002	+	1	1
ENSG00000266100.1	AC007431.2	lncRNA	chr17	57522248	57523597	-	1	0
ENSG00000266101.1	AC004408.1	lncRNA	chr17	39173290	39177503	+	4	0
ENSG00000266106.1	AC103809.1	lncRNA	chr17	74307210	74309790	-	1	0
ENSG00000266111.2	AC068025.2	lncRNA	chr17	29352069	29404105	+	5	1
ENSG00000266114.1	AC015908.4	lncRNA	chr17	10792059	10794985	+	1	0
ENSG00000266120.1	AC104984.4	lncRNA	chr17	30238741	30252237	+	3	1
ENSG00000266173.7	STRADA	protein_coding	chr17	63682336	63741986	-	27	0
ENSG00000266179.2	AC025627.3	processed_pseudogene	chr17	19600860	19601345	+	1	1
ENSG00000266202.1	AC005697.1	protein_coding	chr17	27798806	27893365	-	19	10
ENSG00000266208.1	AC080112.1	lncRNA	chr17	40360655	40364693	+	4	0
ENSG00000266261.1	AC005324.4	lncRNA	chr17	15651590	15654489	+	2	0
ENSG00000266290.1	AC015813.3	lncRNA	chr17	58076891	58083204	-	1	1
ENSG00000266302.6	AC098850.3	protein_coding	chr17	16690261	16804453	+	16	1
ENSG00000266313.2	AC026254.2	lncRNA	chr17	27333241	27352828	+	2	1
ENSG00000266340.1	AC138207.7	lncRNA	chr17	30978610	30980250	-	1	0
ENSG00000266357.6	LINC02074	lncRNA	chr17	74043452	74154212	-	10	10
ENSG00000266365.1	AC053481.3	unprocessed_pseudogene	chr17	62231470	62247153	-	2	2
ENSG00000266368.1	AC005410.2	lncRNA	chr17	11953889	11977594	-	4	1
ENSG00000266379.6	AC090616.5	transcribed_unprocessed_pseudogene	chr17	32088160	32094933	-	1	0
ENSG00000266396.1	MIR4273	miRNA	chr3	75738280	75738363	+	8	0
ENSG00000266433.6	TBC1D3P5	transcribed_unprocessed_pseudogene	chr17	27417690	27431623	+	2	2
ENSG00000266446.1	AL449423.1	lncRNA	chr9	21995482	21996013	+	2	0
ENSG00000266469.2	AC005288.1	lncRNA	chr17	39401793	39406233	+	2	0
ENSG00000266527.1	AC005697.2	lncRNA	chr17	27874645	27881237	+	4	0
ENSG00000266535.1	AC008133.1	lncRNA	chr17	33111858	33131743	+	3	0
ENSG00000266537.1	SPDYE22P	unprocessed_pseudogene	chr17	59174983	59181787	-	1	0
ENSG00000266642.2	AC024267.6	lncRNA	chr17	28897738	28899402	+	4	0
ENSG00000266667.1	AC005703.3	lncRNA	chr17	15379864	15417878	-	4	4
ENSG00000266677.1	AC087164.1	lncRNA	chr17	18172625	18184753	-	5	1
ENSG00000266714.9	MYO15B	protein_coding	chr17	75588058	75626849	+	109	109
ENSG00000266718.2	AC079336.5	lncRNA	chr17	32495536	32500910	+	2	0
ENSG00000266728.5	AC015688.4	protein_coding	chr17	27623364	27640777	+	11	0
ENSG00000266733.7	TBC1D29P	transcribed_unprocessed_pseudogene	chr17	30553502	30563493	+	1	1
ENSG00000266736.1	GTF2IP6	unprocessed_pseudogene	chr17	27019527	27047934	-	2	2
ENSG00000266744.1	AC005304.3	lncRNA	chr17	13957748	13966952	-	1	0
ENSG00000266765.1	AC137735.1	lncRNA	chr17	73894749	73911878	-	1	1
ENSG00000266824.1	AC129492.4	lncRNA	chr17	8176812	8182812	+	1	1
ENSG00000266826.2	IGBP1P2	protein_coding	chr17	58660424	58692018	-	4	0
ENSG00000266865.6	AC138207.8	transcribed_unprocessed_pseudogene	chr17	31008497	31093127	+	6	5
ENSG00000266872.1	AC015688.6	lncRNA	chr17	27625484	27626438	-	2	0
ENSG00000266877.1	AC007923.3	lncRNA	chr17	31583162	31637543	+	5	5
ENSG00000266919.3	hsa-mir-423	lncRNA	chr17	30117079	30117172	-	1	0
ENSG00000266929.1	AC067852.1	lncRNA	chr17	42536510	42562062	+	16	2
ENSG00000266931.2	AC092651.1	unprocessed_pseudogene	chr2	87055658	87076060	-	2	0
ENSG00000266947.1	AC022916.1	lncRNA	chr17	35231450	35242963	-	1	1
ENSG00000266962.2	AC067852.2	lncRNA	chr17	42552436	42554748	-	5	0
ENSG00000266967.7	AARSD1	protein_coding	chr17	42950526	42964498	-	6	0
ENSG00000266970.1	AC061992.2	lncRNA	chr17	78360453	78373911	+	2	2
ENSG00000266980.1	AC087289.1	lncRNA	chr17	75818815	75820055	-	1	0
ENSG00000266992.1	DHX40P1	transcribed_unprocessed_pseudogene	chr17	59976009	60002384	-	3	0
ENSG00000266998.1	AC111182.1	lncRNA	chr17	77373818	77377236	-	4	0
ENSG00000267002.4	AC060780.1	lncRNA	chr17	43148368	43171037	-	2	0
ENSG00000267009.6	AC007780.1	lncRNA	chr17	68413623	68524949	+	26	4
ENSG00000267023.5	LRRC37A16P	transcribed_unprocessed_pseudogene	chr17	68125777	68152468	-	2	2
ENSG00000267026.5	AL136084.1	lncRNA	chr9	98847172	98872415	-	5	2
ENSG00000267042.1	AC100793.2	lncRNA	chr17	42679963	42682020	+	1	0
ENSG00000267046.1	E2F3P1	processed_pseudogene	chr17	35490009	35491238	+	1	0
ENSG00000267047.1	AC040977.2	lncRNA	chr17	6985494	7019414	-	26	0
ENSG00000267060.7	PTGES3L	protein_coding	chr17	42968088	42980433	-	12	0
ENSG00000267065.2	LINC02080	lncRNA	chr17	76799044	76807102	+	1	1
ENSG00000267074.1	AC015911.3	lncRNA	chr17	35499690	35510270	-	1	0
ENSG00000267078.1	AC015802.1	lncRNA	chr17	76569792	76571240	+	8	0
ENSG00000267080.6	ASB16-AS1	lncRNA	chr17	44175968	44186723	-	7	0
ENSG00000267083.1	KRT18P61	processed_pseudogene	chr17	60810165	60811462	+	1	0
ENSG00000267095.1	AC025048.1	lncRNA	chr17	60135762	60140081	-	1	1
ENSG00000267104.2	TBC1D3P1-DHX40P1	lncRNA	chr17	59962363	60018975	-	6	0
ENSG00000267109.1	AC011990.1	lncRNA	chr17	70312831	70368916	-	6	6
ENSG00000267121.6	AC008105.2	lncRNA	chr17	45190931	45222222	-	3	3
ENSG00000267123.7	SCAT1	lncRNA	chr17	78605233	78632155	-	2	2
ENSG00000267128.2	RNF157-AS1	lncRNA	chr17	76138432	76154650	+	5	0
ENSG00000267131.1	AC005746.2	lncRNA	chr17	61361668	61400243	-	19	1
ENSG00000267151.5	MIR2117HG	lncRNA	chr17	43444707	43451200	+	1	0
ENSG00000267160.1	AC091152.2	lncRNA	chr17	44673689	44676257	-	1	0
ENSG00000267166.5	AC007993.1	unprocessed_pseudogene	chr17	43922775	43927388	-	1	1
ENSG00000267168.1	AC005837.2	protein_coding	chr17	76732978	76738522	+	8	1
ENSG00000267206.6	LCN6	protein_coding	chr9	136744017	136748525	-	9	1
ENSG00000267207.1	AC005884.1	lncRNA	chr17	61034636	61070122	-	2	0
ENSG00000267221.3	C17orf113	protein_coding	chr17	42038232	42050601	-	6	0
ENSG00000267222.1	AC107993.1	lncRNA	chr17	42495867	42496550	+	1	0
ENSG00000267227.1	AC005324.5	processed_pseudogene	chr17	15748703	15749315	-	1	0
ENSG00000267248.3	AC025048.2	lncRNA	chr17	60122642	60135743	-	1	1
ENSG00000267261.5	AC099811.2	protein_coding	chr17	42119674	42154916	-	10	0
ENSG00000267278.6	MAP3K14-AS1	lncRNA	chr17	45247916	45269824	+	15	0
ENSG00000267280.5	TBX2-AS1	lncRNA	chr17	61393456	61411555	-	22	0
ENSG00000267288.2	AC138150.2	lncRNA	chr17	45168800	45171584	-	1	1
ENSG00000267302.5	RNFT1-DT	lncRNA	chr17	59964832	59996972	+	3	0
ENSG00000267312.1	AC015911.4	processed_pseudogene	chr17	35459481	35460550	-	1	1
ENSG00000267318.1	AC005702.1	protein_coding	chr17	59940908	59973101	+	10	0
ENSG00000267321.3	SNHG30	lncRNA	chr17	35568076	35574900	+	1	1
ENSG00000267342.1	AC087289.2	lncRNA	chr17	75897060	75900148	+	1	0
ENSG00000267344.1	AC003070.1	lncRNA	chr17	45396932	45397477	+	2	0
ENSG00000267349.1	AC015911.5	lncRNA	chr17	35477994	35478444	+	2	0
ENSG00000267359.1	AC015911.6	lncRNA	chr17	35553205	35554767	+	4	0
ENSG00000267364.2	AC022706.1	lncRNA	chr17	35313479	35325449	+	1	1
ENSG00000267365.1	KCNJ2-AS1	lncRNA	chr17	70166961	70169402	-	1	0
ENSG00000267394.1	AC004596.1	lncRNA	chr17	44198882	44216565	+	6	1
ENSG00000267426.5	AC087289.3	protein_coding	chr17	75898645	75930129	-	22	1
ENSG00000267432.6	DNAH17-AS1	lncRNA	chr17	78484882	78503056	+	30	0
ENSG00000267440.2	LINC02594	lncRNA	chr17	43679341	43706709	+	3	3
ENSG00000267452.3	LINC02073	lncRNA	chr17	51336646	51521401	+	17	17
ENSG00000267461.1	AC079210.1	lncRNA	chr17	68557516	68582577	+	2	0
ENSG00000267466.1	AC021683.1	lncRNA	chr17	77563368	77568695	-	1	1
ENSG00000267506.5	AC021683.2	lncRNA	chr17	77546940	77563243	+	1	1
ENSG00000267520.2	AC010733.1	lncRNA	chr2	60925909	60931610	+	4	0
ENSG00000267532.5	MIR497HG	lncRNA	chr17	7015818	7019659	-	3	0
ENSG00000267535.2	LINC00868	lncRNA	chr17	76849840	76861836	+	1	1
ENSG00000267546.2	AC015802.4	lncRNA	chr17	76545668	76557683	-	10	0
ENSG00000267554.1	AC015911.7	processed_pseudogene	chr17	35470069	35470628	-	1	0
ENSG00000267559.5	AL158154.3	lncRNA	chr9	81930226	81977089	-	3	2
ENSG00000267568.6	AC016168.2	lncRNA	chr17	76950317	76969156	-	3	3
ENSG00000267603.1	LINC01028	lncRNA	chr17	70051277	70068095	+	3	0
ENSG00000267604.1	AC003098.1	lncRNA	chr17	43782804	43784682	-	3	0
ENSG00000267615.1	AC087289.4	lncRNA	chr17	75943832	75945142	+	1	0
ENSG00000267618.5	AC004223.3	protein_coding	chr17	35011349	35121493	-	23	1
ENSG00000267638.1	AC023855.1	lncRNA	chr17	44115912	44120595	+	1	0
ENSG00000267653.1	AC002546.1	lncRNA	chr17	69477139	69501755	-	3	0
ENSG00000267658.1	AC099811.3	lncRNA	chr17	42154600	42155972	+	1	1
ENSG00000267659.5	LINC01482	lncRNA	chr17	68591796	68763882	+	16	13
ENSG00000267665.2	AC021683.3	lncRNA	chr17	77516887	77536601	+	2	2
ENSG00000267676.1	THA1P	unitary_pseudogene	chr17	78248493	78254416	-	1	0
ENSG00000267737.1	AC087645.2	lncRNA	chr17	78315729	78347798	+	3	3
ENSG00000267750.6	RUNDC3A-AS1	lncRNA	chr17	44299574	44315315	-	4	1
ENSG00000267765.1	AC100793.3	lncRNA	chr17	42683187	42699466	-	8	0
ENSG00000267772.1	LINC01999	lncRNA	chr17	60564547	60586623	+	2	2
ENSG00000267784.1	AC010680.1	lncRNA	chr2	178723457	178727046	+	1	0
ENSG00000267790.1	LINC01987	lncRNA	chr17	77722872	77728559	-	1	1
ENSG00000267801.1	AC087289.5	lncRNA	chr17	75876372	75879546	+	7	1
ENSG00000268223.6	ARL14EPL	protein_coding	chr5	116032324	116060118	+	24	24
ENSG00000268279.4	AC090004.1	protein_coding	chr3	14135217	14148252	+	19	0
ENSG00000268324.2	LRRC2-AS1	lncRNA	chr3	46557398	46559694	+	1	0
ENSG00000268364.2	SMC5-AS1	lncRNA	chr9	70193997	70258866	-	8	4
ENSG00000268580.1	LINC01966	lncRNA	chr2	144877734	144882033	-	1	0
ENSG00000268603.1	AC053503.4	lncRNA	chr2	219497611	219498246	-	1	0
ENSG00000268799.4	H3Y2	protein_coding	chr5	17490967	17492076	-	1	1
ENSG00000268996.3	MAN1B1-DT	lncRNA	chr9	137084946	137086817	-	1	1
ENSG00000269028.3	MTRNR2L12	protein_coding	chr3	96617188	96618236	-	4	4
ENSG00000269210.2	AC019171.1	lncRNA	chr2	38959287	38960342	-	1	0
ENSG00000269707.2	AC018730.1	lncRNA	chr2	104853285	104927722	+	13	6
ENSG00000269889.1	AC078802.1	lncRNA	chr3	169769649	169772043	+	1	1
ENSG00000269929.3	MIRLET7A1HG	lncRNA	chr9	94166258	94200902	+	3	1
ENSG00000269954.2	AC022239.1	lncRNA	chr8	11552488	11564694	-	18	3
ENSG00000269957.6	AL353811.1	lncRNA	chr9	24545938	24592104	+	4	4
ENSG00000269982.1	AC018809.2	lncRNA	chr3	9958717	9962539	+	2	2
ENSG00000269994.3	AL513318.1	lncRNA	chr9	87008440	87042419	-	3	3
ENSG00000270021.1	AC026691.1	lncRNA	chr5	135399280	135401296	+	2	1
ENSG00000270100.1	AC012065.3	lncRNA	chr2	20678254	20678932	-	4	0
ENSG00000270170.2	NCBP2AS2	protein_coding	chr3	196942674	196943543	+	3	3
ENSG00000270194.1	AC097359.2	lncRNA	chr3	37241789	37244177	-	1	0
ENSG00000270207.2	AC077690.1	lncRNA	chr3	7606890	7790482	-	28	5
ENSG00000270240.2	AC015849.1	lncRNA	chr17	35868967	35885863	+	5	1
ENSG00000270277.1	AC009948.1	lncRNA	chr2	178548884	178550681	+	2	0
ENSG00000270307.1	MTATP6P2	processed_pseudogene	chr5	100051920	100052597	-	1	1
ENSG00000270321.2	AC007953.2	lncRNA	chr3	177952327	177959817	-	1	1
ENSG00000270332.2	SMC2-AS1	lncRNA	chr9	104080024	104093073	-	1	1
ENSG00000270379.6	HEATR9	protein_coding	chr17	35854946	35868891	-	5	0
ENSG00000270422.1	AL133247.2	processed_pseudogene	chr2	31651381	31651862	+	1	1
ENSG00000270430.1	AC024589.3	processed_pseudogene	chr5	29105568	29106861	-	1	0
ENSG00000270441.1	LAMB2P1	unprocessed_pseudogene	chr3	49140086	49160851	-	2	2
ENSG00000270495.1	AC008825.2	processed_pseudogene	chr5	28808538	28809255	+	1	0
ENSG00000270547.6	LINC01235	lncRNA	chr9	13406380	13488125	-	6	0
ENSG00000270557.1	AC013731.1	lncRNA	chr2	157877683	157878565	+	1	0
ENSG00000270571.2	AC007681.1	lncRNA	chr2	75154366	75189949	+	4	0
ENSG00000270574.1	AC010680.2	lncRNA	chr2	178578790	178580906	+	3	0
ENSG00000270647.6	TAF15	protein_coding	chr17	35713791	35864615	+	38	6
ENSG00000270673.1	YTHDF3-AS1	lncRNA	chr8	63167725	63168442	-	1	1
ENSG00000270696.1	AC005034.3	lncRNA	chr2	75660462	75662208	+	4	0
ENSG00000270757.1	HSPE1-MOB4	protein_coding	chr2	197500413	197550726	+	5	0
ENSG00000270765.6	GAS2L2	protein_coding	chr17	35744511	35753239	-	7	0
ENSG00000270798.1	AC018737.1	processed_pseudogene	chr2	121743479	121745921	-	1	0
ENSG00000270806.2	C17orf50	protein_coding	chr17	35760887	35765079	+	2	0
ENSG00000270820.6	AC016727.1	lncRNA	chr2	61471188	61484130	+	12	1
ENSG00000270861.1	AP002906.1	processed_pseudogene	chr8	97853021	97853253	-	2	2
ENSG00000270871.1	AC015849.3	lncRNA	chr17	35816717	35830293	-	1	0
ENSG00000270885.2	RASL10B	protein_coding	chr17	35731639	35743521	+	7	0
ENSG00000270956.1	AC009948.2	lncRNA	chr2	178541125	178541799	+	2	0
ENSG00000270977.2	AC015849.5	transcribed_processed_pseudogene	chr17	35893707	35911651	-	1	1
ENSG00000270978.1	AC091982.2	processed_pseudogene	chr5	151848886	151850791	+	2	0
ENSG00000271035.1	AC010385.2	processed_pseudogene	chr5	28897785	28898274	-	1	0
ENSG00000271086.7	NAMA	lncRNA	chr9	99355337	99377240	-	2	1
ENSG00000271113.1	AC079089.3	processed_pseudogene	chr8	69794062	69794734	+	1	0
ENSG00000271119.1	AC026412.3	lncRNA	chr5	1594626	1611467	+	1	0
ENSG00000271270.7	TMCC1-AS1	lncRNA	chr3	129893811	129918575	+	2	2
ENSG00000271389.1	OSBPL9P1	processed_pseudogene	chr3	80163327	80164795	+	1	1
ENSG00000271447.6	MMP28	protein_coding	chr17	35756249	35795707	-	6	0
ENSG00000271452.1	AC005034.5	lncRNA	chr2	75669989	75670454	+	1	0
ENSG00000271503.6	CCL5	protein_coding	chr17	35871491	35880793	-	4	0
ENSG00000271605.6	MILR1	protein_coding	chr17	64449037	64468643	+	5	5
ENSG00000271643.2	AC112220.2	lncRNA	chr3	33793644	33798539	-	1	1
ENSG00000271698.1	AC233992.2	protein_coding	chr8	144353228	144355609	-	5	0
ENSG00000271707.1	ATP1B3P1	processed_pseudogene	chr2	60734895	60735715	-	1	1
ENSG00000271711.1	AC069236.1	processed_pseudogene	chr3	150611262	150611877	-	1	0
ENSG00000271716.1	AC022001.2	lncRNA	chr3	11607184	11610748	+	3	0
ENSG00000271795.1	AC011337.1	lncRNA	chr5	151509453	151512769	+	3	0
ENSG00000271824.2	SMIM32	protein_coding	chr5	136191468	136193162	-	7	7
ENSG00000271825.1	AC019080.3	lncRNA	chr2	177300600	177302006	+	1	0
ENSG00000271828.1	AC008937.3	lncRNA	chr5	56927874	56929573	+	1	0
ENSG00000271856.1	LINC01215	lncRNA	chr3	108125821	108138610	+	1	1
ENSG00000271889.1	AC016747.2	lncRNA	chr2	61151433	61162105	-	4	0
ENSG00000271893.1	AC064834.1	lncRNA	chr2	195451778	195515699	-	5	2
ENSG00000271894.1	AC007744.1	lncRNA	chr2	56147630	56386171	+	30	0
ENSG00000271904.1	AC091826.2	lncRNA	chr5	88433892	88498697	-	6	6
ENSG00000271918.1	AC034236.2	lncRNA	chr5	116083807	116085416	-	2	2
ENSG00000271936.1	AC012073.1	lncRNA	chr2	24825610	24826717	+	1	0
ENSG00000271937.1	AC104187.1	lncRNA	chr3	44337941	44338552	-	2	0
ENSG00000271943.2	AC098614.2	transcribed_processed_pseudogene	chr3	27632976	27639111	+	1	1
ENSG00000271947.1	AC017076.1	lncRNA	chr2	6905724	6906301	-	1	1
ENSG00000271952.2	LINC01954	lncRNA	chr2	10844477	10885118	+	3	2
ENSG00000271955.2	AC007100.1	lncRNA	chr2	59218680	60100200	-	78	30
ENSG00000271980.1	AC012640.4	lncRNA	chr5	10264597	10267146	-	8	0
ENSG00000271991.1	AC013400.1	lncRNA	chr2	19902025	19902569	+	1	1
ENSG00000272021.1	AC008592.4	lncRNA	chr5	95849309	95849855	+	1	0
ENSG00000272023.1	AC010240.3	lncRNA	chr5	132963770	132964164	+	1	1
ENSG00000272027.2	AC073218.1	lncRNA	chr2	34692290	34703606	-	1	0
ENSG00000272054.1	AC007390.1	lncRNA	chr2	37208875	37212677	+	1	0
ENSG00000272057.1	AC016575.1	lncRNA	chr5	14872332	14872713	+	1	1
ENSG00000272103.2	AC026741.1	lncRNA	chr5	36861736	36867238	-	1	0
ENSG00000272104.1	Z84492.1	protein_coding	chr3	50350892	50367923	+	7	1
ENSG00000272109.2	AC008906.2	lncRNA	chr5	96803688	96806105	+	7	0
ENSG00000272115.1	AC233992.3	lncRNA	chr8	144409492	144409976	+	1	0
ENSG00000272121.1	AC006058.3	lncRNA	chr3	43998081	43999149	-	1	1
ENSG00000272138.2	LINC01607	lncRNA	chr8	79768110	79802842	+	4	0
ENSG00000272146.6	ARF4-AS1	lncRNA	chr3	57597531	57600927	+	3	0
ENSG00000272149.1	AC112211.1	lncRNA	chr3	33144104	33147721	-	11	0
ENSG00000272154.5	AC244517.2	lncRNA	chr5	141100242	141174391	-	50	1
ENSG00000272155.1	AC055822.1	lncRNA	chr8	65714334	65714778	-	2	0
ENSG00000272157.1	AC107373.2	lncRNA	chr8	24956621	24957110	+	1	0
ENSG00000272180.1	AC011306.1	lncRNA	chr2	55952158	56181652	+	21	9
ENSG00000272182.1	AC135507.1	lncRNA	chr3	58428255	58428815	+	2	0
ENSG00000272234.1	AC008945.1	lncRNA	chr5	42806394	42806997	+	1	0
ENSG00000272256.1	AC044849.1	lncRNA	chr8	30082758	30083467	+	1	0
ENSG00000272275.1	AC092687.3	lncRNA	chr2	10767875	10770058	-	2	0
ENSG00000272282.1	LINC02084	lncRNA	chr3	27712910	27714005	+	1	1
ENSG00000272305.5	AC096887.1	protein_coding	chr3	52969119	53099453	-	34	7
ENSG00000272323.1	TTC23L-AS1	lncRNA	chr5	34837549	34839278	-	2	1
ENSG00000272324.5	DAP-DT	lncRNA	chr5	10761065	10770294	+	2	1
ENSG00000272354.1	AC092354.1	lncRNA	chr5	65020614	65020989	+	1	1
ENSG00000272410.5	AC022384.1	protein_coding	chr3	10249372	10285796	+	16	0
ENSG00000272498.1	AC090948.2	lncRNA	chr3	16339308	16339871	+	1	0
ENSG00000272502.1	AC104958.2	lncRNA	chr8	120812219	120813359	+	3	1
ENSG00000272554.1	AC012087.2	lncRNA	chr3	24496272	24499580	-	1	0
ENSG00000272563.1	AC016745.2	lncRNA	chr2	113432600	113436042	+	1	1
ENSG00000272573.6	MUSTN1	protein_coding	chr3	52833114	52835019	-	6	0
ENSG00000272606.1	PPP4R3B-DT	lncRNA	chr2	55617909	55618373	+	2	0
ENSG00000272610.1	MAGI1-IT1	lncRNA	chr3	65872815	65954558	-	8	0
ENSG00000272622.2	AC010735.2	lncRNA	chr2	226800146	226813741	+	1	0
ENSG00000272636.4	DOC2B	protein_coding	chr17	142789	181650	-	18	18
ENSG00000272674.4	PCDHB16	protein_coding	chr5	141182387	141186226	+	13	0
ENSG00000272679.1	AL355987.2	lncRNA	chr9	136800366	136829466	+	14	0
ENSG00000272690.6	LINC02018	lncRNA	chr3	75435232	75538029	+	10	5
ENSG00000272710.2	AC133041.1	transcribed_unprocessed_pseudogene	chr3	75540049	75580199	-	4	4
ENSG00000272721.5	EIF2B5-DT	lncRNA	chr3	184134019	184135238	-	2	1
ENSG00000272736.5	AC005323.2	lncRNA	chr17	10383132	10537862	+	55	0
ENSG00000272741.1	AC069257.3	protein_coding	chr3	196248230	196318222	-	14	0
ENSG00000272758.6	WDR5B-DT	lncRNA	chr3	122416207	122443180	+	8	0
ENSG00000272763.1	AC103702.2	lncRNA	chr17	48635923	48647023	-	1	1
ENSG00000272770.1	AC005696.2	lncRNA	chr17	2683305	2685088	-	1	0
ENSG00000272772.1	AC104109.3	protein_coding	chr5	134167170	134226071	-	26	1
ENSG00000272774.1	AC112219.2	lncRNA	chr3	72178279	72178810	+	1	0
ENSG00000272800.3	AC021851.1	lncRNA	chr2	183178806	183215414	+	4	4
ENSG00000272815.1	AC098850.4	lncRNA	chr17	16788057	16816540	+	4	0
ENSG00000272840.1	AC092902.2	lncRNA	chr3	125774714	125797953	+	2	0
ENSG00000272844.1	AC074044.1	lncRNA	chr3	112990447	112991153	-	1	1
ENSG00000272884.1	AC113189.4	lncRNA	chr17	7439506	7445966	+	7	0
ENSG00000272886.6	DCP1A	protein_coding	chr3	53283429	53347586	-	14	10
ENSG00000272896.1	AL355987.3	protein_coding	chr9	136791379	136800595	+	16	1
ENSG00000272902.2	TBC1D8-AS1	lncRNA	chr2	101151660	101155412	+	1	0
ENSG00000272904.1	AL390726.2	lncRNA	chr9	38542479	38568422	-	10	0
ENSG00000272934.1	AL390726.3	lncRNA	chr9	38542389	38543215	-	3	0
ENSG00000272944.1	AC079834.1	lncRNA	chr2	221572506	221574454	+	2	1
ENSG00000272970.3	AC107294.2	lncRNA	chr3	184712245	184740104	+	3	1
ENSG00000272975.1	MYHAS	lncRNA	chr17	10383144	10623886	+	69	3
ENSG00000272989.1	LINC02012	lncRNA	chr3	197505262	197506986	-	1	1
ENSG00000272994.1	C2orf49-DT	lncRNA	chr2	105334027	105337475	-	1	1
ENSG00000273006.1	AC009229.3	lncRNA	chr2	38193348	38193629	+	1	0
ENSG00000273033.2	LINC02035	lncRNA	chr3	122886941	122892416	+	1	1
ENSG00000273036.3	AL390726.4	transcribed_processed_pseudogene	chr9	38540567	38542792	-	8	0
ENSG00000273045.7	C2orf15	protein_coding	chr2	99141707	99151669	+	4	0
ENSG00000273066.5	AL355987.4	lncRNA	chr9	136799223	136810042	+	15	0
ENSG00000273090.1	AC007378.1	lncRNA	chr2	36513255	36513732	-	1	0
ENSG00000273098.3	AC005303.1	lncRNA	chr17	13095695	13100939	+	1	1
ENSG00000273106.1	PPM1B-DT	lncRNA	chr2	44167625	44168859	-	2	1
ENSG00000273118.1	AC093865.1	lncRNA	chr2	212581357	213021545	-	57	34
ENSG00000273125.2	LINC01990	lncRNA	chr3	107430892	107463912	+	3	3
ENSG00000273155.1	AC092587.1	protein_coding	chr2	99154998	99195298	+	16	0
ENSG00000273171.1	AC002094.3	protein_coding	chr17	28364288	28368012	-	7	0
ENSG00000273172.1	LINC02091	lncRNA	chr17	183824	191587	-	1	1
ENSG00000273177.1	AC092954.2	lncRNA	chr3	168928169	168928598	+	1	1
ENSG00000273217.1	AC008695.1	protein_coding	chr5	131425891	131796983	-	50	1
ENSG00000273226.1	AL391834.2	lncRNA	chr9	19375451	19375996	+	1	1
ENSG00000273249.1	WDR5-DT	lncRNA	chr9	134132242	134135772	-	1	1
ENSG00000273261.1	AC092953.2	lncRNA	chr3	182921240	182921938	-	2	1
ENSG00000273269.3	AC073283.3	protein_coding	chr2	47065941	47176511	-	46	1
ENSG00000273291.5	AC092042.3	protein_coding	chr3	42809446	43055871	+	52	3
ENSG00000273294.1	C1QTNF3-AMACR	protein_coding	chr5	33987174	34124528	-	42	10
ENSG00000273328.5	AC099329.2	lncRNA	chr3	42809414	42908105	+	27	0
ENSG00000273331.1	TM4SF19-DYNLT2B	protein_coding	chr3	196316082	196338373	-	14	0
ENSG00000273345.5	AC104109.4	lncRNA	chr5	134205614	134371044	-	14	3
ENSG00000273361.1	AC021016.2	lncRNA	chr2	218398743	218399219	-	1	0
ENSG00000273370.1	AC108747.1	lncRNA	chr3	190659216	190659750	+	1	0
ENSG00000273388.1	AC005291.2	lncRNA	chr17	10291820	10317926	+	7	0
ENSG00000273394.1	AC128687.2	lncRNA	chr3	113947005	113947570	-	1	0
ENSG00000273398.6	AC017083.3	protein_coding	chr2	68131238	68261230	-	26	1
ENSG00000273402.1	AC004908.3	lncRNA	chr8	237045	237669	+	1	0
ENSG00000273461.5	AC105265.2	lncRNA	chr3	72061061	72069933	+	1	0
ENSG00000273471.1	AC112229.4	lncRNA	chr2	110386411	110433673	-	1	0
ENSG00000273557.1	AC008781.2	lncRNA	chr5	141468465	141471528	+	1	0
ENSG00000273559.5	CWC25	protein_coding	chr17	38800441	38825355	-	12	12
ENSG00000273604.2	EPOP	protein_coding	chr17	38671703	38674957	-	3	3
ENSG00000273611.5	ZNHIT3	protein_coding	chr17	36486629	36499310	+	11	8
ENSG00000273634.1	AC079395.2	processed_pseudogene	chr2	97008368	97009104	-	1	1
ENSG00000273702.1	AC091271.1	lncRNA	chr17	59618553	59619714	-	1	1
ENSG00000273706.5	LHX1	protein_coding	chr17	36936785	36944612	+	6	4
ENSG00000273736.1	AC244100.1	transcribed_unprocessed_pseudogene	chr17	35963488	35965472	-	1	1
ENSG00000273763.2	AC007318.1	transcribed_processed_pseudogene	chr2	65203502	65227605	-	2	2
ENSG00000273841.5	TAF9	protein_coding	chr5	69364743	69370013	-	4	0
ENSG00000274049.4	INO80B-WBP1	protein_coding	chr2	74455088	74460884	+	4	1
ENSG00000274055.1	AL354709.1	misc_RNA	chr9	22046758	22046901	+	1	0
ENSG00000274114.2	ALOX15P1	transcribed_unprocessed_pseudogene	chr17	6657034	6693577	+	26	0
ENSG00000274180.1	NATD1	protein_coding	chr17	21238870	21253410	-	13	13
ENSG00000274211.6	SOCS7	protein_coding	chr17	38351844	38405593	+	12	12
ENSG00000274235.1	AC022106.1	unprocessed_pseudogene	chr5	150950109	150952460	-	1	1
ENSG00000274244.1	AC243585.1	lncRNA	chr17	37649133	37650894	+	1	0
ENSG00000274286.2	ADRA2B	protein_coding	chr2	96112876	96116571	-	6	6
ENSG00000274310.1	AC091076.1	unprocessed_pseudogene	chr8	54467208	54470609	+	1	1
ENSG00000274349.4	ZNF658	protein_coding	chr9	66856426	66932141	+	7	7
ENSG00000274441.1	AC008957.2	lncRNA	chr5	36636019	36649347	-	2	0
ENSG00000274443.4	C8orf89	protein_coding	chr8	73241329	73259502	-	3	3
ENSG00000274487.2	NPEPPSP1	transcribed_unprocessed_pseudogene	chr17	38195703	38257192	-	1	1
ENSG00000274529.5	SEBOX	protein_coding	chr17	28364268	28365244	-	3	0
ENSG00000274629.1	AC073052.1	lncRNA	chr2	224464682	224474500	+	12	1
ENSG00000274658.1	TBC1D3J	unprocessed_pseudogene	chr17	36450146	36457535	-	1	1
ENSG00000274712.2	AC005332.4	transcribed_unprocessed_pseudogene	chr17	68205489	68207493	+	7	0
ENSG00000274736.5	CCL23	protein_coding	chr17	36013056	36017972	-	2	2
ENSG00000274769.1	AC016747.4	lncRNA	chr2	61115787	61164825	+	19	1
ENSG00000274808.5	TBC1D3B	protein_coding	chr17	36165681	36176636	-	1	0
ENSG00000274810.4	NPHP3-ACAD11	protein_coding	chr3	132558142	132722459	-	52	0
ENSG00000274840.4	AC132807.2	lncRNA	chr3	18013226	18041603	+	3	0
ENSG00000274977.1	AC011298.2	processed_pseudogene	chr2	240701204	240701685	-	1	1
ENSG00000275011.1	ALOXE3P1	unprocessed_pseudogene	chr17	8063936	8072533	+	1	1
ENSG00000275017.1	AL353748.2	processed_pseudogene	chr9	88391362	88391832	-	1	0
ENSG00000275023.5	MLLT6	protein_coding	chr17	38705273	38729795	+	10	8
ENSG00000275052.5	PPP4R3B	protein_coding	chr2	55547292	55618880	-	21	19
ENSG00000275066.5	SYNRG	protein_coding	chr17	37514807	37609472	-	27	27
ENSG00000275074.2	NUDT18	protein_coding	chr8	22106874	22109419	-	4	4
ENSG00000275111.5	ZNF2	protein_coding	chr2	95165432	95184317	+	6	6
ENSG00000275143.1	SCARNA16	scaRNA	chr17	77089307	77089493	+	1	0
ENSG00000275152.5	CCL16	protein_coding	chr17	35976493	35981497	-	9	9
ENSG00000275163.1	AC117457.1	protein_coding	chr3	178419123	178843300	+	51	0
ENSG00000275173.1	AC243571.1	lncRNA	chr17	37798894	37802788	-	1	1
ENSG00000275185.1	AC130324.3	lncRNA	chr17	30899110	30899651	+	2	0
ENSG00000275239.4	FAM242F	lncRNA	chr9	41657708	41699072	-	2	2
ENSG00000275302.2	CCL4	protein_coding	chr17	36103827	36105621	+	11	11
ENSG00000275329.1	AL138781.1	lncRNA	chr9	136122521	136124363	+	1	1
ENSG00000275342.5	PRAG1	protein_coding	chr8	8317736	8386439	-	19	19
ENSG00000275360.1	MIR6868	miRNA	chr17	76098019	76098076	-	1	0
ENSG00000275385.2	CCL18	protein_coding	chr17	36064272	36072032	+	3	3
ENSG00000275390.1	AL353626.1	lncRNA	chr9	40767870	40806344	+	1	1
ENSG00000275410.5	HNF1B	protein_coding	chr17	37686431	37745105	-	19	19
ENSG00000275423.1	VN1R18P	processed_pseudogene	chr2	47989625	47990526	+	1	0
ENSG00000275427.1	AF067845.2	lncRNA	chr8	1296034	1302607	-	1	0
ENSG00000275431.1	AC244100.2	lncRNA	chr17	35983656	35990270	+	8	0
ENSG00000275465.7	AL449403.2	lncRNA	chr9	96105741	96116411	-	1	0
ENSG00000275489.2	C17orf98	protein_coding	chr17	38835086	38841438	-	3	3
ENSG00000275516.1	AC100791.3	lncRNA	chr17	79952663	79952992	+	1	0
ENSG00000275549.1	STPG3-AS1	lncRNA	chr9	137250219	137253497	-	4	0
ENSG00000275591.5	XKR5	protein_coding	chr8	6808517	6835524	-	22	22
ENSG00000275597.1	ANAPC1P5	unprocessed_pseudogene	chr2	87980714	87992858	-	1	1
ENSG00000275613.2	AC243830.1	lncRNA	chr17	36722443	36726346	+	1	1
ENSG00000275646.1	AC009014.2	misc_RNA	chr5	136133696	136133826	+	1	0
ENSG00000275649.1	AL445584.2	lncRNA	chr9	42231811	42354454	+	11	11
ENSG00000275665.1	AC006449.3	lncRNA	chr17	38715328	38720272	-	2	0
ENSG00000275688.4	CCL15-CCL14	protein_coding	chr17	35983656	36001621	-	16	1
ENSG00000275700.6	AATF	protein_coding	chr17	36948925	37056871	+	27	26
ENSG00000275710.1	AC007485.1	lncRNA	chr17	54964474	54964679	+	1	0
ENSG00000275718.2	CCL15	protein_coding	chr17	35996440	36001553	-	7	0
ENSG00000275722.5	LYZL6	protein_coding	chr17	35934518	35943713	-	8	8
ENSG00000275740.1	AC091959.1	protein_coding	chr5	146203550	146339251	+	22	2
ENSG00000275765.5	AC091982.3	lncRNA	chr5	151770242	151771508	-	3	0
ENSG00000275789.1	MIR8064	miRNA	chr3	52846463	52846552	-	1	0
ENSG00000275832.5	ARHGAP23	protein_coding	chr17	38419280	38512385	+	32	32
ENSG00000275902.1	AC139530.3	lncRNA	chr17	81697025	81697714	-	3	0
ENSG00000275944.1	AC244100.3	lncRNA	chr17	36001419	36011618	+	2	1
ENSG00000275969.2	SPATA31A3	protein_coding	chr9	66986304	66992583	-	1	1
ENSG00000276023.5	DUSP14	protein_coding	chr17	37489891	37513501	+	5	5
ENSG00000276087.2	AC008073.3	protein_coding	chr2	24124366	24190436	+	16	0
ENSG00000276101.1	AC027601.3	lncRNA	chr17	81251194	81251803	+	5	0
ENSG00000276119.1	OR13C2	protein_coding	chr9	104604671	104605627	-	2	2
ENSG00000276128.2	AL591441.1	transcribed_processed_pseudogene	chr9	42974855	43045120	+	6	6
ENSG00000276200.1	RN7SL820P	misc_RNA	chr2	196289409	196289707	+	3	0
ENSG00000276203.5	ANKRD20A3P	protein_coding	chr9	66106815	66179474	-	2	2
ENSG00000276231.5	PIK3R6	protein_coding	chr17	8802722	8867677	-	21	21
ENSG00000276234.5	TADA2A	protein_coding	chr17	37406886	37479725	+	25	25
ENSG00000276241.1	AC243829.2	lncRNA	chr17	36116177	36177510	+	5	4
ENSG00000276250.1	AC127024.6	lncRNA	chr17	30803654	30804077	+	1	0
ENSG00000276291.5	FRG1HP	transcribed_unprocessed_pseudogene	chr9	40992249	41218410	+	9	1
ENSG00000276293.5	PIP4K2B	protein_coding	chr17	38765691	38800126	-	20	20
ENSG00000276348.1	AL353770.3	lncRNA	chr9	66979132	66988373	+	1	1
ENSG00000276384.1	AC016876.3	lncRNA	chr17	7557820	7558245	-	1	0
ENSG00000276386.1	CNTNAP3P2	unprocessed_pseudogene	chr9	67059560	67293468	+	9	8
ENSG00000276399.1	FLJ36000	lncRNA	chr17	22406019	22413744	+	1	1
ENSG00000276407.5	AC024559.2	lncRNA	chr3	194070103	194086826	+	2	2
ENSG00000276409.5	CCL14	protein_coding	chr17	35983288	35987004	-	9	1
ENSG00000276418.5	AC036214.3	protein_coding	chr8	79918860	80080775	-	18	0
ENSG00000276422.2	AL590491.2	lncRNA	chr9	60943311	60964196	-	1	1
ENSG00000276471.1	AC105265.3	lncRNA	chr3	72080564	72084641	-	1	0
ENSG00000276478.1	AL772337.4	unprocessed_pseudogene	chr9	87799501	87821803	-	2	1
ENSG00000276502.1	AL354718.2	lncRNA	chr9	41310816	41332962	-	1	1
ENSG00000276517.1	AL133243.3	lncRNA	chr2	32526504	32529507	+	1	0
ENSG00000276547.1	PCDHGB5	protein_coding	chr5	141397987	141512979	+	52	0
ENSG00000276622.1	MIR6499	miRNA	chr5	151522087	151522148	-	1	0
ENSG00000276707.1	AC243773.1	lncRNA	chr17	36940049	36943456	-	2	0
ENSG00000276715.4	YWHAEP7	transcribed_unprocessed_pseudogene	chr17	37828305	37884743	-	5	5
ENSG00000276717.2	PRSS47	transcribed_unprocessed_pseudogene	chr9	92177235	92191156	-	1	1
ENSG00000276759.2	AL353753.1	lncRNA	chr9	26066675	26118408	+	5	5
ENSG00000276778.1	LINC02227	lncRNA	chr5	158320683	158409773	-	9	9
ENSG00000276832.2	CDRT15P6	transcribed_unprocessed_pseudogene	chr9	41340823	41355538	-	1	1
ENSG00000276851.1	AC002401.4	lncRNA	chr17	50094065	50094647	+	1	1
ENSG00000276863.1	AC124319.2	lncRNA	chr17	80333841	80334366	-	1	0
ENSG00000276945.1	AC008498.1	unprocessed_pseudogene	chr5	61145846	61146376	-	1	0
ENSG00000276963.1	AL353626.3	unprocessed_pseudogene	chr9	40755407	40767875	-	1	1
ENSG00000277089.4	AC243829.4	lncRNA	chr17	36072866	36090134	+	4	1
ENSG00000277109.1	AL935212.3	unprocessed_pseudogene	chr9	61581813	61582675	+	1	1
ENSG00000277161.2	PIGW	protein_coding	chr17	36534987	36539310	+	2	0
ENSG00000277200.1	AC005696.4	lncRNA	chr17	2720801	2723947	-	1	1
ENSG00000277258.5	PCGF2	protein_coding	chr17	38733898	38749817	-	8	7
ENSG00000277268.2	LHX1-DT	lncRNA	chr17	36861674	36936670	-	7	7
ENSG00000277306.1	AC092156.1	misc_RNA	chr2	140234737	140234923	-	2	0
ENSG00000277363.5	SRCIN1	protein_coding	chr17	38530031	38605952	-	29	29
ENSG00000277399.5	GPR179	protein_coding	chr17	38324571	38343956	-	12	12
ENSG00000277426.1	AC006441.5	unprocessed_pseudogene	chr17	39023394	39026742	+	1	1
ENSG00000277483.1	RN7SL321P	misc_RNA	chr3	48379834	48380132	+	1	0
ENSG00000277494.2	GPIHBP1	protein_coding	chr8	143213218	143217170	+	11	11
ENSG00000277501.1	AC243571.2	lncRNA	chr17	37642947	37684252	+	6	3
ENSG00000277526.5	AC245123.1	lncRNA	chr8	2562813	2623382	-	6	6
ENSG00000277527.2	LINC01796	lncRNA	chr2	102873183	102895780	-	2	0
ENSG00000277556.1	OR13C5	protein_coding	chr9	104598457	104599413	-	10	10
ENSG00000277575.1	AL162233.1	processed_pseudogene	chr9	67203635	67208072	-	1	0
ENSG00000277586.4	NEFL	protein_coding	chr8	24950955	24956721	-	9	7
ENSG00000277619.1	AC008406.3	lncRNA	chr5	135034521	135035894	+	2	0
ENSG00000277631.5	PGM5P3-AS1	lncRNA	chr9	72670	89850	+	2	1
ENSG00000277632.2	CCL3	protein_coding	chr17	36088256	36090169	-	3	0
ENSG00000277688.1	AC243585.2	lncRNA	chr17	37609739	37613841	+	9	0
ENSG00000277732.1	AC015599.2	misc_RNA	chr8	134598318	134598518	+	1	0
ENSG00000277737.3	FP325317.1	unprocessed_pseudogene	chr9	43109866	43125905	-	1	1
ENSG00000277778.2	PGM5P2	transcribed_unprocessed_pseudogene	chr9	41006999	41074617	-	5	0
ENSG00000277791.5	PSMB3	protein_coding	chr17	38752741	38764225	+	7	7
ENSG00000277842.1	MIR6811	miRNA	chr2	237510931	237510988	+	1	0
ENSG00000277855.1	AC097634.3	lncRNA	chr3	71581721	71628558	+	4	0
ENSG00000277893.2	SRD5A2	protein_coding	chr2	31522480	31580938	-	13	9
ENSG00000277957.1	SENP3-EIF4A1	protein_coding	chr17	7563287	7578715	+	27	0
ENSG00000277972.2	CISD3	protein_coding	chr17	38730341	38735605	+	6	5
ENSG00000278023.7	RDM1	protein_coding	chr17	35918066	35930773	-	5	5
ENSG00000278053.5	DDX52	protein_coding	chr17	37609739	37643446	-	23	12
ENSG00000278259.5	MYO19	protein_coding	chr17	36495636	36543435	-	26	21
ENSG00000278275.2	AC103705.1	transcribed_processed_pseudogene	chr8	128009551	128011938	-	1	0
ENSG00000278311.5	GGNBP2	protein_coding	chr17	36544912	36589848	+	16	16
ENSG00000278505.5	C17orf78	protein_coding	chr17	37375985	37392708	+	2	0
ENSG00000278524.1	MIR6810	miRNA	chr2	218341911	218341980	+	1	0
ENSG00000278535.5	DHRS11	protein_coding	chr17	36591879	36600804	+	6	6
ENSG00000278540.5	ACACA	protein_coding	chr17	37084992	37406836	-	49	47
ENSG00000278619.5	MRM1	protein_coding	chr17	36601583	36608964	+	6	6
ENSG00000278638.2	AC244093.5	lncRNA	chr17	37045228	37052890	-	1	0
ENSG00000278658.1	MIR6826	miRNA	chr3	129272146	129272243	+	1	0
ENSG00000278799.1	MIR6823	miRNA	chr3	48549961	48550021	-	1	0
ENSG00000278829.1	AC099811.5	lncRNA	chr17	42272069	42275571	-	1	0
ENSG00000278834.1	AC073508.3	lncRNA	chr17	40648300	40649718	+	2	0
ENSG00000278845.5	MRPL45	protein_coding	chr17	38297023	38323217	+	6	6
ENSG00000278889.4	OR2S2	protein_coding	chr9	35957108	35958154	-	3	3
ENSG00000278898.1	AC087045.3	TEC	chr8	134764809	134767276	+	1	1
ENSG00000278901.1	AC005609.1	lncRNA	chr5	140878073	140882642	-	1	0
ENSG00000278905.1	AC106818.1	TEC	chr5	93600357	93603598	+	1	1
ENSG00000278907.1	AC005609.2	lncRNA	chr5	140849105	140849696	-	1	0
ENSG00000278910.4	BANCR	lncRNA	chr9	69296682	69311111	-	1	1
ENSG00000278934.1	AC117489.1	TEC	chr3	73624410	73627626	+	2	0
ENSG00000278936.1	AC244517.4	lncRNA	chr5	141183401	141201396	-	43	0
ENSG00000278944.1	AC027045.1	lncRNA	chr17	9791227	9808855	-	2	0
ENSG00000278946.1	AC005609.4	lncRNA	chr5	140867513	140867959	-	1	0
ENSG00000278963.1	AC005921.3	TEC	chr17	50722074	50724224	+	3	0
ENSG00000278964.1	AC132938.4	TEC	chr17	82362349	82363196	-	1	0
ENSG00000278970.2	HEIH	lncRNA	chr5	180826871	180831605	-	1	1
ENSG00000278977.1	AC003101.3	TEC	chr17	31533171	31533938	-	4	0
ENSG00000279035.1	AC022211.4	TEC	chr17	75130883	75133043	+	2	0
ENSG00000279036.1	AC015656.1	TEC	chr17	49494223	49497800	-	5	0
ENSG00000279047.4	AC244517.5	lncRNA	chr5	141046260	141096402	-	9	2
ENSG00000279068.1	AC244517.6	lncRNA	chr5	141182409	141188582	+	20	0
ENSG00000279073.3	AL807752.6	protein_coding	chr9	137031241	137040436	-	5	1
ENSG00000279089.1	AC005839.1	TEC	chr17	51183191	51186403	-	1	0
ENSG00000279118.1	AC093535.2	TEC	chr5	126496279	126498604	+	1	0
ENSG00000279130.1	AC091925.1	TEC	chr5	143406959	143407420	+	1	0
ENSG00000279133.1	AC018628.1	TEC	chr17	62003700	62007518	-	1	0
ENSG00000279141.3	LINC01451	lncRNA	chr9	136612024	136617181	-	1	1
ENSG00000279143.1	AC139099.3	TEC	chr17	83132647	83136150	-	1	1
ENSG00000279152.1	AC129492.6	TEC	chr17	8188933	8189688	+	1	0
ENSG00000279160.1	AC009336.2	TEC	chr2	176189919	176192538	-	2	1
ENSG00000279174.1	AC104581.3	TEC	chr17	8013327	8016378	-	2	0
ENSG00000279199.1	AC068669.1	TEC	chr17	40113215	40115442	-	1	1
ENSG00000279200.1	AC020558.5	TEC	chr17	17616043	17617745	+	1	1
ENSG00000279204.1	AC134043.3	TEC	chr5	159106380	159108617	+	1	0
ENSG00000279205.1	AC092162.3	TEC	chr2	176822030	176823653	+	1	1
ENSG00000279220.4	GPR1-AS	lncRNA	chr2	206203543	206265326	+	10	5
ENSG00000279222.1	AC025183.2	TEC	chr5	1858409	1859890	-	1	1
ENSG00000279232.2	AC008522.1	lncRNA	chr5	98792861	98795766	-	5	0
ENSG00000279240.1	AC063980.1	lncRNA	chr5	136376348	136397042	-	2	2
ENSG00000279254.1	AC020604.1	TEC	chr2	46668870	46670778	+	1	1
ENSG00000279273.1	AC120024.4	TEC	chr17	80463451	80465593	-	1	1
ENSG00000279296.1	PRAL	TEC	chr17	6772831	6776116	-	5	0
ENSG00000279302.3	AC013643.3	TEC	chr8	27701194	27703789	+	1	1
ENSG00000279305.1	AC134026.2	TEC	chr3	154334809	154337047	-	2	0
ENSG00000279317.2	AC006994.1	lncRNA	chr2	210171518	210233976	+	5	2
ENSG00000279328.1	AC073439.1	TEC	chr3	126432796	126434569	-	4	0
ENSG00000279331.1	RBM12B-AS1	TEC	chr8	93740121	93740773	+	1	0
ENSG00000279339.1	AC100788.2	TEC	chr17	78897264	78900152	+	1	0
ENSG00000279347.1	AC021945.1	TEC	chr8	119838736	119840385	-	1	0
ENSG00000279349.1	AC092692.1	TEC	chr3	112525548	112528142	-	1	1
ENSG00000279375.1	AC244517.7	lncRNA	chr5	141191599	141194088	-	5	0
ENSG00000279382.1	AC018665.1	TEC	chr17	76090308	76091669	+	2	0
ENSG00000279428.1	AC087164.2	TEC	chr17	18107334	18110463	-	2	1
ENSG00000279469.1	AC109454.4	TEC	chr5	134394360	134395008	-	1	1
ENSG00000279472.1	AC244517.8	lncRNA	chr5	141177849	141182369	+	9	0
ENSG00000279484.2	KLHL30-AS1	lncRNA	chr2	238152889	238155994	-	1	1
ENSG00000279507.1	AC112484.4	TEC	chr3	128914833	128915060	-	1	0
ENSG00000279519.1	AC007382.1	TEC	chr2	36839922	36842539	-	6	0
ENSG00000279544.1	AL133243.4	TEC	chr2	32563328	32566436	+	1	0
ENSG00000279557.1	AC010435.1	TEC	chr5	43586367	43587543	-	1	0
ENSG00000279571.3	AL162426.1	lncRNA	chr9	127690098	127690840	-	1	0
ENSG00000279598.1	AC009948.3	TEC	chr2	178554561	178558966	+	3	0
ENSG00000279605.1	AC067930.5	TEC	chr8	143578358	143583304	+	16	0
ENSG00000279608.1	AL353795.3	TEC	chr9	35038625	35044326	-	4	1
ENSG00000279641.1	AC120057.3	TEC	chr17	7242200	7243814	+	1	0
ENSG00000279658.1	AC110491.2	lncRNA	chr3	97836986	97874691	-	6	0
ENSG00000279660.1	AC005703.5	TEC	chr17	15260513	15261841	+	1	0
ENSG00000279668.3	AC024610.2	lncRNA	chr17	33827699	34079100	-	23	0
ENSG00000279670.1	AL359922.3	TEC	chr9	21892188	21893857	+	1	0
ENSG00000279685.2	MAPT-IT1	lncRNA	chr17	45895783	45898798	+	1	0
ENSG00000279686.1	AC142391.1	protein_coding	chr5	139442316	139462707	-	3	0
ENSG00000279698.1	AC027335.2	TEC	chr5	9498401	9498775	-	1	0
ENSG00000279713.1	AC080038.3	TEC	chr17	62679403	62681354	-	2	0
ENSG00000279721.1	AC018737.2	TEC	chr2	121688203	121689714	+	1	0
ENSG00000279726.2	AC005609.5	lncRNA	chr5	140785698	140828549	-	54	1
ENSG00000279727.1	LINC02033	lncRNA	chr3	36819276	36822498	-	1	1
ENSG00000279762.3	AC005899.8	lncRNA	chr17	32423971	32446038	-	2	2
ENSG00000279766.1	AC067931.1	TEC	chr8	140572142	140572812	-	1	0
ENSG00000279792.1	AC015909.5	TEC	chr17	50362967	50365232	-	1	1
ENSG00000279806.1	AC018629.1	TEC	chr17	40473554	40475289	-	1	1
ENSG00000279813.1	CR392000.1	TEC	chr9	136249978	136251205	+	5	0
ENSG00000279847.3	C8orf87	lncRNA	chr8	93134095	93166850	-	2	2
ENSG00000279855.1	AC005618.2	lncRNA	chr5	141427295	141427752	-	1	0
ENSG00000279860.1	AC008568.2	TEC	chr5	121363002	121365314	+	1	1
ENSG00000279884.1	AC010894.4	TEC	chr2	174545385	174546335	-	1	1
ENSG00000279891.1	FLJ42393	TEC	chr3	188178543	188180812	+	1	0
ENSG00000279897.2	BIRC6-AS2	transcribed_unprocessed_pseudogene	chr2	32557273	32574818	-	1	0
ENSG00000279929.1	AL354796.1	TEC	chr9	134298463	134300413	+	1	1
ENSG00000279935.1	AL353611.2	TEC	chr9	134992958	134995854	+	1	1
ENSG00000279956.1	AC073082.1	protein_coding	chr2	48632291	48755724	-	33	0
ENSG00000279983.1	AC244517.10	protein_coding	chr5	141223372	141245861	+	13	0
ENSG00000279995.1	AC139792.3	TEC	chr5	34124162	34124385	-	1	0
ENSG00000280003.1	AC097637.2	TEC	chr3	52217016	52219012	-	2	2
ENSG00000280029.4	AC244517.11	lncRNA	chr5	141136683	141245380	-	132	3
ENSG00000280053.1	AC011199.1	TEC	chr3	126973065	126976426	+	1	1
ENSG00000280055.2	TMEM75	lncRNA	chr8	127946559	127948723	-	1	0
ENSG00000280064.1	AC130304.1	TEC	chr8	37858949	37861333	+	2	0
ENSG00000280083.1	AC079777.1	TEC	chr2	191154118	191156070	-	1	1
ENSG00000280094.2	OR1B1	protein_coding	chr9	122628579	122629573	-	6	0
ENSG00000280119.1	AC093642.2	TEC	chr2	242001209	242006013	+	1	0
ENSG00000280159.1	AC016583.1	TEC	chr5	54643557	54645987	+	1	1
ENSG00000280161.1	AC022413.1	TEC	chr5	180810401	180811384	+	9	0
ENSG00000280173.1	AC104447.1	TEC	chr3	47346950	47349073	+	1	1
ENSG00000280177.1	AC004408.2	TEC	chr17	39165073	39167849	+	8	0
ENSG00000280233.1	AC015813.7	TEC	chr17	57988180	57988760	+	1	1
ENSG00000280248.1	AC124319.3	TEC	chr17	80339898	80342058	+	1	0
ENSG00000280257.1	AC007741.1	TEC	chr2	65790039	65793533	+	1	0
ENSG00000280268.1	AC025125.1	TEC	chr17	3439923	3441844	-	2	0
ENSG00000280294.1	AC011008.2	TEC	chr8	10856085	10859436	-	1	1
ENSG00000280299.1	AC037487.4	lncRNA	chr17	64940602	64954177	+	1	1
ENSG00000280366.1	AL161782.1	lncRNA	chr9	79975023	79990064	+	1	1
ENSG00000280399.1	AC022497.1	TEC	chr3	138482065	138485755	+	1	1
ENSG00000280407.2	AC132872.4	TEC	chr17	82249067	82251844	+	1	0
ENSG00000280414.1	AC018470.1	TEC	chr2	174334438	174337566	-	4	1
ENSG00000280417.1	AC096887.2	TEC	chr3	53046166	53048122	+	2	0
ENSG00000280537.2	AC068946.1	protein_coding	chr2	219075329	219170827	-	22	2
ENSG00000280571.2	AC006059.2	protein_coding	chr3	42705756	42804518	-	38	1
ENSG00000280683.1	LINC01242	lncRNA	chr9	30388935	30575012	-	17	17
ENSG00000280721.1	LINC01943	lncRNA	chr2	87439523	87459044	-	2	2
ENSG00000280725.2	LINC00251	lncRNA	chr8	65161145	65184210	-	3	3
ENSG00000280739.3	EIF1B-AS1	lncRNA	chr3	40061110	40309698	-	44	5
ENSG00000280744.1	LINC01173	lncRNA	chr2	234682668	234717764	+	3	3
ENSG00000280776.2	LINC01202	lncRNA	chr5	161907111	162001536	-	9	9
ENSG00000280780.2	JAKMIP2-AS1	lncRNA	chr5	147559994	147662009	+	33	2
ENSG00000280878.1	AC017002.2	lncRNA	chr2	111468810	111637967	+	16	0
ENSG00000280987.4	MATR3	protein_coding	chr5	139273752	139331671	+	12	0
ENSG00000281128.2	PTENP1-AS	lncRNA	chr9	33676785	33688011	+	1	1
ENSG00000281131.1	SCHLAP1	lncRNA	chr2	180692104	180916939	+	20	20
ENSG00000281162.2	LINC01127	lncRNA	chr2	101962056	101987167	+	3	3
ENSG00000281195.1	AC007878.1	lncRNA	chr2	71373938	71376320	+	1	0
ENSG00000281327.2	LINC01338	lncRNA	chr5	82848260	82859958	-	1	1
ENSG00000281357.3	ARRDC3-AS1	lncRNA	chr5	91380349	91612566	+	20	20
ENSG00000281358.1	RASSF1-AS1	lncRNA	chr3	50337511	50338300	+	1	0
ENSG00000281392.2	LINC00506	lncRNA	chr3	87089129	87158363	+	6	6
ENSG00000281398.4	SNHG4	lncRNA	chr5	139274102	139284899	+	4	0
ENSG00000281477.1	LINC01955	lncRNA	chr2	87249095	87253750	-	1	1
ENSG00000281641.3	SAMD12-AS1	lncRNA	chr8	118620498	118906155	+	27	27
ENSG00000281649.2	EBLN3P	lncRNA	chr9	37079645	37090928	+	1	1
ENSG00000281691.1	RBM5-AS1	lncRNA	chr3	50099603	50100988	-	1	0
ENSG00000281920.1	AC007389.3	lncRNA	chr2	65623272	65628424	+	1	0
ENSG00000281938.2	AC034228.3	protein_coding	chr5	131807143	132011637	-	54	0
ENSG00000282021.1	AC100810.3	lncRNA	chr8	1758208	1760447	-	4	0
ENSG00000282142.2	AC245187.2	lncRNA	chr8	2517898	2556440	-	3	3
ENSG00000282160.1	AF067845.5	lncRNA	chr8	1373685	1381394	+	1	0
ENSG00000282199.1	AC007993.3	lncRNA	chr17	43914433	43923001	-	1	1
ENSG00000282440.1	AC074099.1	lncRNA	chr2	156305108	156320255	-	1	1
ENSG00000282527.1	AC110491.3	lncRNA	chr3	97800733	97821884	-	2	2
ENSG00000282828.2	AC009971.1	lncRNA	chr2	49563388	49595126	+	2	2
ENSG00000282882.2	AC027045.2	lncRNA	chr17	9764186	9805100	+	8	1
ENSG00000282890.1	AC009975.1	lncRNA	chr2	48809340	49419013	+	63	18
ENSG00000282897.1	AL162727.3	TEC	chr9	113614589	113617375	-	1	1
ENSG00000282936.2	AC004706.3	protein_coding	chr17	6628619	6640456	-	19	0
ENSG00000282961.1	PRNCR1	lncRNA	chr8	127079874	127092600	+	1	0
ENSG00000282987.1	AC099753.1	lncRNA	chr3	21006730	21226305	-	20	8
ENSG00000282998.1	AC009975.2	lncRNA	chr2	49202126	49451896	-	24	4
ENSG00000283001.2	AL450426.1	lncRNA	chr9	104519847	104537194	+	4	1
ENSG00000283025.1	AC027045.3	lncRNA	chr17	9805443	9811047	+	3	0
ENSG00000283031.2	AC009242.1	lncRNA	chr2	23667208	23685453	-	1	0
ENSG00000283036.3	LINC01988	lncRNA	chr3	44424134	44429529	+	1	0
ENSG00000283058.1	AC009234.1	lncRNA	chr2	50620963	50632993	+	2	0
ENSG00000283118.1	AC009951.5	lncRNA	chr2	144444848	144450450	+	1	0
ENSG00000283149.1	AC068631.2	protein_coding	chr3	186581995	186597103	+	6	0
ENSG00000283154.2	IQCJ-SCHIP1	protein_coding	chr3	158962235	159897366	+	99	54
ENSG00000283155.1	AC116353.5	lncRNA	chr5	140562443	140592123	-	5	0
ENSG00000283157.1	AC012564.1	lncRNA	chr8	104699479	104703555	-	1	0
ENSG00000283162.1	AL390726.5	transcribed_unprocessed_pseudogene	chr9	38433696	38543880	+	22	12
ENSG00000283175.1	AC007920.2	lncRNA	chr3	187291272	187297933	+	8	2
ENSG00000283189.2	AC104452.1	protein_coding	chr3	49416777	49429314	-	12	0
ENSG00000283196.2	LSP1P5	transcribed_unprocessed_pseudogene	chr2	89542842	89585652	-	1	1
ENSG00000283205.1	AL353572.3	protein_coding	chr9	87956214	87956883	+	1	1
ENSG00000283228.1	AC068547.1	protein_coding	chr2	151802651	151973949	-	77	0
ENSG00000283235.2	AC139493.2	lncRNA	chr5	176173345	176199295	-	2	1
ENSG00000283239.1	KBTBD11-OT1	protein_coding	chr8	1763888	1958627	+	116	1
ENSG00000283270.1	MALLP2	transcribed_unprocessed_pseudogene	chr2	88811186	88825207	-	1	0
ENSG00000283283.2	AC013268.4	unprocessed_pseudogene	chr2	110022447	110050064	-	2	2
ENSG00000283286.1	AC093277.1	lncRNA	chr5	40415137	40431491	+	2	2
ENSG00000283288.1	SMIM33	protein_coding	chr5	139470778	139474772	+	2	2
ENSG00000283303.1	AC073869.3	lncRNA	chr2	131363364	131364881	+	1	1
ENSG00000283327.1	MIR6841	miRNA	chr8	24953796	24953867	-	1	0
ENSG00000283329.1	FAM240B	protein_coding	chr9	38694263	38720428	-	7	7
ENSG00000283376.1	AC011591.2	unitary_pseudogene	chr17	68691809	68716064	-	2	0
ENSG00000283378.1	CNTNAP3C	protein_coding	chr9	61330717	61453030	+	1	1
ENSG00000283392.1	AC090952.2	lncRNA	chr3	14602035	14641443	+	3	3
ENSG00000283411.1	AL590627.2	lncRNA	chr9	137605744	137711018	+	28	0
ENSG00000283413.1	AC008703.1	lncRNA	chr5	159484130	159511687	-	3	0
ENSG00000283417.1	AC024614.4	lncRNA	chr17	33791838	33816761	-	3	0
ENSG00000283426.1	SMBD1P	transcribed_unitary_pseudogene	chr3	195701618	195711643	+	1	0
ENSG00000283428.1	CCDC195	protein_coding	chr2	224703764	224716365	-	2	2
ENSG00000283434.2	CSNKA2IP	protein_coding	chr3	88338416	88467594	+	33	33
ENSG00000283436.1	LINC01958	lncRNA	chr2	156655224	156695659	+	4	4
ENSG00000283439.4	SPEM3	protein_coding	chr17	7428857	7432820	+	5	0
ENSG00000283462.2	AC008505.1	lncRNA	chr5	103880129	103891404	-	1	1
ENSG00000283473.4	FAM240A	protein_coding	chr3	46612435	46626543	+	14	13
ENSG00000283486.2	FAM95C	protein_coding	chr9	38540569	38577207	-	28	1
ENSG00000283491.1	AC017104.4	unprocessed_pseudogene	chr2	231497090	231507256	-	1	1
ENSG00000283511.1	AC137936.2	transcribed_unitary_pseudogene	chr3	58180009	58187495	+	1	1
ENSG00000283517.1	AC005144.1	lncRNA	chr17	71829870	71871750	-	3	3
ENSG00000283526.1	PRRT1B	protein_coding	chr9	131545514	131558620	+	9	9
ENSG00000283538.3	AC005972.3	lncRNA	chr17	62910021	62968549	-	5	5
ENSG00000283544.1	ABBA01000935.2	unprocessed_pseudogene	chr3	91374236	91513775	-	9	9
ENSG00000283559.2	AC139491.6	transcribed_unprocessed_pseudogene	chr5	176143078	176156989	-	1	0
ENSG00000283563.1	AC098650.1	protein_coding	chr3	28349178	29767537	+	184	3
ENSG00000283566.2	AC243725.1	unprocessed_pseudogene	chr17	21773754	21783465	-	1	1
ENSG00000283602.1	AC116353.6	transcribed_unitary_pseudogene	chr5	140569962	140594570	-	2	0
ENSG00000283625.1	AC128714.1	unprocessed_pseudogene	chr3	184499484	184500370	-	1	1
ENSG00000283635.1	AC012485.3	lncRNA	chr2	238289127	238300185	+	4	0
ENSG00000283646.2	LINC02009	lncRNA	chr3	46416524	46423591	-	1	1
ENSG00000283653.1	AC091948.1	unprocessed_pseudogene	chr5	148362777	148372152	+	1	0
ENSG00000283659.1	AC006453.4	unprocessed_pseudogene	chr2	89666033	89683204	+	1	1
ENSG00000283674.3	AC068587.4	lncRNA	chr8	12467693	12665588	-	15	12
ENSG00000283686.2	AC083841.4	unprocessed_pseudogene	chr8	142797624	142806142	-	1	0
ENSG00000283698.1	VINAC1P	transcribed_unitary_pseudogene	chr2	112439312	112469687	-	2	2
ENSG00000283706.2	PRSS50	protein_coding	chr3	46712117	46717869	-	4	0
ENSG00000283740.1	TAF11L11	protein_coding	chr5	17604177	17605377	+	7	7
ENSG00000283765.1	AC131160.1	protein_coding	chr3	183815568	183884889	-	24	3
ENSG00000283776.1	TAF11L13	protein_coding	chr5	17632088	17632684	+	1	1
ENSG00000283782.2	AC116366.1	protein_coding	chr5	132410832	132646079	+	85	3
ENSG00000283839.1	AC096667.1	lncRNA	chr2	184593577	184599008	-	2	1
ENSG00000283849.1	AC092053.2	lncRNA	chr3	39152906	39154723	+	2	0
ENSG00000283858.1	MIR3674	miRNA	chr8	1801125	1801192	+	1	0
ENSG00000283874.1	MIR3911	miRNA	chr9	127690687	127690795	-	1	0
ENSG00000283877.1	AC104304.2	protein_coding	chr3	46581150	46617226	+	12	6
ENSG00000283886.3	BX664615.2	protein_coding	chr9	39816599	39874562	-	3	0
ENSG00000283897.2	AC011416.3	lncRNA	chr5	127215159	127229828	-	1	1
ENSG00000283914.1	AC087645.4	lncRNA	chr17	78248193	78251440	+	1	0
ENSG00000283935.1	MIR423	miRNA	chr17	30117079	30117172	+	1	0
ENSG00000283945.1	LINC00032	transcribed_unprocessed_pseudogene	chr9	27245680	27284869	-	4	3
ENSG00000283959.1	AP002851.1	lncRNA	chr8	102656464	102687118	+	3	3
ENSG00000283971.1	MIR4442	miRNA	chr3	25664873	25664939	-	1	1
ENSG00000283982.1	AL445623.2	lncRNA	chr9	23500691	23672387	-	14	14
ENSG00000283992.2	SLURP2	protein_coding	chr8	142764338	142769828	-	4	0
ENSG00000284003.1	AC073869.4	unprocessed_pseudogene	chr2	131373647	131379675	-	1	1
ENSG00000284052.1	AC006460.2	lncRNA	chr2	190607660	190649840	-	4	3
ENSG00000284054.1	MIR7112	miRNA	chr8	144262673	144262737	-	1	0
ENSG00000284084.1	AOX3P-AOX2P	lncRNA	chr2	200695723	200748040	+	5	0
ENSG00000284116.1	AL772307.1	lncRNA	chr9	39983793	40106611	-	4	0
ENSG00000284139.1	MIR1234	miRNA	chr8	144400086	144400165	-	1	0
ENSG00000284186.1	MIR3615	miRNA	chr17	74748613	74748699	+	1	0
ENSG00000284308.1	C2orf81	protein_coding	chr2	74414176	74421591	-	3	0
ENSG00000284341.1	AL807752.7	protein_coding	chr9	136977518	136985435	+	10	0
ENSG00000284344.1	MIR2117	miRNA	chr17	43444806	43444885	+	1	0
ENSG00000284418.2	AL391117.1	lncRNA	chr9	22703516	23438700	-	68	56
ENSG00000284498.1	MIR564	miRNA	chr3	44861888	44861981	+	1	0
ENSG00000284505.1	LYNX1-SLURP2	protein_coding	chr8	142764334	142778224	-	18	2
ENSG00000284526.1	AC015802.6	protein_coding	chr17	76563710	76570544	-	21	0
ENSG00000284600.1	AC093390.2	lncRNA	chr2	1795525	1811526	+	9	0
ENSG00000284604.1	AC073869.5	lncRNA	chr2	131303037	131355683	+	5	0
ENSG00000284606.1	AC105233.4	lncRNA	chr8	8059572	8199973	+	5	4
ENSG00000284608.1	AC016912.2	lncRNA	chr2	46429195	46484424	+	10	0
ENSG00000284610.1	AC107918.4	transcribed_unprocessed_pseudogene	chr8	12006188	12015193	-	1	1
ENSG00000284612.1	AL591543.1	lncRNA	chr9	38650215	38662717	+	1	1
ENSG00000284620.2	AF228730.5	transcribed_unprocessed_pseudogene	chr8	7092102	7187316	+	7	7
ENSG00000284624.1	AC092902.4	lncRNA	chr3	125766516	125852936	+	7	2
ENSG00000284629.1	SCYGR1	protein_coding	chr2	227387683	227387949	-	1	1
ENSG00000284631.1	SCYGR4	protein_coding	chr2	227616998	227618655	+	16	0
ENSG00000284635.1	SCYGR8	protein_coding	chr2	227745845	227746681	+	6	6
ENSG00000284643.1	SCYGR2	protein_coding	chr2	227598893	227599255	+	13	13
ENSG00000284667.1	SCYGR5	protein_coding	chr2	227666804	227667061	+	5	5
ENSG00000284669.1	AC092053.3	lncRNA	chr3	39148281	39172952	+	3	1
ENSG00000284672.1	AC109583.4	lncRNA	chr3	46742092	46812558	-	22	0
ENSG00000284701.1	TMEM247	protein_coding	chr2	46479565	46484425	+	4	0
ENSG00000284704.1	SCYGR3	protein_coding	chr2	227614538	227614840	-	3	0
ENSG00000284706.1	AC073869.7	unprocessed_pseudogene	chr2	131335502	131355769	+	2	0
ENSG00000284718.1	SCYGR7	protein_coding	chr2	227728335	227728625	+	3	3
ENSG00000284725.1	SCYGR6	protein_coding	chr2	227724440	227724757	-	4	4
ENSG00000284741.1	PDE11A	protein_coding	chr2	177628069	178108339	-	80	4
ENSG00000284753.2	EEF1AKMT4	protein_coding	chr3	184249672	184258759	+	5	0
ENSG00000284762.1	AC022414.1	protein_coding	chr5	77086732	77427124	+	53	4
ENSG00000284820.1	AC068946.2	protein_coding	chr2	219209772	219222738	-	11	0
ENSG00000284837.1	AC007846.1	lncRNA	chr17	5772234	5930696	+	20	2
ENSG00000284862.3	CCDC39	protein_coding	chr3	180602858	180684942	-	20	0
ENSG00000284876.1	AC015908.6	lncRNA	chr17	10794906	10838094	-	24	0
ENSG00000284879.1	AC133644.2	lncRNA	chr2	87455476	87767359	+	21	5
ENSG00000284917.1	EEF1AKMT4-ECE2	protein_coding	chr3	184249695	184293031	+	22	2
ENSG00000284948.1	AC107959.4	lncRNA	chr8	23084355	23103558	+	12	2
ENSG00000284952.1	AC104472.3	protein_coding	chr3	155763043	155854442	-	40	3
ENSG00000284956.1	AC107959.5	protein_coding	chr8	23084403	23115536	+	12	0
ENSG00000284976.1	BX255925.3	protein_coding	chr9	137217452	137219361	+	5	5
ENSG00000284977.2	AL160272.1	lncRNA	chr9	117759455	117879988	+	17	0
ENSG00000284986.1	AL449043.2	transcribed_unprocessed_pseudogene	chr9	52452	73374	-	2	0
ENSG00000285000.1	AC008581.2	protein_coding	chr5	77030902	77152155	+	50	1
ENSG00000285016.1	AC017002.3	lncRNA	chr2	111429324	111699033	-	25	0
ENSG00000285051.2	SLC7A14-AS1	lncRNA	chr3	170448639	170860993	+	64	0
ENSG00000285068.1	AC074008.2	lncRNA	chr2	73352610	73385677	-	3	3
ENSG00000285082.2	AL160272.2	protein_coding	chr9	117704157	118072314	+	70	23
ENSG00000285103.2	AL451123.1	lncRNA	chr9	27529085	27543902	+	8	2
ENSG00000285108.1	AC103718.1	lncRNA	chr8	129685401	129723023	-	4	4
ENSG00000285130.2	AL358113.1	protein_coding	chr9	69035747	69255187	+	133	10
ENSG00000285155.1	AC092153.1	lncRNA	chr2	160141981	160271888	-	20	4
ENSG00000285169.2	AL358117.1	lncRNA	chr9	16982723	16989647	-	1	0
ENSG00000285190.1	AC018754.1	lncRNA	chr5	87412342	87499340	+	49	49
ENSG00000285218.1	AC026316.4	protein_coding	chr3	170418868	170860380	+	71	0
ENSG00000285220.1	AC015908.7	lncRNA	chr17	10729777	10880895	+	37	0
ENSG00000285245.1	AL162417.1	protein_coding	chr9	133098121	133163914	-	34	0
ENSG00000285269.2	AL160269.1	protein_coding	chr9	96235331	96352058	-	39	4
ENSG00000285287.1	AL354855.1	unprocessed_pseudogene	chr9	131370933	131372514	+	1	1
ENSG00000285336.1	AC108734.3	lncRNA	chr3	180707589	180871005	-	17	0
ENSG00000285354.1	AC010745.5	lncRNA	chr2	16294445	16302290	-	1	0
ENSG00000285373.2	LINC02478	lncRNA	chr2	160257718	160271880	-	2	0
ENSG00000285416.1	AC137630.5	unitary_pseudogene	chr3	48997221	48999442	-	1	0
ENSG00000285447.1	ZNF883	protein_coding	chr9	112997120	113050043	-	19	2
ENSG00000285471.1	AC007846.2	protein_coding	chr17	5772926	6080792	+	40	15
ENSG00000285476.1	AC139491.7	protein_coding	chr5	176063748	176126959	+	13	0
ENSG00000285486.1	AC003043.2	lncRNA	chr17	44276368	44281182	-	1	1
ENSG00000285519.1	AC104781.1	lncRNA	chr2	54768492	54801540	-	3	0
ENSG00000285535.2	AC021683.5	lncRNA	chr17	77590532	77680687	+	8	8
ENSG00000285539.1	AC006059.3	lncRNA	chr3	42692663	42732922	-	21	0
ENSG00000285541.1	AC005548.1	lncRNA	chr17	11197883	11242062	-	4	4
ENSG00000285542.1	AC013717.1	protein_coding	chr2	44168851	44320310	+	34	3
ENSG00000285548.1	AC068725.1	lncRNA	chr2	50324643	50345598	+	2	0
ENSG00000285549.1	AC091973.1	lncRNA	chr5	165129307	165153014	-	2	0
ENSG00000285552.1	AC114977.1	lncRNA	chr5	40463562	40504563	+	4	3
ENSG00000285556.1	AL354897.1	lncRNA	chr9	85167346	85194283	+	2	2
ENSG00000285557.1	AC069410.1	lncRNA	chr3	148368384	148591927	-	20	17
ENSG00000285558.1	AC112504.2	protein_coding	chr3	141738474	141807919	+	18	5
ENSG00000285559.1	AC022903.2	lncRNA	chr17	34937306	34938604	+	1	0
ENSG00000285569.2	AC099344.3	lncRNA	chr2	11405508	11427186	+	2	2
ENSG00000285577.1	AC019127.1	lncRNA	chr2	33274465	33281261	-	2	0
ENSG00000285579.1	AC015687.1	lncRNA	chr8	70669369	71228629	+	71	32
ENSG00000285585.1	AC069444.2	protein_coding	chr3	119703076	119807570	+	37	1
ENSG00000285590.1	AC010291.1	lncRNA	chr5	163597352	163612516	-	1	1
ENSG00000285591.1	AC092617.1	lncRNA	chr2	8488420	8505027	+	1	0
ENSG00000285600.1	AC023593.1	lncRNA	chr3	127620106	127629049	-	2	1
ENSG00000285601.1	AC084262.2	lncRNA	chr8	29351292	29360222	+	1	1
ENSG00000285605.1	AC109441.1	lncRNA	chr5	144439204	144468471	-	2	0
ENSG00000285611.2	AC007132.1	lncRNA	chr2	60057601	60071127	+	1	0
ENSG00000285616.1	AC114977.2	lncRNA	chr5	40474908	40490430	-	1	0
ENSG00000285618.1	AC074132.1	lncRNA	chr5	91132303	91142470	-	1	0
ENSG00000285619.1	AL449214.1	lncRNA	chr3	128181402	128194452	-	2	0
ENSG00000285631.1	AC097105.1	lncRNA	chr3	130821184	130823914	+	1	1
ENSG00000285632.1	AC084024.4	lncRNA	chr8	38223957	38231695	-	1	1
ENSG00000285634.2	AL583827.1	lncRNA	chr9	85369591	85444230	-	7	7
ENSG00000285635.1	AC021660.3	protein_coding	chr3	98521133	98585498	-	20	9
ENSG00000285637.2	AL161449.2	lncRNA	chr9	12958503	13034326	-	7	7
ENSG00000285645.1	AL133410.3	protein_coding	chr9	35812960	35828732	-	11	0
ENSG00000285648.1	AC137735.2	lncRNA	chr17	73926421	73949906	-	2	2
ENSG00000285650.1	AL157827.2	lncRNA	chr9	92600094	92612368	-	4	0
ENSG00000285655.1	AC009879.2	protein_coding	chr8	66430185	66445324	+	6	1
ENSG00000285669.1	AC026979.4	lncRNA	chr8	30192429	30201332	+	1	1
ENSG00000285673.1	AC007092.1	lncRNA	chr2	59014354	59277688	+	23	14
ENSG00000285675.1	AC023385.1	lncRNA	chr8	10118005	10147423	-	2	0
ENSG00000285683.2	AC023781.1	lncRNA	chr8	136237236	136295232	-	5	0
ENSG00000285685.1	AC115284.3	lncRNA	chr3	52046763	52048657	+	1	1
ENSG00000285686.1	LINC02834	lncRNA	chr9	86669349	86708307	-	3	1
ENSG00000285688.1	AL161443.1	lncRNA	chr9	7177577	7203458	+	2	2
ENSG00000285689.1	AC091951.4	lncRNA	chr5	7272792	7276923	+	1	1
ENSG00000285706.1	AL807776.1	lncRNA	chr9	98798466	98807564	-	1	1
ENSG00000285708.1	AC097634.4	protein_coding	chr3	70959226	71754229	-	141	4
ENSG00000285731.1	AC090644.1	lncRNA	chr3	17141015	17205165	+	15	2
ENSG00000285736.1	AC131025.3	lncRNA	chr5	149324220	149345333	-	8	0
ENSG00000285744.1	AC083837.1	lncRNA	chr8	78805293	78956082	+	14	13
ENSG00000285749.2	AC097636.1	protein_coding	chr3	51798803	51833389	+	17	8
ENSG00000285754.1	AC008170.1	lncRNA	chr2	34134371	34220575	-	8	0
ENSG00000285755.2	AC132153.1	lncRNA	chr2	57289648	57380132	-	7	7
ENSG00000285758.2	AC036214.4	lncRNA	chr8	79891553	79930892	+	4	3
ENSG00000285768.1	LINC02849	lncRNA	chr8	85851446	85861562	-	1	0
ENSG00000285780.2	AC109129.1	lncRNA	chr3	89283016	89314604	-	3	0
ENSG00000285784.1	AL353595.1	lncRNA	chr9	11618530	12058227	+	41	41
ENSG00000285785.1	AC003950.1	lncRNA	chr17	57196081	57213300	-	2	2
ENSG00000285788.1	AC099782.1	lncRNA	chr3	45842265	45866571	+	3	0
ENSG00000285791.1	AC009879.3	protein_coding	chr8	66432486	66518524	+	32	4
ENSG00000285793.1	ANAPC1P2	lncRNA	chr2	87030675	87076429	-	4	0
ENSG00000285798.1	AC092958.4	lncRNA	chr3	148028046	148079637	-	5	4
ENSG00000285804.2	AC025774.1	lncRNA	chr5	72087782	72108000	-	4	2
ENSG00000285809.1	AC093295.1	lncRNA	chr5	117313085	117330149	+	2	2
ENSG00000285817.1	AC105213.1	lncRNA	chr8	137524755	137645564	-	11	11
ENSG00000285819.1	AC131180.1	lncRNA	chr2	131191641	131209211	-	1	0
ENSG00000285820.1	AL157829.1	lncRNA	chr9	116838144	116877264	+	4	0
ENSG00000285822.1	AC129926.2	lncRNA	chr17	27089545	27170310	+	8	8
ENSG00000285829.1	AC005921.4	lncRNA	chr17	50781306	50792493	+	1	1
ENSG00000285831.1	AC027329.1	lncRNA	chr5	53297872	53326565	-	2	2
ENSG00000285836.1	AC092896.1	lncRNA	chr3	113998782	114016261	+	3	0
ENSG00000285857.1	AC016727.3	lncRNA	chr2	61527340	61529160	+	1	0
ENSG00000285861.1	AC026991.2	lncRNA	chr8	3409133	3426587	+	4	0
ENSG00000285865.1	AC010285.3	lncRNA	chr5	179974584	179980186	+	6	0
ENSG00000285868.1	AC008676.3	protein_coding	chr5	157341596	157460100	-	38	0
ENSG00000285872.1	AC007240.3	lncRNA	chr2	10287800	10302485	-	2	2
ENSG00000285876.1	AC093912.1	lncRNA	chr2	13000953	13331683	+	30	29
ENSG00000285877.1	AC007448.5	lncRNA	chr17	67244282	67273503	+	5	4
ENSG00000285880.1	AC144573.1	protein_coding	chr8	37934340	37965953	-	7	2
ENSG00000285881.1	AC105206.3	lncRNA	chr8	22188369	22192578	-	5	0
ENSG00000285885.1	AC092058.1	lncRNA	chr3	39494837	39502567	-	6	0
ENSG00000285890.1	AC009623.3	lncRNA	chr8	25820975	25833464	-	1	1
ENSG00000285891.1	MSANTD5	protein_coding	chr5	178694605	178697695	-	10	0
ENSG00000285897.1	AC004687.2	protein_coding	chr17	58345206	58417595	-	25	0
ENSG00000285898.1	AC007317.1	lncRNA	chr2	40591285	40679604	+	8	5
ENSG00000285906.2	AC083855.2	lncRNA	chr3	11193439	11225877	-	2	0
ENSG00000285907.1	AL161910.1	lncRNA	chr9	89563537	89604687	-	4	4
ENSG00000285908.1	AC080128.2	lncRNA	chr3	133799440	133806139	-	3	0
ENSG00000285911.1	AL391834.3	lncRNA	chr9	19386927	19408532	-	2	2
ENSG00000285914.1	AC022440.1	lncRNA	chr5	171724575	171737519	-	1	1
ENSG00000285925.1	AC007391.2	lncRNA	chr2	37339957	37343796	-	4	1
ENSG00000285938.1	AC072022.2	protein_coding	chr3	187743686	187746028	+	1	1
ENSG00000285939.2	AC034268.2	lncRNA	chr17	53276760	54365634	-	101	93
ENSG00000285943.1	AC112128.1	protein_coding	chr3	113361901	113515151	-	65	1
ENSG00000285947.1	AC127029.3	protein_coding	chr17	63917203	63931385	-	15	4
ENSG00000285957.1	AC019257.7	lncRNA	chr8	1957921	1963131	-	2	1
ENSG00000285967.1	NIPBL-DT	lncRNA	chr5	36864425	36876700	-	1	0
ENSG00000285971.1	AC023095.1	lncRNA	chr8	62191088	62249879	-	9	6
ENSG00000285977.1	AC022068.1	lncRNA	chr8	4633065	4635654	+	1	0
ENSG00000285978.1	AC113348.1	protein_coding	chr5	178694605	178729335	-	20	3
ENSG00000285982.1	AC012213.5	protein_coding	chr8	103398658	103501895	-	38	3
ENSG00000285984.1	AC009301.1	lncRNA	chr2	30887626	30897387	-	1	1
ENSG00000285987.1	AL157886.1	lncRNA	chr9	84316514	84657077	+	31	29
ENSG00000286001.1	AC021087.5	protein_coding	chr5	218298	314955	+	108	6
ENSG00000286003.1	AC110992.1	lncRNA	chr3	178028130	178172449	-	13	12
ENSG00000286007.1	AC113189.9	protein_coding	chr17	7428861	7436278	+	7	0
ENSG00000286010.1	AC108925.1	lncRNA	chr8	127663280	127670990	-	1	1
ENSG00000286011.1	AC062037.3	lncRNA	chr2	85418504	85426724	+	4	0
ENSG00000286020.1	AC011997.2	lncRNA	chr2	197817423	197836326	-	1	0
ENSG00000286026.1	AC079776.4	lncRNA	chr2	129990456	130028412	-	3	2
ENSG00000286034.1	AC100822.1	lncRNA	chr8	128323131	128388636	+	6	6
ENSG00000286036.1	AC017099.2	lncRNA	chr2	97618638	97638417	+	1	1
ENSG00000286045.1	AC005034.6	lncRNA	chr2	75710782	75728123	+	1	1
ENSG00000286048.1	AC008966.3	lncRNA	chr5	53024924	53035884	-	2	0
ENSG00000286053.2	ASDURF	protein_coding	chr2	189661452	189666437	+	3	0
ENSG00000286058.1	AC018865.2	lncRNA	chr2	130026845	130051131	-	2	1
ENSG00000286062.1	AC092353.2	lncRNA	chr5	66350148	66440356	-	7	3
ENSG00000286065.2	SLFN12L	lncRNA	chr17	35474904	35537861	-	14	3
ENSG00000286068.1	AC010974.2	lncRNA	chr2	132685224	132816896	+	26	0
ENSG00000286081.1	AC016682.1	lncRNA	chr2	150150633	150166266	-	2	2
ENSG00000286095.1	SPEGNB	protein_coding	chr2	219496125	219498287	+	6	0
ENSG00000286101.1	AC093894.2	lncRNA	chr2	101551592	101567901	-	1	1
ENSG00000286111.1	AC116362.2	lncRNA	chr5	125493261	125602229	+	10	0
ENSG00000286112.1	AL441992.2	protein_coding	chr9	128819663	128881931	-	22	4
ENSG00000286115.1	AC010092.1	lncRNA	chr2	170890393	170914873	-	2	2
ENSG00000286121.1	AC093298.2	lncRNA	chr5	91642643	91799234	+	14	14
ENSG00000286122.1	AC016074.2	lncRNA	chr8	125648327	126008930	+	33	19
ENSG00000286134.2	AC114930.1	lncRNA	chr5	24135160	24271863	-	12	8
ENSG00000286143.1	AC053503.6	protein_coding	chr2	219491867	219498244	+	8	0
ENSG00000286145.2	AC068282.1	lncRNA	chr2	127294212	127375075	+	20	0
ENSG00000286152.1	AC096555.1	lncRNA	chr2	184049467	184187573	-	13	13
ENSG00000286156.1	BMS1P23	transcribed_unprocessed_pseudogene	chr2	94195806	94208379	-	1	1
ENSG00000286162.2	AL162253.2	lncRNA	chr9	5457477	5629748	-	28	9
ENSG00000286165.1	AC012488.2	protein_coding	chr2	189661519	189667881	+	2	0
ENSG00000286167.1	AC105402.1	lncRNA	chr2	148909406	148927254	-	2	0
ENSG00000286168.2	AC024937.3	lncRNA	chr3	195996262	196027694	+	4	3
ENSG00000286170.1	AC011233.2	lncRNA	chr2	221306290	221308329	-	1	1
ENSG00000286182.1	AC112172.2	lncRNA	chr5	29239922	29265940	-	3	3
ENSG00000286190.2	AC055839.2	protein_coding	chr17	5499427	5501006	-	8	0
ENSG00000286193.2	AC025449.2	lncRNA	chr5	37249026	37252617	+	1	1
ENSG00000286194.1	AC138207.9	lncRNA	chr17	30968785	30970307	+	1	1
ENSG00000286196.1	AL162586.2	lncRNA	chr9	127754534	127760560	+	3	0
ENSG00000286199.1	AC008281.1	lncRNA	chr2	219904983	219912834	-	1	1
ENSG00000286203.1	AL158152.1	transcribed_unitary_pseudogene	chr9	94147966	94157219	+	1	1
ENSG00000286204.1	AC025475.2	lncRNA	chr5	26473505	26484711	-	1	1
ENSG00000286206.1	AC097499.2	lncRNA	chr2	125665331	125717150	+	4	3
ENSG00000286207.1	AC012443.2	lncRNA	chr2	152635268	152641275	-	1	0
ENSG00000286208.1	AC093838.1	lncRNA	chr2	131555007	131568599	+	1	1
ENSG00000286211.1	AC098817.1	lncRNA	chr2	82831234	82866508	+	4	4
ENSG00000286218.2	AC005040.2	lncRNA	chr2	106933739	106996534	-	6	6
ENSG00000286223.1	AC064836.3	lncRNA	chr2	202302122	202303614	-	2	0
ENSG00000286225.1	AC079163.2	lncRNA	chr2	145572662	145765726	+	17	15
ENSG00000286227.1	AC011754.2	lncRNA	chr2	79269905	79292878	-	3	0
ENSG00000286234.1	AC079790.2	lncRNA	chr2	152176020	152225211	+	4	4
ENSG00000286238.1	AC106821.2	lncRNA	chr5	24772144	24850971	-	8	7
ENSG00000286239.1	AC093884.1	protein_coding	chr2	223757258	223945299	-	43	2
ENSG00000286244.1	AC073046.3	lncRNA	chr2	73834422	73856965	-	2	0
ENSG00000286249.1	AC016743.1	lncRNA	chr2	209353977	209387322	-	4	4
ENSG00000286260.1	AC092604.1	lncRNA	chr2	78880713	78931146	-	5	5
ENSG00000286266.1	AC104370.1	lncRNA	chr8	127578473	127636867	+	6	6
ENSG00000286271.2	AC008945.2	lncRNA	chr5	42813647	42924535	+	14	4
ENSG00000286272.1	AC093843.2	lncRNA	chr2	220811618	220853456	-	4	0
ENSG00000286273.1	AC078816.1	lncRNA	chr3	151293317	151295494	+	4	0
ENSG00000286274.1	AC008679.1	lncRNA	chr5	129150677	129173257	+	2	2
ENSG00000286282.1	AC021733.4	lncRNA	chr8	119350291	119416947	-	8	6
ENSG00000286290.1	AC011593.1	lncRNA	chr2	103362082	103403712	+	2	2
ENSG00000286307.1	AC017028.1	lncRNA	chr2	239114858	239118842	+	2	0
ENSG00000286308.1	AC084114.1	lncRNA	chr8	117265272	117318701	+	5	5
ENSG00000286322.1	AL356218.2	lncRNA	chr9	33401478	33410553	+	5	1
ENSG00000286325.1	AC124861.3	lncRNA	chr2	240184716	240187878	+	1	1
ENSG00000286329.1	AC108690.1	lncRNA	chr3	80602716	80677898	-	7	7
ENSG00000286332.1	AL353637.2	lncRNA	chr9	76915615	76919785	-	1	1
ENSG00000286335.1	AC009230.1	lncRNA	chr2	149170561	149184570	-	1	0
ENSG00000286338.1	AC099487.2	lncRNA	chr5	102664610	102726598	+	6	5
ENSG00000286347.1	AC114802.1	lncRNA	chr2	69030042	69033637	-	1	0
ENSG00000286348.1	AC084834.1	lncRNA	chr8	55067585	55081909	-	1	1
ENSG00000286352.1	AC104451.2	lncRNA	chr3	17742952	17745665	+	1	0
ENSG00000286353.1	AC115282.1	lncRNA	chr3	54057690	54125377	-	8	5
ENSG00000286361.1	AC092944.3	lncRNA	chr3	157234580	157235149	-	1	0
ENSG00000286362.1	AP005717.2	lncRNA	chr8	119832875	119855509	+	7	0
ENSG00000286363.1	AC087427.1	lncRNA	chr3	2135757	2141988	+	1	0
ENSG00000286375.1	AL512590.3	lncRNA	chr9	97403709	97411908	-	1	1
ENSG00000286377.1	AC114964.2	lncRNA	chr5	15425758	15496353	+	1	1
ENSG00000286387.1	AC007432.1	lncRNA	chr17	71678899	71743468	-	6	6
ENSG00000286399.1	AC104634.1	lncRNA	chr2	231588959	231592776	-	1	1
ENSG00000286400.1	AC110926.1	lncRNA	chr2	127141976	127143793	-	1	1
ENSG00000286403.1	AC010378.1	lncRNA	chr5	139503242	139511374	+	1	1
ENSG00000286412.1	AC007682.1	lncRNA	chr2	51011777	51016950	+	1	0
ENSG00000286414.1	AL390791.1	lncRNA	chr9	88735041	88803716	-	7	7
ENSG00000286415.1	AC017050.1	lncRNA	chr2	33599442	33657460	+	5	5
ENSG00000286419.1	AC097637.3	lncRNA	chr3	52183722	52186834	-	3	3
ENSG00000286430.1	AC020558.6	lncRNA	chr17	17504005	17512266	+	6	0
ENSG00000286432.1	AC109472.1	lncRNA	chr5	28614613	28654531	+	3	0
ENSG00000286441.1	AC016575.2	lncRNA	chr5	14970909	14992961	+	2	2
ENSG00000286443.1	AC091178.2	lncRNA	chr17	39086976	39091942	+	3	0
ENSG00000286447.1	AC109782.1	lncRNA	chr3	96810838	96814407	-	1	1
ENSG00000286451.1	AL499602.1	lncRNA	chr9	83063398	83069143	+	1	1
ENSG00000286454.1	AC091893.2	lncRNA	chr5	24729379	24738195	+	1	1
ENSG00000286471.1	AC027250.2	lncRNA	chr8	54381698	54394870	+	1	1
ENSG00000286474.1	AL355672.1	lncRNA	chr9	11313397	11436244	+	12	12
ENSG00000286480.1	AC009501.2	lncRNA	chr2	63106879	63197037	+	12	1
ENSG00000286481.1	AC011246.1	lncRNA	chr2	121902501	122887691	+	86	85
ENSG00000286484.1	AC021451.2	lncRNA	chr8	46810696	46819098	-	1	1
ENSG00000286492.1	AC117509.1	lncRNA	chr3	111835723	111860730	-	8	0
ENSG00000286503.1	AC008462.1	lncRNA	chr5	108382156	108418016	+	4	4
ENSG00000286506.1	FP325317.2	transcribed_unprocessed_pseudogene	chr9	43126164	43139867	+	1	1
ENSG00000286509.1	AC026408.1	lncRNA	chr5	93088856	93091768	+	1	1
ENSG00000286515.1	AC142116.2	lncRNA	chr2	126154583	126203372	+	3	3
ENSG00000286524.1	AC092567.2	lncRNA	chr2	62817764	62819706	-	1	0
ENSG00000286525.1	AC023787.2	lncRNA	chr2	239439643	239531363	+	8	8
ENSG00000286530.1	AC108057.1	lncRNA	chr2	157033837	157049716	+	1	1
ENSG00000286535.1	AC139019.1	lncRNA	chr8	130358787	130362461	+	1	0
ENSG00000286536.1	AL591506.1	lncRNA	chr9	105025932	105239221	-	18	18
ENSG00000286539.1	AC073973.1	lncRNA	chr2	194587925	194612145	+	3	3
ENSG00000286542.1	AC124242.3	lncRNA	chr8	18104797	18127346	+	2	2
ENSG00000286543.1	AC138409.3	lncRNA	chr5	34245273	34288755	+	5	5
ENSG00000286545.1	AC092645.2	lncRNA	chr2	112239621	112244375	+	1	0
ENSG00000286547.1	AL157938.4	lncRNA	chr9	131283421	131288278	+	1	1
ENSG00000286556.1	AC091838.1	lncRNA	chr5	9789295	9812664	-	2	0
ENSG00000286567.1	AC092825.1	lncRNA	chr3	83924157	83937031	-	1	1
ENSG00000286570.1	AC104304.3	lncRNA	chr3	46647171	46661507	-	1	1
ENSG00000286577.1	AC117528.1	lncRNA	chr5	94111720	94176029	+	4	3
ENSG00000286579.1	AC023483.1	lncRNA	chr3	4269153	4311495	-	8	0
ENSG00000286584.2	AC023494.1	lncRNA	chr3	119666236	119670688	+	1	0
ENSG00000286601.1	AC007563.3	lncRNA	chr2	216821077	216831910	+	1	0
ENSG00000286604.1	AC007100.2	lncRNA	chr2	59778685	59791656	+	1	0
ENSG00000286606.1	AC097468.3	lncRNA	chr2	219065308	219070022	+	2	1
ENSG00000286612.1	AL353774.1	lncRNA	chr9	82612552	82646584	-	3	0
ENSG00000286615.1	AC011416.4	lncRNA	chr5	127231977	127290731	-	5	5
ENSG00000286621.1	AC064843.1	lncRNA	chr2	158847619	158870393	-	6	1
ENSG00000286622.1	AC034111.2	lncRNA	chr8	9984004	10055041	-	7	6
ENSG00000286623.1	AC005041.4	lncRNA	chr2	74415422	74416781	+	1	0
ENSG00000286624.1	AC069421.2	lncRNA	chr3	193770543	193772424	-	1	1
ENSG00000286625.1	AC113370.1	lncRNA	chr5	25963839	25990687	+	2	2
ENSG00000286629.1	AC005803.1	lncRNA	chr17	64067619	64070270	+	3	0
ENSG00000286638.1	AC123595.2	lncRNA	chr5	91280272	91281643	+	1	0
ENSG00000286644.1	AC008443.7	lncRNA	chr5	181207480	181217864	-	1	1
ENSG00000286647.1	AC008459.1	lncRNA	chr5	67356663	67366303	-	1	1
ENSG00000286648.1	AC068931.1	lncRNA	chr8	31827238	31840709	-	1	0
ENSG00000286651.2	PRSS43P	transcribed_unitary_pseudogene	chr3	46753045	46756857	-	3	0
ENSG00000286656.1	AC008875.2	lncRNA	chr5	42995134	42997480	+	1	1
ENSG00000286660.1	AC068633.2	lncRNA	chr3	118488876	118491760	+	1	0
ENSG00000286661.1	AC092933.2	lncRNA	chr3	196598549	196609410	-	1	1
ENSG00000286670.1	AL450467.1	lncRNA	chr9	2652856	2654371	-	2	0
ENSG00000286675.1	AC068700.2	lncRNA	chr8	78626775	78665982	-	3	3
ENSG00000286679.1	AC073225.1	lncRNA	chr2	155525424	155664668	+	13	13
ENSG00000286681.1	AF235103.3	lncRNA	chr8	144854875	144869489	-	1	1
ENSG00000286685.1	AL158077.2	lncRNA	chr9	19789179	19894856	+	10	10
ENSG00000286690.1	AC011351.1	lncRNA	chr5	156019228	156039977	-	2	0
ENSG00000286693.1	AC105230.1	lncRNA	chr8	35672195	35707734	-	2	0
ENSG00000286695.1	AC026316.5	lncRNA	chr3	170691997	170736061	-	6	0
ENSG00000286699.1	AC084198.1	lncRNA	chr3	101686827	101700926	+	1	1
ENSG00000286701.1	AC044893.2	lncRNA	chr8	49046652	49058536	+	1	1
ENSG00000286707.1	AC010896.1	lncRNA	chr2	26298570	26306340	+	1	1
ENSG00000286713.1	AC113348.2	lncRNA	chr5	178690804	178693681	-	1	1
ENSG00000286714.1	AC093001.2	lncRNA	chr3	149224138	149226334	+	1	1
ENSG00000286718.1	AC007066.3	lncRNA	chr9	122940733	122941260	-	1	0
ENSG00000286728.1	AC009236.2	lncRNA	chr2	45169616	45211673	+	3	0
ENSG00000286729.1	AC137695.3	lncRNA	chr3	129277753	129278782	-	2	2
ENSG00000286732.1	AC091181.2	lncRNA	chr17	57253236	57255855	-	1	1
ENSG00000286735.1	AC126182.3	lncRNA	chr3	120448974	120509675	+	6	5
ENSG00000286736.1	AC005753.2	lncRNA	chr5	141718711	141775187	-	6	6
ENSG00000286737.1	AC092168.3	lncRNA	chr2	100739958	100747391	+	1	1
ENSG00000286745.1	AC114311.1	lncRNA	chr5	118581242	118628178	-	4	1
ENSG00000286748.1	AC145625.2	lncRNA	chr2	238771768	238784764	+	1	1
ENSG00000286749.1	AC008571.2	lncRNA	chr5	152374998	152726160	+	43	19
ENSG00000286751.1	AC140168.1	lncRNA	chr5	20967211	21032845	-	6	6
ENSG00000286753.1	AC091978.1	lncRNA	chr5	5390096	5422116	-	3	3
ENSG00000286755.1	AC135893.1	lncRNA	chr3	198027956	198035970	-	2	0
ENSG00000286763.1	AC012533.1	lncRNA	chr8	80894016	80930081	+	3	3
ENSG00000286766.1	AC091010.1	lncRNA	chr8	107499773	107506416	+	1	1
ENSG00000286769.1	AC064869.1	lncRNA	chr2	107698737	107746941	-	4	0
ENSG00000286776.1	AC093610.1	lncRNA	chr2	115079354	115099092	-	2	0
ENSG00000286778.1	AC013265.1	lncRNA	chr2	139323921	139364583	+	3	3
ENSG00000286781.1	AC099332.1	lncRNA	chr3	39425342	39448037	-	2	2
ENSG00000286788.1	AC004687.3	lncRNA	chr17	58241164	58247385	-	3	0
ENSG00000286792.1	AC005703.6	lncRNA	chr17	15266848	15311760	+	11	2
ENSG00000286797.1	AC009315.1	lncRNA	chr2	185425063	185505608	+	7	7
ENSG00000286804.1	AC025871.3	lncRNA	chr8	28414499	28416593	-	1	0
ENSG00000286806.1	AC080005.1	lncRNA	chr3	128563316	128564431	+	1	1
ENSG00000286809.1	AC008964.1	lncRNA	chr5	39092658	39103677	-	1	1
ENSG00000286822.1	AC112504.3	lncRNA	chr3	141851549	141861168	+	1	1
ENSG00000286823.1	AL583829.1	lncRNA	chr9	72060576	72081448	+	4	1
ENSG00000286827.1	AC072026.2	lncRNA	chr3	120811530	120908093	-	9	6
ENSG00000286828.1	AC008883.3	lncRNA	chr5	97183827	97216074	+	3	0
ENSG00000286829.1	AC093798.1	lncRNA	chr2	24402995	24413292	+	1	1
ENSG00000286833.1	AC097532.3	lncRNA	chr2	132347473	132365130	+	1	1
ENSG00000286834.1	AL360020.1	lncRNA	chr9	94116023	94145693	-	3	3
ENSG00000286836.1	AC092844.1	lncRNA	chr2	215178791	215310947	-	10	10
ENSG00000286839.1	AC093240.1	lncRNA	chr5	113738106	113776837	-	4	4
ENSG00000286840.1	AL451127.2	lncRNA	chr9	73509664	73548331	-	3	3
ENSG00000286842.1	AL353752.2	lncRNA	chr9	87436215	87445795	-	1	1
ENSG00000286850.1	AL358232.2	lncRNA	chr9	94485445	94511614	-	2	1
ENSG00000286853.1	AC008786.1	lncRNA	chr5	58114598	58145996	+	3	2
ENSG00000286854.1	AC079382.2	lncRNA	chr3	106367979	106427977	-	6	6
ENSG00000286856.1	AC061708.1	lncRNA	chr3	170908857	171054973	+	24	11
ENSG00000286857.1	AC007463.2	lncRNA	chr2	7937282	7953402	+	1	0
ENSG00000286864.1	AC012076.1	lncRNA	chr2	237728569	237731131	-	1	0
ENSG00000286882.1	AC116428.1	lncRNA	chr5	109165289	109187152	-	3	0
ENSG00000286883.1	AC005041.5	lncRNA	chr2	74465339	74472961	+	2	0
ENSG00000286889.1	AC096589.1	lncRNA	chr2	156803339	156891160	+	8	3
ENSG00000286892.1	AC084212.1	lncRNA	chr3	157579694	157587495	-	1	0
ENSG00000286904.1	AC093675.1	lncRNA	chr2	112039378	112055337	-	3	2
ENSG00000286905.1	AC108488.2	protein_coding	chr2	3532008	3558333	-	18	0
ENSG00000286910.1	AC087269.3	lncRNA	chr8	8665497	8669404	+	1	1
ENSG00000286913.1	AC092943.2	lncRNA	chr3	159711852	159731646	-	2	0
ENSG00000286915.1	AC096992.3	lncRNA	chr3	136778181	136806308	+	2	2
ENSG00000286927.1	AC103955.1	lncRNA	chr8	135977329	135980588	-	1	0
ENSG00000286932.1	AC013716.1	lncRNA	chr2	77210587	77327103	-	10	0
ENSG00000286934.1	AC027251.1	lncRNA	chr8	4317388	4329027	+	1	0
ENSG00000286937.1	AC055788.1	lncRNA	chr8	113438334	113493281	+	5	5
ENSG00000286942.1	AC017104.5	lncRNA	chr2	231518582	231521067	-	1	1
ENSG00000286944.1	AL137018.1	lncRNA	chr9	74630794	74641758	-	1	0
ENSG00000286946.1	AC024996.1	lncRNA	chr8	112446575	112457993	+	1	0
ENSG00000286952.1	AC093928.1	lncRNA	chr3	57293083	57300187	+	1	0
ENSG00000286953.1	AC122697.1	lncRNA	chr5	97799404	97882687	-	7	4
ENSG00000286956.1	AC117435.1	lncRNA	chr3	107046026	107053166	+	1	0
ENSG00000286957.1	AC079776.5	lncRNA	chr2	129877896	129884441	+	1	1
ENSG00000286961.1	AC091938.1	lncRNA	chr5	22754227	22766824	+	1	0
ENSG00000286962.1	AC027128.1	lncRNA	chr3	10914196	10977981	-	19	5
ENSG00000286963.1	AC074096.1	lncRNA	chr2	29319554	29352214	+	4	0
ENSG00000286970.1	AC010491.2	lncRNA	chr5	14728587	14734258	+	1	0
ENSG00000286971.1	AC012508.3	lncRNA	chr2	127024866	127033948	+	1	1
ENSG00000286979.1	AC005234.2	lncRNA	chr2	70629657	70648761	+	8	0
ENSG00000286980.1	AC020584.1	lncRNA	chr2	184204372	184382869	+	16	16
ENSG00000286982.1	AC016931.1	lncRNA	chr3	134774543	134796493	-	10	0
ENSG00000286984.1	AC090578.3	lncRNA	chr8	88809949	88813144	-	1	0
ENSG00000286988.1	AC024933.2	lncRNA	chr3	139316157	139340870	-	1	0
ENSG00000286996.1	AC099332.2	lncRNA	chr3	39420644	39424870	+	1	1
ENSG00000287003.1	AC008674.1	lncRNA	chr5	173757562	173773164	+	1	1
ENSG00000287012.1	AC108667.2	lncRNA	chr3	172711151	172725038	+	1	1
ENSG00000287022.1	AC079841.2	lncRNA	chr3	121394772	121431198	-	10	0
ENSG00000287025.1	AC079117.1	lncRNA	chr2	76893894	76897247	-	1	0
ENSG00000287026.1	AC068616.2	lncRNA	chr2	76633365	76673346	-	4	4
ENSG00000287027.1	AC004464.1	lncRNA	chr2	200086870	200100025	+	1	1
ENSG00000287031.1	AC093307.1	lncRNA	chr5	6378674	6411690	+	3	3
ENSG00000287036.1	AC018802.1	lncRNA	chr2	105600703	105610487	-	1	0
ENSG00000287038.1	AL162388.2	lncRNA	chr9	29214322	29229229	+	1	1
ENSG00000287041.1	AC079354.2	lncRNA	chr2	202137570	202149627	-	4	0
ENSG00000287042.1	AC090945.1	lncRNA	chr3	15860158	15875979	+	1	1
ENSG00000287045.1	AC072028.1	lncRNA	chr3	142687982	142723881	-	12	1
ENSG00000287048.1	AC096589.2	lncRNA	chr2	156788731	156865701	+	6	1
ENSG00000287053.1	AC107302.2	lncRNA	chr3	81359739	81368191	+	1	0
ENSG00000287054.1	AC113410.5	lncRNA	chr5	133025847	133050178	+	3	3
ENSG00000287058.1	AC026271.4	lncRNA	chr17	18638861	18661950	-	8	2
ENSG00000287067.1	AC106791.3	transcribed_processed_pseudogene	chr5	137755740	137760740	-	1	1
ENSG00000287069.1	AC061958.1	lncRNA	chr3	19389185	19702795	-	32	13
ENSG00000287071.1	CDRT15P4	transcribed_unprocessed_pseudogene	chr2	131758031	131767221	+	1	0
ENSG00000287086.1	AC034193.1	lncRNA	chr3	10149986	10153326	-	8	0
ENSG00000287090.1	AC116345.4	lncRNA	chr5	73195314	73201973	-	1	1
ENSG00000287095.1	AF228727.1	lncRNA	chr8	132702812	132722283	+	9	0
ENSG00000287105.1	AC090577.1	lncRNA	chr8	62658343	62690133	-	3	0
ENSG00000287114.1	AC104024.3	lncRNA	chr17	17028360	17035057	+	1	1
ENSG00000287123.1	AC007880.1	lncRNA	chr2	64836985	64848264	+	1	1
ENSG00000287127.1	AC009879.4	lncRNA	chr8	66363774	66432370	-	10	5
ENSG00000287130.1	AC068616.3	lncRNA	chr2	76684975	76698996	+	1	1
ENSG00000287131.1	AC096970.1	lncRNA	chr3	71785428	71786425	+	1	1
ENSG00000287133.1	AC007279.1	lncRNA	chr2	201643398	201645990	+	3	1
ENSG00000287134.1	AC106845.1	lncRNA	chr8	13147389	13207125	+	5	0
ENSG00000287135.1	AC010884.1	lncRNA	chr2	104928803	104936467	+	1	1
ENSG00000287139.1	AL513317.1	lncRNA	chr9	24069731	24088051	+	2	2
ENSG00000287140.1	AC066595.2	lncRNA	chr3	123563	133500	+	1	0
ENSG00000287143.1	AC117480.1	lncRNA	chr3	127837436	127845499	+	1	0
ENSG00000287145.1	AC009413.1	lncRNA	chr2	41716133	41731611	+	2	2
ENSG00000287147.1	AC023468.1	lncRNA	chr2	138917204	138975006	+	5	5
ENSG00000287149.1	AC092640.1	lncRNA	chr2	178828349	179007807	+	55	0
ENSG00000287151.1	C2orf27A	lncRNA	chr2	131647990	131767404	+	11	6
ENSG00000287152.1	AC099685.1	lncRNA	chr8	35080592	35093509	+	1	1
ENSG00000287155.1	AC022215.2	lncRNA	chr3	141251004	141284306	-	17	0
ENSG00000287158.1	AC117464.1	lncRNA	chr3	83953639	84051419	+	8	8
ENSG00000287165.1	AL078621.2	lncRNA	chr2	113582354	113583152	-	1	0
ENSG00000287172.1	AC073091.1	lncRNA	chr2	76185020	76399490	+	19	14
ENSG00000287176.1	AC099517.1	lncRNA	chr5	30545177	30693984	-	13	13
ENSG00000287178.1	AC026320.3	lncRNA	chr3	192078950	192119864	-	4	4
ENSG00000287179.1	AC008558.1	lncRNA	chr5	63569419	63571617	+	1	1
ENSG00000287180.1	AC106818.2	lncRNA	chr5	93621683	93675081	+	4	0
ENSG00000287185.1	AC041005.1	lncRNA	chr8	25179113	25184234	-	1	1
ENSG00000287195.1	AC131568.1	lncRNA	chr8	129953729	129964634	+	1	0
ENSG00000287198.1	AC092979.2	lncRNA	chr3	148922703	148956088	+	3	0
ENSG00000287203.1	AC005592.2	lncRNA	chr5	142732704	142737461	-	1	0
ENSG00000287204.1	AC090816.1	lncRNA	chr8	31536630	31546735	+	1	1
ENSG00000287208.1	AP000428.1	lncRNA	chr8	107186997	107195938	-	1	1
ENSG00000287230.1	AC120194.1	lncRNA	chr8	70525053	70535646	-	1	1
ENSG00000287232.1	AC079848.2	lncRNA	chr3	126213204	126247714	+	3	3
ENSG00000287255.1	AC007877.1	lncRNA	chr2	40534806	40545781	+	1	0
ENSG00000287263.1	AC008875.3	lncRNA	chr5	42983636	42993276	-	1	1
ENSG00000287273.1	AC132660.2	lncRNA	chr3	84940619	84947061	+	1	1
ENSG00000287276.1	BX664718.2	transcribed_unprocessed_pseudogene	chr9	42725013	42802065	+	7	7
ENSG00000287286.1	AC024560.5	lncRNA	chr3	197665316	197674863	+	8	0
ENSG00000287291.1	AC068286.2	lncRNA	chr2	14705668	14992066	-	26	24
ENSG00000287299.1	AC012459.1	lncRNA	chr2	200390666	200478018	-	10	0
ENSG00000287303.1	AP006248.5	lncRNA	chr8	17604667	17610269	-	1	0
ENSG00000287305.1	AC010969.3	lncRNA	chr2	9939088	9950817	-	1	1
ENSG00000287307.1	AC005772.2	lncRNA	chr17	15062087	15104517	-	4	4
ENSG00000287308.1	AC018802.2	lncRNA	chr2	105601146	105636637	+	3	2
ENSG00000287316.1	AC007391.3	lncRNA	chr2	37466781	37524807	+	5	5
ENSG00000287318.1	AL353730.1	lncRNA	chr9	25579657	25584272	-	1	1
ENSG00000287319.1	AC079822.1	lncRNA	chr3	167794947	167811081	-	5	0
ENSG00000287329.1	FP326651.1	lncRNA	chr9	65385649	65396372	+	1	1
ENSG00000287332.1	AC103758.1	lncRNA	chr8	142111414	142185527	-	7	7
ENSG00000287337.1	AC005962.2	lncRNA	chr17	58219375	58233479	+	1	0
ENSG00000287344.1	AC079304.1	lncRNA	chr2	51977787	52022435	-	5	0
ENSG00000287348.1	AC099535.2	lncRNA	chr3	27369568	27387960	+	10	1
ENSG00000287352.1	AC011029.1	lncRNA	chr8	76162119	76308315	-	13	13
ENSG00000287362.1	AC103563.9	lncRNA	chr2	95067074	95076900	-	1	1
ENSG00000287366.1	AC072026.3	lncRNA	chr3	120833936	120871794	+	3	0
ENSG00000287367.1	AC016583.2	lncRNA	chr5	54663327	54737057	+	7	7
ENSG00000287368.1	AL589645.1	lncRNA	chr9	34810020	34895175	+	15	7
ENSG00000287377.1	AC090948.4	lncRNA	chr3	16361348	16370398	+	1	0
ENSG00000287378.1	AC129803.1	lncRNA	chr3	100132903	100260264	-	16	4
ENSG00000287387.1	AC010883.3	lncRNA	chr2	43219849	43223227	+	2	1
ENSG00000287390.1	AC006525.1	lncRNA	chr5	130655383	130944178	-	25	25
ENSG00000287398.1	AC117481.1	lncRNA	chr3	75214510	75240770	+	2	2
ENSG00000287403.1	AC016245.2	lncRNA	chr17	80824170	80826900	-	1	0
ENSG00000287414.1	AC093787.2	lncRNA	chr2	132010195	132017000	+	1	1
ENSG00000287415.1	AC099541.2	lncRNA	chr3	40869548	40875980	+	1	1
ENSG00000287417.1	AC006059.4	lncRNA	chr3	42719401	42723136	+	1	0
ENSG00000287421.1	AC131237.1	lncRNA	chr3	106160417	106224375	+	6	6
ENSG00000287434.1	AC109133.1	lncRNA	chr5	60699729	60702010	+	3	2
ENSG00000287435.1	AC069404.1	lncRNA	chr2	73305941	73307890	-	1	1
ENSG00000287440.1	AC063919.2	lncRNA	chr3	126312385	126323406	+	1	1
ENSG00000287447.1	AC099501.1	lncRNA	chr5	93790505	93801320	+	1	0
ENSG00000287451.1	AC016721.1	lncRNA	chr2	115835129	115940291	-	17	9
ENSG00000287457.1	AC005821.2	lncRNA	chr17	62789109	62791765	+	1	0
ENSG00000287462.1	AC068442.1	lncRNA	chr17	12596743	12632959	-	4	0
ENSG00000287463.1	AC110620.2	lncRNA	chr2	134718188	134725474	+	2	1
ENSG00000287464.1	AC100810.7	lncRNA	chr8	1810823	1817113	-	1	0
ENSG00000287465.1	AL358053.1	lncRNA	chr9	1540321	1550103	-	1	1
ENSG00000287468.1	AC007317.2	lncRNA	chr2	40620667	40639632	-	1	0
ENSG00000287471.1	AC138854.1	lncRNA	chr5	22212476	22213761	+	1	0
ENSG00000287474.1	AC110614.1	lncRNA	chr2	75799974	76208703	+	39	37
ENSG00000287476.1	AC018437.2	lncRNA	chr8	15896267	15967950	-	6	6
ENSG00000287480.1	AL158832.2	lncRNA	chr9	197065	209554	-	1	1
ENSG00000287486.1	AC114291.1	lncRNA	chr5	1252006	1255976	+	4	0
ENSG00000287490.1	AC015818.9	lncRNA	chr17	20416610	20447224	+	2	0
ENSG00000287505.1	AC087428.1	lncRNA	chr3	524012	551657	-	2	1
ENSG00000287506.1	AC026620.2	lncRNA	chr17	32258615	32265404	-	1	1
ENSG00000287514.2	AL450267.2	lncRNA	chr9	36779475	36830456	+	4	4
ENSG00000287524.1	AC007736.1	lncRNA	chr2	204668863	204678698	-	1	0
ENSG00000287540.1	AC116350.1	lncRNA	chr5	45226286	45228428	+	1	1
ENSG00000287551.1	AL445526.1	lncRNA	chr9	28539735	28566733	+	2	0
ENSG00000287553.1	AC090617.10	lncRNA	chr17	2040953	2041932	-	3	0
ENSG00000287567.1	AC133040.1	lncRNA	chr3	77567508	77571881	-	1	0
ENSG00000287579.1	AC139491.8	lncRNA	chr5	176158610	176168367	-	1	0
ENSG00000287600.1	AC122719.3	lncRNA	chr5	904319	912587	-	6	0
ENSG00000287621.1	AC021851.2	lncRNA	chr2	183253652	183495501	+	21	21
ENSG00000287623.1	AC037193.1	lncRNA	chr3	9100803	9104078	+	1	0
ENSG00000287625.1	AC022210.1	lncRNA	chr2	84926019	84966685	+	3	3
ENSG00000287629.1	AC006059.5	lncRNA	chr3	42665873	42683793	-	6	2
ENSG00000287645.1	AC092939.1	lncRNA	chr3	179971494	180017083	+	7	0
ENSG00000287657.1	AC068228.3	lncRNA	chr8	123157729	123165173	+	1	1
ENSG00000287677.2	AC025839.1	lncRNA	chr8	141581658	141662209	+	7	7
ENSG00000287682.1	AC020651.2	lncRNA	chr3	101878333	101925726	+	4	4
ENSG00000287687.2	AC007387.2	lncRNA	chr2	74723873	74778780	-	5	5
ENSG00000287706.1	AC092924.2	lncRNA	chr3	152650519	152679450	+	3	3
ENSG00000287708.1	AL137017.1	lncRNA	chr9	14395791	14472407	+	9	7
ENSG00000287709.1	AC008780.1	lncRNA	chr5	57650678	57679842	+	3	3
ENSG00000287720.1	AC023480.1	lncRNA	chr3	3918709	4046722	+	12	0
ENSG00000287721.1	AC061975.8	lncRNA	chr17	28204616	28223735	+	2	2
ENSG00000287726.1	AC005740.5	lncRNA	chr5	141882815	141907939	+	3	3
ENSG00000287747.1	AF233439.2	lncRNA	chr8	6780874	6789021	+	1	1
ENSG00000287749.1	AC073091.2	lncRNA	chr2	76197855	76252927	-	4	0
ENSG00000287750.1	AL353572.4	lncRNA	chr9	88066445	88076975	-	1	1
ENSG00000287755.1	AC107918.5	lncRNA	chr8	11936033	11941273	-	1	1
ENSG00000287759.1	AL353151.2	lncRNA	chr9	4741741	4759639	+	4	1
ENSG00000287763.1	AC068279.2	lncRNA	chr2	87311460	87348728	-	3	3
ENSG00000287771.1	AC007271.1	lncRNA	chr2	102037963	102058190	+	2	2
ENSG00000287774.1	AC025614.2	lncRNA	chr3	30292548	30305037	+	1	1
ENSG00000287780.1	AC104850.2	lncRNA	chr3	39292556	39384300	-	10	9
ENSG00000287781.1	AC018714.2	lncRNA	chr8	127253213	127257630	-	1	0
ENSG00000287782.1	AL359632.1	lncRNA	chr9	125426169	125438509	+	3	1
ENSG00000287783.1	AC020930.1	lncRNA	chr5	87767608	87774070	-	1	1
ENSG00000287784.1	AC112482.2	lncRNA	chr3	127165506	127218473	-	7	7
ENSG00000287793.1	AC068535.2	lncRNA	chr2	104423039	104429454	+	1	1
ENSG00000287795.1	AC026341.2	lncRNA	chr3	115413476	115486449	-	7	0
ENSG00000287798.1	AC107918.6	lncRNA	chr8	11946461	11950753	-	1	1
ENSG00000287814.1	AC011407.1	lncRNA	chr5	172479274	172536444	+	5	5
ENSG00000287826.1	AC090994.1	lncRNA	chr8	116289622	116298954	+	1	0
ENSG00000287832.1	AC092845.1	lncRNA	chr2	100642444	100652567	-	1	1
ENSG00000287836.1	AC016168.4	lncRNA	chr17	76831684	76841099	-	1	1
ENSG00000287838.1	AL953883.1	lncRNA	chr9	38949734	38998503	+	3	3
ENSG00000287844.1	AC018953.2	lncRNA	chr8	63651457	63693249	+	4	3
ENSG00000287849.1	AC079148.2	lncRNA	chr2	18505729	18514332	-	1	1
ENSG00000287854.1	AC073409.2	lncRNA	chr2	123421486	123438693	+	2	2
ENSG00000287862.1	AC114971.1	lncRNA	chr5	87863703	88144455	-	24	24
ENSG00000287867.1	AC007402.2	lncRNA	chr2	51441959	51455913	+	2	0
ENSG00000287871.1	AC073632.1	lncRNA	chr2	122503366	122505118	-	1	0
ENSG00000287875.1	AC068193.1	lncRNA	chr2	58040211	58046700	-	1	0
ENSG00000287878.1	AC022382.2	lncRNA	chr3	9693182	9721399	-	13	1
ENSG00000287881.1	AC079148.3	lncRNA	chr2	18403967	18504484	+	9	9
ENSG00000287882.1	AC134508.2	lncRNA	chr3	72301616	72319429	-	1	1
ENSG00000287899.1	AC055714.1	lncRNA	chr3	171941607	171996871	+	5	5
ENSG00000287900.1	AC061961.1	lncRNA	chr2	154688296	154697817	-	1	1
ENSG00000287910.1	AC104024.4	lncRNA	chr17	17033531	17042305	-	1	1
ENSG00000287916.1	AC091607.2	lncRNA	chr3	156143570	156540627	+	63	0
ENSG00000287931.1	AC092651.2	lncRNA	chr2	87075653	87118267	+	3	3
ENSG00000287937.1	AC079753.2	lncRNA	chr2	112817076	112824457	-	1	1
ENSG00000287938.1	AC026726.2	lncRNA	chr5	81817531	81842360	+	2	2
ENSG00000287940.1	AC026433.1	lncRNA	chr5	30733557	30743704	-	1	1
ENSG00000287941.1	AC021055.1	lncRNA	chr3	182588093	182617810	-	3	3
ENSG00000287949.1	AC025508.1	lncRNA	chr8	107857589	107963516	+	11	4
ENSG00000287955.1	AL137067.3	lncRNA	chr9	99359336	99371887	+	1	0
ENSG00000287963.1	AC010476.2	lncRNA	chr5	155087430	155199252	+	10	10
ENSG00000287964.1	AC066580.1	lncRNA	chr3	11060973	11091548	+	3	3
ENSG00000287970.1	AC245164.2	lncRNA	chr8	2130550	2134880	-	1	0
ENSG00000287971.1	AC093642.5	lncRNA	chr2	242037716	242041501	-	1	0
ENSG00000287975.1	AC113143.2	lncRNA	chr8	60876969	60904644	+	2	2
ENSG00000287981.1	AC123023.2	lncRNA	chr3	34152979	34157297	+	1	0
ENSG00000287998.1	AC104232.3	lncRNA	chr8	64798804	64862370	+	5	4
ENSG00000288002.1	AC091912.3	lncRNA	chr5	8207019	8366437	-	15	12
ENSG00000288004.1	AC023503.1	lncRNA	chr3	83384445	83437728	+	5	5
ENSG00000288006.1	AC137735.3	lncRNA	chr17	73912190	73931436	+	2	2
ENSG00000288029.1	AC115282.2	lncRNA	chr3	54033988	54058864	+	2	2
ENSG00000288030.1	AC066585.1	lncRNA	chr3	7241916	7250209	+	1	0
ENSG00000288031.1	AC093838.2	transcribed_unprocessed_pseudogene	chr2	131692392	131697954	+	1	0
ENSG00000288035.1	AC022433.1	lncRNA	chr5	51438792	51665048	-	20	19
ENSG00000288036.1	AC015943.1	lncRNA	chr17	54609249	54670420	-	6	6
ENSG00000288039.1	AC098969.2	lncRNA	chr3	66780076	66824439	-	5	5
ENSG00000288040.1	AC097713.2	lncRNA	chr2	234351247	234356038	-	1	1
ENSG00000288041.1	AC092819.3	lncRNA	chr8	58227578	58243984	-	2	2
ENSG00000288042.1	AL157703.1	lncRNA	chr9	7304551	7343556	+	4	4
ENSG00000288048.1	AC104088.3	lncRNA	chr2	172234230	172237223	+	1	0
ENSG00000288055.1	AC107373.3	lncRNA	chr8	25000436	25003439	+	1	0
ENSG00000288063.1	AC099050.1	lncRNA	chr3	51668592	51671176	-	1	0
ENSG00000288064.1	AC067945.3	lncRNA	chr2	191045458	191065345	+	6	0
ENSG00000288067.1	AC105180.2	lncRNA	chr8	134190383	134390487	-	19	9
ENSG00000288074.1	AC026341.3	lncRNA	chr3	115418862	115438550	+	2	0
ENSG00000288076.1	AC018398.1	lncRNA	chr8	6572571	6576219	-	1	0
ENSG00000288079.1	AC026329.1	lncRNA	chr3	113259786	113266824	-	3	0
ENSG00000288080.1	AC005104.2	lncRNA	chr2	241360891	241372749	-	2	0
ENSG00000288081.1	AC011374.3	lncRNA	chr5	151595264	151602709	+	1	1
ENSG00000288087.1	AC112770.1	lncRNA	chr3	161600438	161735399	+	12	12
ENSG00000288089.1	AC011303.1	lncRNA	chr2	165433438	165436614	-	1	1
ENSG00000288091.1	AC062022.2	lncRNA	chr2	161577192	161625752	-	4	0
ENSG00000288095.1	AC005618.4	lncRNA	chr5	141320980	141325985	+	1	1
ENSG00000288096.1	AC109322.2	lncRNA	chr8	143888500	143901588	+	2	2
ENSG00000288105.1	AC117461.1	lncRNA	chr3	79411714	79470827	+	6	0
ENSG00000288110.1	AC010941.1	lncRNA	chr8	4496392	4503392	+	1	0
ENSG00000288111.1	AC130888.1	lncRNA	chr3	130181346	130188814	+	1	0
ENSG00000288234.1	BX255925.4	lncRNA	chr9	137294935	137300189	+	1	1
ENSG00000288271.1	AL136981.4	lncRNA	chr9	92809388	92888693	+	12	2
ENSG00000288524.1	AC013474.2	lncRNA	chr2	126640708	126646233	-	1	1
ENSG00000288535.1	AC013442.1	lncRNA	chr2	35263711	35284997	+	2	2
ENSG00000288539.1	AC022133.2	lncRNA	chr5	52853183	52872925	-	6	0
ENSG00000288541.1	AL353732.2	lncRNA	chr9	21410969	21422960	-	1	1
ENSG00000288550.1	AC018809.3	protein_coding	chr3	9929852	9945358	+	10	1
ENSG00000288553.1	AC106870.3	lncRNA	chr2	29841187	29955405	-	11	3
ENSG00000288556.1	AL158157.1	transcribed_processed_pseudogene	chr9	13738537	13744191	-	1	0
ENSG00000288565.1	AC068057.3	lncRNA	chr2	104656135	104722966	-	6	5
ENSG00000288569.1	LINC01949	lncRNA	chr5	87205408	87240145	-	27	27
ENSG00000288571.1	AL442063.1	lncRNA	chr9	36764896	36777347	+	2	2
ENSG00000288575.1	AL159996.1	lncRNA	chr9	86751297	86758347	+	1	1
ENSG00000288576.1	AC107294.4	lncRNA	chr3	184778723	184780720	+	1	1
ENSG00000288582.2	NABP1-OT1	lncRNA	chr2	191733428	191741097	+	7	0
ENSG00000288583.1	AL162231.5	lncRNA	chr9	34702953	34774466	+	21	7
ENSG00000288585.1	AC010184.1	lncRNA	chr3	141449745	141456434	-	1	1
ENSG00000288596.2	C8orf44	lncRNA	chr8	66667615	66685564	+	3	0
ENSG00000288602.1	C8orf44-SGK3	protein_coding	chr8	66667596	66860472	+	16	2
ENSG00000288605.1	AC007461.1	lncRNA	chr17	72033772	72220948	-	23	1
ENSG00000288611.1	NPBWR1	protein_coding	chr8	52939182	52943734	+	12	12
ENSG00000288622.1	PDCD6-AHRR	protein_coding	chr5	271670	438291	+	93	1
ENSG00000288639.1	AC093246.1	protein_coding	chr5	171420016	171436172	+	1	0
ENSG00000288643.1	AC114982.2	protein_coding	chr5	62306206	62537249	+	90	0
ENSG00000288658.1	AC010980.1	protein_coding	chr2	222317242	222320208	-	4	0
ENSG00000288662.1	AC092910.4	lncRNA	chr3	119969044	120068204	-	18	0
ENSG00000288667.1	AC078856.1	lncRNA	chr3	119978153	119990147	-	1	0
ENSG00000288684.1	AL353671.1	protein_coding	chr9	32455323	32552603	-	46	2
ENSG00000288690.1	FLJ43315	transcribed_unprocessed_pseudogene	chr9	64016950	64061612	+	4	4
ENSG00000288694.1	AL163540.2	unprocessed_pseudogene	chr9	64071909	64118145	+	4	4
ENSG00000288698.1	AC007687.1	protein_coding	chr3	179604807	179784179	+	61	2
ENSG00000288699.1	AL353795.4	protein_coding	chr9	35065339	35074175	-	5	0
