gene	stratum	chrom	gene_start0	gene_end0	transcript	MANE_Select	CDS_intervals	CDS_bases	GC	repeat_fraction	mean_read_depth	median_read_depth	bases_ge20	CND_call	CND_CNA_value
ABCB11	additional	chr2	168915497	169031324	ENST00000650372.1	1	27	3963	0.4544536966944234	0.0	483.0148877113298	464.0	3963	not_tested	
ABHD14A	not_in_small_variant_workbook	chr3	51971425	51981199	ENST00000273596.8	1	5	813	0.6236162361623616	0.0	274.06150061500614	244.0	813	not_tested	
ABHD14A-ACY1	not_in_small_variant_workbook	chr3	51974705	51989183	ENST00000463937.1	0	16	1527	0.6024885396201702	0.024230517354289455	285.297969875573	280.0	1527	not_tested	
ABHD14B	not_in_small_variant_workbook	chr3	51968509	51983409	ENST00000361143.10	1	3	630	0.6301587301587301	0.09682539682539683	290.93650793650795	310.0	630	not_tested	
ABL1	additional	chr9	130713015	130887675	ENST00000318560.6	1	11	3390	0.5905604719764012	0.0	4216.08820058997	4285.0	3390	not_tested	
ABL2	additional	chr1	179099329	179229684	ENST00000502732.6	1	12	3546	0.5211505922165821	0.06260575296108291	922.3505358150028	847.0	3546	not_tested	
ABRAXAS1	additional	chr4	83459516	83523348	ENST00000321945.12	1	9	1227	0.38875305623471884	0.0	331.19315403422985	306.0	1227	not_tested	
AC006254.1	not_in_small_variant_workbook	chr3	52813281	52835729	ENST00000468472.1	0	4	288	0.625	0.0	197.25347222222223	234.0	237	not_tested	
AC096887.1	not_in_small_variant_workbook	chr3	52969118	53099453	ENST00000607283.5	0	3	368	0.5543478260869565	0.0	219.4836956521739	233.0	323	not_tested	
AC097636.1	not_in_small_variant_workbook	chr3	51798802	51833389	ENST00000456080.5	0	3	462	0.5584415584415584	0.0	264.11471861471864	278.0	462	not_tested	
AC097637.1	not_in_small_variant_workbook	chr3	52221080	52231190	ENST00000494383.1	0	5	3556	0.6195163104611924	0.010404949381327334	219.77530933633295	221.0	3556	not_tested	
ACD	additional	chr16	67657511	67660815	ENST00000620761.6	1	12	1374	0.62882096069869	0.0	1089.0116448326055	1111.0	1374	not_tested	
ACKR3	additional	chr2	236567786	236582354	ENST00000272928.4	1	1	1086	0.5616942909760589	0.0	1517.1362799263352	1514.5	1086	not_tested	
ACSL3	additional	chr2	222860941	222944639	ENST00000357430.8	1	14	2160	0.40555555555555556	0.0	431.6430555555556	464.0	2160	not_tested	
ACSL6	additional	chr5	131949972	132012243	ENST00000651883.2	1	21	2166	0.5189289012003694	0.004155124653739612	662.9275161588181	609.0	2166	not_tested	
ACTR8	not_in_small_variant_workbook	chr3	53867065	53882152	ENST00000335754.8	1	13	1872	0.4722222222222222	0.0641025641025641	147.4957264957265	138.0	1872	not_tested	
ACVR1	additional	chr2	157736443	157876330	ENST00000434821.7	1	9	1527	0.4793713163064833	0.0	2428.4047151277014	2310.0	1527	not_tested	
ACVR1B	additional	chr12	51951698	51997078	ENST00000257963.9	1	9	1515	0.5405940594059406	0.0	801.7333333333333	798.0	1515	not_tested	
ACY1	not_in_small_variant_workbook	chr3	51983339	51989197	ENST00000636358.2	1	14	1224	0.5890522875816994	0.03022875816993464	303.6470588235294	310.0	1224	not_tested	
ADGRA2	additional	chr8	37784190	37844896	ENST00000412232.3	1	19	4014	0.6676631788739412	0.02391629297458894	950.4840558046836	957.0	4014	not_tested	
AFDN	additional	chr6	167826921	167972023	ENST00000351017.8	0	34	5493	0.5031858729291826	0.027307482250136537	595.1135991261606	563.0	5493	not_tested	
AFF1	additional	chr4	86935001	87141054	ENST00000307808.10	0	20	3630	0.5247933884297521	0.0	825.5314049586777	798.5	3630	not_tested	
AFF3	additional	chr2	99545418	100192428	ENST00000672756.2	1	22	3678	0.5579119086460033	0.009516041326808047	899.6723762914628	866.0	3678	not_tested	
AIP	additional	chr11	67483025	67491103	ENST00000279146.8	1	6	990	0.6101010101010101	0.0	5005.735353535353	4971.5	990	not_tested	
AJUBA	additional	chr14	22971176	22982551	ENST00000262713.7	1	8	1614	0.6394052044609665	0.0	1188.327757125155	1152.0	1614	not_tested	
AKT1	clinical	chr14	104769348	104795751	ENST00000649815.2	1	13	1440	0.5972222222222222	0.0006944444444444445	6471.904861111111	6558.5	1440	not_tested	
AKT2	additional	chr19	40230316	40285536	ENST00000392038.7	1	13	1443	0.5848925848925849	0.0	5504.670131670132	5699.0	1443	not_tested	
AKT3	additional	chr1	243488232	243851079	ENST00000673466.1	1	13	1437	0.4022268615170494	0.0	1185.9220598469033	1100.0	1437	not_tested	
AL359922.1	not_in_small_variant_workbook	chr9	21802635	22029594	ENST00000404796.3	0	5	429	0.46386946386946387	0.0	139.91375291375292	93.0	347	not_tested	
ALAS1	not_in_small_variant_workbook	chr3	52198085	52214327	ENST00000484952.6	1	10	1920	0.5182291666666666	0.0	207.90260416666666	196.0	1920	not_tested	
ALK	additional	chr2	29192773	29921586	ENST00000389048.8	1	29	4860	0.5806584362139918	0.006172839506172839	4157.061522633745	4328.0	4860	not_tested	
ALOX12B	additional	chr17	8072635	8087716	ENST00000647874.1	1	15	2103	0.5882073228720875	0.0	995.6157869709938	946.0	2103	not_tested	
AMER1	additional	chrX	64185116	64205708	ENST00000374869.8	1	1	3405	0.5559471365638766	0.04552129221732746	3341.1800293685756	3353.0	3405	not_tested	
ANKRD26	additional	chr10	26973792	27100494	ENST00000376087.5	1	34	5130	0.3756335282651072	0.008771929824561403	325.717738791423	312.0	5130	not_tested	
APC	clinical	chr5	112707497	112846239	ENST00000257430.9	1	15	8529	0.4124750850041036	0.0035174111853675696	2882.9813577207174	2844.0	8529	Deletion Not Detected	
APLNR	additional	chr11	57233576	57237235	ENST00000606794.1	0	1	1140	0.606140350877193	0.0	1331.219298245614	1286.5	1140	not_tested	
AR	additional	chrX	67544020	67730619	ENST00000374690.9	1	8	2760	0.5855072463768116	0.08840579710144927	2316.7460144927536	2369.0	2760	not_tested	
ARAF	additional	chrX	47561204	47571908	ENST00000377045.9	1	15	1818	0.5946094609460946	0.0	3260.5940594059407	3236.0	1818	not_tested	
ARFRP1	additional	chr20	63698641	63708025	ENST00000622789.5	1	7	603	0.5771144278606966	0.0	1299.1741293532339	1178.0	603	not_tested	
ARHGAP35	additional	chr19	46860996	47005077	ENST00000672722.1	1	6	4497	0.47742939737602846	0.0	983.0151211919057	854.0	4497	not_tested	
ARHGEF12	additional	chr11	120336412	120489937	ENST00000397843.7	1	41	4632	0.45164075993091535	0.0	547.4112694300518	514.0	4632	not_tested	
ARID1A	additional	chr1	26693235	26782104	ENST00000324856.13	1	20	6855	0.5983953318745441	0.050474106491611964	3645.4609773887673	3556.0	6855	Deletion Not Detected	
ARID1B	additional	chr6	156776019	157210779	ENST00000636930.2	1	20	7116	0.6096121416526138	0.09527824620573355	865.3302417088252	877.0	7116	Deletion Not Detected	
ARID2	additional	chr12	45729705	45908040	ENST00000334344.11	1	21	5505	0.4406902815622162	0.013079019073569483	2610.015077202543	2258.0	5505	not_tested	
ARID5B	additional	chr10	61901683	62096944	ENST00000279873.12	1	10	3564	0.5044893378226711	0.0	845.3086419753087	854.0	3564	not_tested	
ARNT	additional	chr1	150809712	150876708	ENST00000358595.10	1	22	2367	0.5103506548373469	0.0038022813688212928	507.5111956062526	481.0	2367	not_tested	
ASPSCR1	additional	chr17	81976806	82017406	ENST00000306739.9	1	16	1659	0.6546112115732369	0.03556359252561784	1216.599758890898	1151.0	1659	not_tested	
ASXL1	additional	chr20	32358329	32439319	ENST00000375687.10	1	13	4623	0.5383949816136708	0.01600692191217824	4361.157040882544	4547.0	4623	Deletion Not Detected	
ASXL2	additional	chr2	25733752	25878487	ENST00000435504.9	1	13	4305	0.49825783972125437	0.01602787456445993	825.3732868757259	889.0	4305	not_tested	
ATF1	additional	chr12	50763709	50821162	ENST00000262053.8	1	6	813	0.44280442804428044	0.0	477.0430504305043	421.0	813	not_tested	
ATIC	additional	chr2	215311955	215349773	ENST00000236959.14	1	16	1776	0.47015765765765766	0.0	604.8079954954954	585.0	1776	not_tested	
ATM	clinical	chr11	108222831	108369102	ENST00000675843.1	1	62	9168	0.3878708551483421	0.0004363001745200698	1800.6017670157069	1818.0	9168	Deletion Not Detected	
ATP1A1	additional	chr1	116372667	116410261	ENST00000295598.10	1	23	3069	0.4965786901270772	0.01596611274030629	515.3981753014011	503.0	3069	not_tested	
ATP6AP1	additional	chrX	154428632	154436516	ENST00000369762.7	1	10	1410	0.597872340425532	0.03475177304964539	403.43333333333334	403.0	1410	not_tested	
ATP6AP2	additional	chrX	40579371	40606848	ENST00000636580.2	1	9	1050	0.44857142857142857	0.0	151.11333333333334	144.0	1050	not_tested	
ATR	additional	chr3	142449006	142578733	ENST00000350721.9	1	47	7932	0.39989914271306104	0.0	1588.4771810388302	1609.0	7932	Deletion Not Detected	
ATRX	clinical	chrX	77504879	77786233	ENST00000373344.11	1	35	7476	0.3821562332798288	0.044141252006420544	1089.3817549491707	1039.0	7476	not_tested	
AURKA	additional	chr20	56369388	56392337	ENST00000395915.8	1	8	1209	0.44168734491315137	0.0	583.7245657568238	574.0	1209	Deletion Not Detected	
AURKB	additional	chr17	8204732	8210600	ENST00000585124.6	1	8	1032	0.5697674418604651	0.0	1070.266472868217	1124.0	1032	Deletion Not Detected	
AXIN1	clinical	chr16	287439	352723	ENST00000262320.8	1	10	2586	0.6214230471771075	0.013921113689095127	1394.6999226604796	1366.0	2586	not_tested	
AXIN2	additional	chr17	65528562	65561648	ENST00000307078.10	1	10	2529	0.5856069592724397	0.03637801502570186	4627.454725187821	4358.0	2529	not_tested	
AXL	additional	chr19	41219222	41261766	ENST00000301178.9	1	20	2682	0.6036539895600298	0.0	1599.4213273676362	1472.0	2682	not_tested	
B2M	additional	chr15	44711486	44718851	ENST00000648006.3	1	3	357	0.45938375350140054	0.0	1431.358543417367	1228.0	357	Deletion Not Detected	
BAP1	clinical	chr3	52401007	52410008	ENST00000460680.6	1	17	2187	0.5848193872885231	0.01828989483310471	4447.446273433928	4742.0	2187	Deletion Not Detected	
BARD1	additional	chr2	214725645	214809683	ENST00000260947.9	1	11	2331	0.4392964392964393	0.0	2076.989274989275	2006.0	2331	Deletion Not Detected	
BCL10	additional	chr1	85265775	85276632	ENST00000648566.1	1	3	699	0.4206008583690987	0.0	333.14735336194565	333.0	699	not_tested	
BCL11A	additional	chr2	60450519	60554467	ENST00000642384.2	1	4	2505	0.5860279441117765	0.036726546906187624	1058.0858283433133	1123.0	2505	not_tested	
BCL11B	additional	chr14	99169286	99272197	ENST00000357195.8	1	4	2682	0.6886651752423565	0.035794183445190156	1437.427293064877	1483.0	2682	not_tested	
BCL2	additional	chr18	63123345	63320128	ENST00000333681.5	1	2	717	0.6596931659693166	0.0	4536.389121338912	4752.0	717	Deletion Not Detected	
BCL2L1	additional	chr20	31664451	31723989	ENST00000307677.5	1	2	699	0.5693848354792561	0.0	1833.1616595135908	1851.0	699	not_tested	
BCL2L11	additional	chr2	111119377	111168445	ENST00000393256.8	1	3	594	0.5370370370370371	0.0	712.3619528619529	796.0	594	Deletion Not Detected	
BCL2L12	additional	chr19	49665141	49673916	ENST00000246784.8	1	6	750	0.6533333333333333	0.052	1339.616	1359.0	750	not_tested	
BCL2L2	additional	chr14	23298789	23311751	ENST00000250405.10	1	2	579	0.6269430051813472	0.0	1690.2193436960276	1613.0	579	not_tested	
BCL3	additional	chr19	44747704	44760044	ENST00000164227.10	1	9	1362	0.6894273127753304	0.0	1300.2547723935388	1348.0	1362	not_tested	
BCL6	additional	chr3	187721376	187745725	ENST00000406870.7	1	8	2118	0.5698772426817753	0.0	1366.8876298394712	1395.0	2118	not_tested	
BCL9	additional	chr1	147541500	147626216	ENST00000234739.8	1	7	4278	0.5654511453950444	0.0	4663.89925198691	4881.0	4278	not_tested	
BCOR	clinical	chrX	40049814	40177329	ENST00000378444.9	1	14	5265	0.5399810066476733	0.004558404558404558	3247.4566001899334	3425.0	5265	not_tested	
BCORL1	additional	chrX	129981106	130058071	ENST00000540052.6	1	13	5355	0.5869281045751634	0.021101774042950515	899.4046685340803	922.0	5355	not_tested	
BIRC2	not_in_small_variant_workbook	chr11	102347210	102378670	ENST00000227758.6	0	8	1854	0.40129449838187703	0.0	169.99460625674217	146.5	1854	Deletion Not Detected	
BIRC3	additional	chr11	102317449	102339403	ENST00000263464.9	1	8	1812	0.3995584988962472	0.0	445.083885209713	450.0	1812	Deletion Not Detected	
BLM	additional	chr15	90717345	90816166	ENST00000355112.8	1	21	4251	0.398964949423665	0.01529051987767584	1866.8837920489298	1899.0	4251	Deletion Not Detected	
BMPR1A	additional	chr10	86756600	86932825	ENST00000372037.8	1	11	1596	0.44298245614035087	0.0	2190.7988721804513	2218.5	1596	not_tested	
BRAF	clinical	chr7	140719326	140924929	ENST00000644969.2	1	20	2421	0.4638579099545642	0.03965303593556382	992.3990086741017	937.0	2421	not_tested	
BRCA1	clinical	chr17	43044294	43170245	ENST00000357654.9	1	22	5589	0.41223832528180354	0.0	2408.2334943639294	2210.0	5589	Deletion Not Detected	
BRCA2	clinical	chr13	32315085	32400268	ENST00000380152.8	1	26	10254	0.357421494051102	0.00497366881217086	1420.5393992588258	1393.0	10254	Deletion Not Detected	
BRD3	additional	chr9	134030304	134068535	ENST00000303407.12	1	11	2178	0.5890725436179982	0.030303030303030304	1162.032139577594	1185.5	2178	not_tested	
BRD4	additional	chr19	15235518	15332545	ENST00000679869.1	1	19	4086	0.6076847772883015	0.10988742046010769	957.6421928536466	884.0	4086	not_tested	
BRIP1	additional	chr17	61679138	61863528	ENST00000259008.7	1	19	3747	0.3869762476647985	0.0	1723.0832666132906	1780.0	3747	Deletion Not Detected	
BTG1	additional	chr12	92140277	92145846	ENST00000256015.5	1	2	513	0.5282651072124757	0.0	928.4834307992203	939.0	513	not_tested	
BTG2	additional	chr1	203305490	203309602	ENST00000290551.5	1	2	474	0.6413502109704642	0.0	1164.6455696202531	1159.5	474	not_tested	
BTK	additional	chrX	101349446	101390796	ENST00000308731.8	1	18	1977	0.4683864441072332	0.0	1510.7157309054123	1518.0	1977	not_tested	
BUB1B	additional	chr15	40161022	40221123	ENST00000287598.11	1	23	3150	0.43396825396825395	0.012063492063492064	474.14444444444445	457.0	3150	not_tested	
C15orf65	additional	chr15	55408494	55418798	ENST00000569691.2	1	2	363	0.38292011019283745	0.0	352.1707988980716	371.0	363	not_tested	
C3orf18	not_in_small_variant_workbook	chr3	50558024	50571027	ENST00000357203.8	1	4	486	0.6008230452674898	0.0	257.20576131687244	276.0	486	not_tested	
CACNA1D	additional	chr3	53328962	53813733	ENST00000350061.11	1	48	6483	0.4912848989665278	0.018664198673453647	728.6757673916396	698.0	6483	not_tested	
CACNA2D2	not_in_small_variant_workbook	chr3	50362612	50504244	ENST00000424201.7	1	38	3429	0.5861767279090113	0.04666083406240887	266.83639545056866	251.0	3429	not_tested	
CACNA2D3	not_in_small_variant_workbook	chr3	54122546	55074557	ENST00000474759.6	1	38	3273	0.4836541399327834	0.0	138.10326917201346	131.0	3248	not_tested	
CALR	additional	chr19	12938577	12944489	ENST00000316448.10	1	9	1251	0.5331734612310152	0.11510791366906475	1439.4212629896083	1255.0	1251	not_tested	
CAMTA1	additional	chr1	6785453	7769706	ENST00000303635.12	1	23	5019	0.5714285714285714	0.020522016337915918	920.6688583383144	874.0	5019	not_tested	
CARD11	additional	chr7	2906141	3043867	ENST00000396946.9	1	24	3462	0.5880993645291739	0.008376660889659156	4407.780473714616	4507.5	3462	not_tested	
CASP8	additional	chr2	201233442	201287711	ENST00000673742.1	1	8	1437	0.4495476687543493	0.0	532.5080027835769	517.0	1437	not_tested	
CBFA2T3	additional	chr16	88874857	88977207	ENST00000268679.9	1	12	1959	0.669218989280245	0.0	1217.2827973455844	1284.0	1959	not_tested	
CBFB	additional	chr16	67028983	67101058	ENST00000412916.7	1	6	561	0.5329768270944741	0.0	1958.9946524064171	1978.0	561	not_tested	
CBL	additional	chr11	119206297	119313926	ENST00000264033.6	1	16	2718	0.5099337748344371	0.025386313465783666	817.8888888888889	717.5	2718	not_tested	
CBLB	additional	chr3	105655460	105869552	ENST00000394030.8	1	18	2946	0.4619823489477257	0.0	540.6191446028513	469.0	2946	not_tested	
CCDC6	additional	chr10	59788746	59906556	ENST00000263102.7	1	9	1422	0.5203938115330521	0.06962025316455696	2741.506329113924	2093.0	1422	not_tested	
CCND1	additional	chr11	69641155	69654474	ENST00000227507.3	1	5	885	0.6124293785310735	0.03615819209039548	5255.314124293785	5071.0	885	not_tested	
CCND2	additional	chr12	4269770	4305353	ENST00000261254.8	1	5	867	0.5790080738177624	0.0	3773.82122260669	3847.0	867	not_tested	
CCND3	additional	chr6	41934933	42050357	ENST00000372991.9	1	5	876	0.6312785388127854	0.0	4646.067351598173	4375.5	876	not_tested	
CCNE1	additional	chr19	29811990	29824312	ENST00000262643.8	1	11	1230	0.4845528455284553	0.0	914.8634146341464	968.0	1230	not_tested	
CCNH	not_in_small_variant_workbook	chr5	87318415	87412930	ENST00000256897.9	1	9	969	0.42518059855521156	0.0	156.6140350877193	115.0	969	not_tested	
CD22	additional	chr19	35319260	35347361	ENST00000085219.10	1	13	2541	0.5454545454545454	0.0	1283.6883116883116	1269.0	2541	not_tested	
CD274	additional	chr9	5450502	5470566	ENST00000381577.4	1	6	870	0.4413793103448276	0.0	523.0885057471264	541.5	870	Deletion Not Detected	
CD70	additional	chr19	6583182	6604103	ENST00000245903.4	1	3	579	0.6373056994818653	0.0	995.5544041450777	1018.0	579	not_tested	
CD74	additional	chr5	150400040	150412969	ENST00000009530.12	0	9	888	0.6002252252252253	0.0	787.8986486486486	895.5	888	not_tested	
CD79A	additional	chr19	41877278	41881372	ENST00000221972.8	1	5	678	0.6076696165191741	0.0	1514.6666666666667	1594.5	678	not_tested	
CD79B	additional	chr17	63928739	63932336	ENST00000006750.8	1	6	687	0.5705967976710334	0.0	4488.705967976711	4651.0	687	not_tested	
CDC73	additional	chr1	193121982	193254815	ENST00000367435.5	1	17	1593	0.44005021971123665	0.0	1642.8788449466415	1421.0	1593	not_tested	
CDH1	additional	chr16	68737291	68835537	ENST00000261769.10	1	16	2646	0.5151171579743008	0.006424792139077854	3820.514739229025	3930.5	2646	Deletion Not Detected	
CDH11	additional	chr16	64943752	65126112	ENST00000268603.9	1	11	2388	0.5087939698492462	0.0	985.784338358459	896.5	2388	not_tested	
CDH23	additional	chr10	71396919	71815947	ENST00000224721.12	1	69	10062	0.5874577618763666	0.004074736632876168	1220.4956271119063	1212.0	10062	not_tested	
CDK12	additional	chr17	39461485	39564907	ENST00000447079.6	1	14	4470	0.5044742729306487	0.015436241610738255	3615.897762863535	4034.5	4470	Deletion Not Detected	
CDK4	additional	chr12	57747726	57756013	ENST00000257904.11	1	7	909	0.5412541254125413	0.022002200220022004	4174.304730473047	4198.0	909	not_tested	
CDK6	additional	chr7	92604920	92836573	ENST00000424848.3	1	7	978	0.5204498977505112	0.0	689.2505112474438	617.0	978	not_tested	
CDK8	additional	chr13	26254103	26405238	ENST00000381527.8	1	13	1392	0.4375	0.0	445.00359195402297	351.0	1392	not_tested	
CDKN1A	additional	chr6	36676459	36687337	ENST00000244741.10	1	2	492	0.6402439024390244	0.0	1428.780487804878	1489.5	492	not_tested	
CDKN1B	additional	chr12	12715057	12722369	ENST00000228872.9	1	2	594	0.5875420875420876	0.0	4459.664983164983	4908.5	594	Deletion Not Detected	
CDKN1C	additional	chr11	2883212	2885775	ENST00000440480.8	1	2	915	0.760655737704918	0.2972677595628415	898.224043715847	812.0	915	not_tested	
CDKN2A	clinical	chr9	21967751	21995301	ENST00000304494.10	1	3	468	0.7222222222222222	0.03418803418803419	1845.4786324786326	1906.5	468	Deleted	1.30
CDKN2B	clinical	chr9	22002902	22009305	ENST00000276925.7	1	2	414	0.7125603864734299	0.0	986.9323671497584	1204.0	414	Deleted	0.90
CDKN2C	additional	chr1	50960744	50974634	ENST00000371761.4	1	2	504	0.5238095238095238	0.0	490.3511904761905	469.0	504	Deletion Not Detected	
CDX2	additional	chr13	27960917	27969315	ENST00000381020.8	1	3	939	0.6645367412140575	0.1182108626198083	788.1309904153354	790.0	939	not_tested	
CEBPA	additional	chr19	33299933	33302534	ENST00000498907.3	1	1	1074	0.7486033519553073	0.18342644320297952	605.2253258845437	515.0	1074	Deletion Not Detected	
CHD2	additional	chr15	92900188	93027996	ENST00000394196.9	1	38	5484	0.45970094821298324	0.033187454412837346	715.0578045222466	605.0	5484	not_tested	
CHD4	additional	chr12	6570081	6614524	ENST00000544040.7	1	39	5736	0.5097629009762901	0.020571827057182707	953.4476987447699	900.0	5736	not_tested	
CHDH	not_in_small_variant_workbook	chr3	53812334	53846419	ENST00000315251.11	1	7	1782	0.6352413019079686	0.0	255.36026936026937	256.0	1782	not_tested	
CHEK1	additional	chr11	125625664	125676255	ENST00000428830.6	0	12	1428	0.4180672268907563	0.0	1364.046218487395	1330.5	1428	Deletion Not Detected	
CHEK2	additional	chr22	28687742	28742422	ENST00000404276.6	1	14	1629	0.45426642111724985	0.0	2782.90116635973	2445.0	1629	Deletion Not Detected	
CHIC2	additional	chr4	54009788	54064605	ENST00000263921.8	1	6	495	0.44646464646464645	0.07878787878787878	296.8020202020202	201.0	495	not_tested	
CHN1	additional	chr2	174798808	175005381	ENST00000409900.9	1	13	1377	0.4422657952069717	0.0	382.70660856935365	406.0	1377	not_tested	
CIC	additional	chr19	42268536	42295797	ENST00000572681.6	0	20	7542	0.6654733492442323	0.03407584195173694	6106.246618933969	6177.0	7542	Deletion Not Detected	
CIITA	additional	chr16	10866221	10943021	ENST00000324288.14	1	19	3390	0.6194690265486725	0.03008849557522124	1218.19203539823	1196.0	3390	not_tested	
CISH	not_in_small_variant_workbook	chr3	50606488	50611774	ENST00000348721.4	1	3	774	0.6175710594315246	0.0	360.1279069767442	367.0	774	not_tested	
CLTCL1	additional	chr22	19179472	19291719	ENST00000427926.6	1	32	4920	0.5132113821138211	0.0	868.1048780487805	836.0	4920	not_tested	
CLYBL	additional	chr13	99606668	99897134	ENST00000376355.7	0	8	1020	0.4774509803921569	0.060784313725490195	440.4107843137255	472.5	1020	not_tested	
CNBP	additional	chr3	129167826	129183922	ENST00000422453.7	1	4	531	0.519774011299435	0.0	746.6647834274953	690.0	531	not_tested	
CNOT3	additional	chr19	54137748	54155681	ENST00000221232.11	1	17	2259	0.6038069942452412	0.04205400619743249	2804.574147853032	2875.0	2259	not_tested	
COL2A1	clinical	chr12	47972966	48004554	ENST00000380518.8	1	54	4461	0.6343869087648509	0.015243219009190765	255.07016364043938	245.0	4461	not_tested	
COX6C	additional	chr8	99873199	99893707	ENST00000520468.7	1	2	225	0.4711111111111111	0.0	380.6044444444444	476.0	225	not_tested	
COX7C	not_in_small_variant_workbook	chr5	86617927	86620962	ENST00000247655.4	1	2	189	0.4708994708994709	0.0	244.45502645502646	187.0	189	not_tested	
CREB1	additional	chr2	207529736	207605988	ENST00000353267.8	1	7	981	0.47298674821610603	0.0	464.8481141692151	473.0	981	not_tested	
CREB3L1	additional	chr11	46277661	46321409	ENST00000621158.5	1	12	1557	0.6127167630057804	0.02697495183044316	1056.4354527938342	1034.0	1557	not_tested	
CREB3L2	additional	chr7	137874978	138002086	ENST00000330387.11	1	12	1560	0.5570512820512821	0.0	601.6205128205128	569.0	1559	not_tested	
CREBBP	additional	chr16	3725053	3880713	ENST00000262367.10	1	31	7326	0.5689325689325689	0.05118755118755119	4260.071799071799	4268.0	7326	Deletion Not Detected	
CRKL	additional	chr22	20917406	20953747	ENST00000354336.8	1	3	909	0.5357535753575358	0.0	933.4873487348735	858.0	909	not_tested	
CRLF2	additional	chrY	1187548	1212723	ENST00000400841.8_PAR_Y	1	8	1113	0.5435759209344115	0.0	0.0	0.0	0	not_tested	
CRTC1	additional	chr19	18683677	18782333	ENST00000321949.13	1	14	1902	0.655099894847529	0.052050473186119876	1903.1514195583595	1934.0	1902	not_tested	
CRTC3	additional	chr15	90529922	90645345	ENST00000268184.11	1	15	1857	0.568659127625202	0.0	1008.331717824448	987.0	1857	not_tested	
CSF1R	additional	chr5	150053290	150113372	ENST00000675795.1	1	21	2916	0.5795610425240055	0.028120713305898493	3892.23353909465	3819.0	2916	not_tested	
CSF3R	additional	chr1	36466042	36483278	ENST00000373106.6	1	15	2508	0.6196172248803827	0.0	955.1818181818181	999.5	2508	not_tested	
CTCF	additional	chr16	67562466	67639177	ENST00000264010.10	1	10	2181	0.49105914718019256	0.016964695093993582	3346.1898211829434	3198.0	2181	not_tested	
CTLA4	additional	chr2	203867770	203873965	ENST00000648405.2	1	4	669	0.5112107623318386	0.0	675.6621823617339	606.0	669	Deletion Not Detected	
CTNNA1	additional	chr5	138610966	138935034	ENST00000302763.12	1	17	2718	0.49926416482707875	0.0	2597.9440765268578	2723.0	2718	not_tested	
CTNNB1	clinical	chr3	41194740	41260096	ENST00000349496.11	1	14	2343	0.4805804524114383	0.0	2163.6017925736237	2020.0	2343	Deletion Not Detected	
CUL3	additional	chr2	224470149	224585397	ENST00000264414.9	1	16	2304	0.3949652777777778	0.0	413.1002604166667	402.0	2304	not_tested	
CUL4A	additional	chr13	113208192	113267108	ENST00000375440.9	1	20	2277	0.4839701361440492	0.0	554.0663153271848	496.0	2277	not_tested	
CUX1	additional	chr7	101815903	102283958	ENST00000292535.12	1	24	4515	0.6011074197120708	0.007751937984496124	1207.885049833887	1226.0	4515	not_tested	
CXCR4	additional	chr2	136114348	136118149	ENST00000241393.4	1	2	1056	0.5047348484848485	0.0	4161.907196969697	4455.0	1056	not_tested	
CYLD	additional	chr16	50742049	50801935	ENST00000427738.8	1	17	2868	0.42642956764295675	0.0	1895.1624825662482	1967.5	2868	Deletion Not Detected	
CYP17A1	additional	chr10	102830530	102837472	ENST00000369887.4	1	8	1524	0.5288713910761155	0.0	1078.6771653543308	1046.0	1524	not_tested	
CYP2D6	additional	chr22	42126498	42130865	ENST00000645361.2	1	9	1491	0.6405097250167673	0.0	1255.3373574782026	1266.0	1491	not_tested	
CYSLTR2	additional	chr13	48653710	48711226	ENST00000614739.4	0	1	1038	0.4508670520231214	0.0	116.54335260115607	115.0	1038	not_tested	
DACH1	additional	chr13	71437965	71867204	ENST00000613252.5	1	11	2118	0.5580736543909348	0.16100094428706327	251.42445703493863	206.0	2118	not_tested	
DAXX	additional	chr6	33318557	33323016	ENST00000374542.10	1	7	2220	0.5581081081081081	0.0	1268.6184684684686	1195.0	2220	not_tested	
DCAF1	not_in_small_variant_workbook	chr3	51395866	51500002	ENST00000423656.5	0	23	4521	0.47909754479097544	0.011059500110595002	196.54302145543022	169.0	4521	not_tested	
DCP1A	not_in_small_variant_workbook	chr3	53283428	53347586	ENST00000610213.6	1	10	1746	0.5154639175257731	0.0	216.86712485681556	206.0	1738	not_tested	
DDB2	additional	chr11	47214464	47239217	ENST00000256996.9	1	10	1281	0.5448868071818892	0.0	977.2380952380952	973.0	1281	not_tested	
DDIT3	additional	chr12	57516587	57521737	ENST00000547303.5	0	2	507	0.5384615384615384	0.0	1120.6331360946745	1185.0	507	not_tested	
DDR1	additional	chr6	30876420	30900156	ENST00000324771.12	0	17	2739	0.624315443592552	0.01533406352683461	1676.2263599853961	1700.0	2739	not_tested	
DDR2	additional	chr1	162631372	162787405	ENST00000367921.8	1	16	2565	0.5025341130604288	0.0	3144.7005847953214	2996.0	2565	not_tested	
DDX3X	additional	chrX	41333347	41364472	ENST00000644876.2	1	17	1986	0.459214501510574	0.022658610271903322	450.5503524672709	400.0	1986	not_tested	
DDX41	additional	chr5	177511576	177516961	ENST00000330503.12	1	17	1866	0.5814576634512326	0.0	1609.4378349410504	1525.5	1866	not_tested	
DDX6	additional	chr11	118747762	118791164	ENST00000534980.7	1	12	1449	0.4361628709454796	0.0	657.1097308488613	602.0	1449	not_tested	
DEK	additional	chr6	18223859	18264548	ENST00000652689.1	1	10	1125	0.39911111111111114	0.10488888888888889	563.3697777777778	483.0	1125	not_tested	
DGCR8	additional	chr22	20080231	20111877	ENST00000351989.8	1	13	2319	0.5424752048296679	0.0	290.1716257007331	294.0	2319	not_tested	
DICER1	clinical	chr14	95086227	95158010	ENST00000343455.8	1	26	5766	0.427159209157128	0.014568158168574402	3052.3896982310093	2977.0	5766	not_tested	
DIS3	additional	chr13	72752168	72782096	ENST00000377767.9	1	21	2874	0.41196938065414057	0.0	344.38169798190677	320.0	2874	not_tested	
DIS3L2	additional	chr2	231961244	232344350	ENST00000325385.12	1	20	2655	0.5393596986817326	0.0	796.8504708097928	693.0	2655	not_tested	
DKC1	additional	chrX	154762741	154777689	ENST00000369550.10	1	15	1542	0.4798962386511025	0.02529182879377432	606.9792477302204	547.0	1542	not_tested	
DMC1	additional	chr22	38518947	38570204	ENST00000216024.7	1	13	1020	0.4294117647058823	0.0	457.58529411764704	443.0	1020	not_tested	
DMRTA1	not_in_small_variant_workbook	chr9	22446823	22455740	ENST00000325870.3	1	2	1512	0.5601851851851852	0.023809523809523808	81.9021164021164	84.0	1512	not_tested	
DNA2	additional	chr10	68414063	68472121	ENST00000358410.8	1	21	3180	0.3977987421383648	0.0	506.39025157232703	489.5	3180	not_tested	
DNAH1	not_in_small_variant_workbook	chr3	52316318	52400491	ENST00000420323.6	0	77	12795	0.5688159437280188	0.008050019538882376	286.9089488081282	277.0	12795	not_tested	
DNAJB1	additional	chr19	14514768	14560391	ENST00000254322.3	1	3	1020	0.5529411764705883	0.0	1364.2343137254902	1416.5	1020	not_tested	
DNMT3A	additional	chr2	25227854	25342590	ENST00000321117.10	1	22	2736	0.6027046783625731	0.0	4315.8442982456145	4386.0	2736	Deletion Not Detected	
DOCK3	not_in_small_variant_workbook	chr3	50674926	51384198	ENST00000266037.10	1	53	6090	0.5121510673234811	0.0	189.5016420361248	169.0	6090	not_tested	
DOT1L	additional	chr19	2163932	2232578	ENST00000398665.8	1	28	4611	0.6391238343092605	0.0	1051.5909780958577	1010.0	4611	not_tested	
DUSP7	not_in_small_variant_workbook	chr3	52048918	52056571	ENST00000495880.2	1	3	1257	0.649164677804296	0.0	297.87350835322195	269.0	1257	not_tested	
EBF1	additional	chr5	158695915	159099916	ENST00000313708.11	1	16	1773	0.5442752397067118	0.007332205301748449	1228.979695431472	954.0	1773	not_tested	
ECT2L	additional	chr6	138795910	138904070	ENST00000541398.7	1	20	2712	0.43215339233038347	0.0	437.2492625368732	432.5	2712	not_tested	
EED	additional	chr11	86244752	86278813	ENST00000263360.11	1	12	1323	0.4051398337112623	0.0	436.16780045351476	353.0	1323	not_tested	
EGFR	clinical	chr7	55019016	55211628	ENST00000275493.7	1	28	3630	0.5396694214876033	0.0	4597.958402203857	4641.0	3630	not_tested	
EGLN1	additional	chr1	231363750	231422287	ENST00000366641.4	1	5	1278	0.6087636932707355	0.04616588419405321	735.1158059467919	647.5	1278	not_tested	
EIF1AX	additional	chrX	20124524	20141838	ENST00000379607.10	1	7	432	0.3888888888888889	0.12962962962962962	299.5625	252.5	432	not_tested	
EIF4A2	additional	chr3	186783204	186789897	ENST00000323963.10	1	11	1221	0.4307944307944308	0.0	657.9246519246519	634.0	1221	not_tested	
ELAVL2	not_in_small_variant_workbook	chr9	23690103	23826337	ENST00000397312.7	1	6	1077	0.44939647168059427	0.0	63.35561745589601	60.0	1077	not_tested	
ELF3	additional	chr1	202007944	202017183	ENST00000367284.10	1	8	1113	0.5893980233602875	0.0	1189.6828391734052	1230.0	1113	not_tested	
ELK4	additional	chr1	205597555	205632011	ENST00000357992.9	1	4	1293	0.46867749419953597	0.0	689.2637277648879	646.0	1293	not_tested	
ELOC	additional	chr8	73939168	73972287	ENST00000520242.6	1	3	336	0.4226190476190476	0.0	428.6309523809524	437.5	336	not_tested	
EME1	additional	chr17	50373219	50381483	ENST00000338165.9	1	8	1710	0.512280701754386	0.0	939.7350877192982	866.0	1710	not_tested	
EME2	additional	chr16	1772809	1781708	ENST00000568449.6	0	8	1137	0.7044854881266491	0.028144239226033423	969.7018469656992	936.0	1137	not_tested	
EML4	additional	chr2	42169352	42332548	ENST00000318522.10	1	23	2943	0.4379884471627591	0.0	2026.6323479442744	1614.0	2943	not_tested	
EMSY	additional	chr11	76444922	76553025	ENST00000525919.5	0	20	3969	0.47493071302595113	0.0	624.4560342655581	514.0	3969	not_tested	
EP300	additional	chr22	41092591	41180077	ENST00000263253.9	1	31	7242	0.5156034244683789	0.012979839823253245	3833.5502623584644	3321.0	7242	Deletion Not Detected	
EPCAM	additional	chr2	47345157	47387601	ENST00000263735.9	1	9	942	0.43418259023354566	0.06050955414012739	430.19745222929936	405.0	942	not_tested	
EPHA2	additional	chr1	16124336	16156069	ENST00000358432.8	1	17	2928	0.6191939890710383	0.01366120218579235	4227.60587431694	4338.5	2928	not_tested	
EPHA3	additional	chr3	89107620	89482134	ENST00000336596.7	1	17	2949	0.4655815530688369	0.022380467955239063	485.05832485588337	478.0	2949	not_tested	
EPHA5	additional	chr4	65319562	65670495	ENST00000613740.5	1	17	3048	0.4714566929133858	0.01804461942257218	470.4570209973753	452.0	3048	not_tested	
EPHA7	additional	chr6	93240019	93419687	ENST00000369303.9	1	17	2994	0.44288577154308617	0.0	397.4268537074148	404.0	2994	not_tested	
EPHB1	additional	chr3	134597800	135260467	ENST00000398015.8	1	16	2952	0.5528455284552846	0.0	1187.2686314363143	1089.0	2952	not_tested	
EPHB4	additional	chr7	100802564	100827523	ENST00000358173.8	1	17	2961	0.6251266464032421	0.00033772374197906115	1300.5103005741303	1181.0	2961	not_tested	
ERBB2	clinical	chr17	39687913	39730426	ENST00000269571.10	1	27	3765	0.6079681274900398	0.0	4578.4406374502	4643.0	3765	not_tested	
ERBB3	additional	chr12	56076798	56103505	ENST00000267101.8	1	28	4026	0.53899652260308	0.009687034277198211	3265.653999006458	3436.5	4026	not_tested	
ERBB4	additional	chr2	211375716	212538841	ENST00000342788.9	1	28	3924	0.4701834862385321	0.0	2051.1286952089704	1843.0	3924	not_tested	
ERC1	additional	chr12	990508	1495933	ENST00000360905.9	1	18	3348	0.4764038231780167	0.0	651.5689964157706	608.0	3348	not_tested	
ERCC1	additional	chr19	45407333	45478828	ENST00000300853.8	1	9	891	0.5959595959595959	0.0	1144.850729517396	1043.0	891	Deletion Not Detected	
ERCC2	additional	chr19	45349836	45370918	ENST00000391945.10	1	23	2280	0.6	0.0	5518.774561403508	5656.0	2280	Deletion Not Detected	
ERCC3	additional	chr2	127257289	127294166	ENST00000285398.7	1	15	2346	0.5110826939471441	0.008525149190110827	935.7416879795396	878.0	2346	Deletion Not Detected	
ERCC4	additional	chr16	13920153	13952348	ENST00000311895.8	1	11	2748	0.45232896652110627	0.0	555.1371906841339	510.0	2748	not_tested	
ERCC5	additional	chr13	102845830	102875995	ENST00000652225.2	1	15	3558	0.4527824620573356	0.0	453.8516020236088	443.0	3558	Deletion Not Detected	
ERCC6	additional	chr10	49454167	49539538	ENST00000355832.10	1	20	4479	0.47131056039294483	0.022996204509935253	632.0187541862023	495.0	4479	Deletion Not Detected	
ERCC8	not_in_small_variant_workbook	chr5	60866453	60945073	ENST00000676185.1	1	12	1188	0.40824915824915825	0.0	95.16750841750842	84.0	1188	Deletion Not Detected	
EREG	additional	chr4	74365144	74388749	ENST00000244869.3	1	5	507	0.45956607495069035	0.0	314.0887573964497	282.0	507	not_tested	
ERG	additional	chr21	38380026	38661780	ENST00000288319.12	1	10	1437	0.5434933890048712	0.0	3977.7912317327764	4536.0	1437	not_tested	
ERRFI1	additional	chr1	8004403	8026309	ENST00000377482.10	1	3	1386	0.47113997113997114	0.0	553.3917748917748	539.5	1386	not_tested	
ESR1	additional	chr6	151656690	152129619	ENST00000206249.8	1	8	1785	0.5725490196078431	0.0	2870.5142857142855	3062.0	1785	not_tested	
ETS1	additional	chr11	128458760	128587558	ENST00000392668.8	1	9	1455	0.5099656357388316	0.0	830.7223367697594	808.0	1455	not_tested	
ETV1	additional	chr7	13891228	13991425	ENST00000430479.6	1	12	1431	0.48707197763801535	0.0	659.0335429769392	633.0	1431	not_tested	
ETV4	additional	chr17	43527843	43579620	ENST00000319349.10	1	12	1452	0.5984848484848485	0.0	831.7548209366391	786.0	1452	not_tested	
ETV5	additional	chr3	186046313	186110318	ENST00000306376.10	1	12	1530	0.5437908496732026	0.0	880.3398692810457	891.5	1530	not_tested	
ETV6	additional	chr12	11649673	11895377	ENST00000396373.9	1	8	1356	0.532448377581121	0.0	4215.547197640118	3375.5	1356	not_tested	
EWSR1	additional	chr22	29268008	29300525	ENST00000397938.7	1	17	1968	0.5701219512195121	0.013719512195121951	1077.9192073170732	949.5	1968	not_tested	
EXO1	additional	chr1	241847966	241895148	ENST00000366548.8	1	13	2538	0.4235618597320725	0.0	482.0453112687155	466.0	2538	not_tested	
EXT1	additional	chr8	117794489	118111826	ENST00000378204.7	1	11	2238	0.4973190348525469	0.0017873100983020554	912.9124218051832	878.5	2238	not_tested	
EXT2	additional	chr11	44095672	44251962	ENST00000533608.7	1	13	2154	0.49814298978644383	0.0	770.6601671309193	660.0	2154	not_tested	
EZH2	clinical	chr7	148807382	148884321	ENST00000320356.7	1	19	2253	0.44163337771859745	0.03595206391478029	1195.0541500221927	1153.0	2253	Deletion Not Detected	
EZR	additional	chr6	158765740	158819368	ENST00000367075.4	1	13	1758	0.5426621160409556	0.0	941.4425483503982	977.0	1758	not_tested	
FANCA	additional	chr16	89737548	89816657	ENST00000389301.8	1	43	4365	0.5516609392898053	0.005269186712485682	3910.7963344788086	3908.0	4365	Deletion Not Detected	
FANCB	additional	chrX	14835960	14873069	ENST00000650831.1	1	8	2577	0.36515327900659683	0.002716336825766395	997.8412883197517	1005.0	2577	not_tested	
FANCC	clinical	chr9	95099053	95426796	ENST00000289081.8	1	14	1674	0.48566308243727596	0.0	2551.4486260454	2285.5	1674	Deletion Not Detected	
FANCD2	additional	chr3	10026413	10101932	ENST00000675286.1	1	43	4353	0.44199402710774177	0.00895933838731909	1512.8364346427752	1453.0	4353	Deletion Not Detected	
FANCE	additional	chr6	35452337	35467102	ENST00000229769.3	1	10	1608	0.6026119402985075	0.0	4485.6803482587065	4422.0	1608	Deletion Not Detected	
FANCF	additional	chr11	22622532	22625823	ENST00000327470.6	1	1	1122	0.5935828877005348	0.0	4183.162210338681	4391.5	1122	Deletion Not Detected	
FANCG	additional	chr9	35073834	35079942	ENST00000378643.8	1	14	1866	0.5712754555198285	0.0	3468.4715969989284	3442.5	1866	not_tested	
FANCI	additional	chr15	89243944	89317261	ENST00000310775.12	1	37	3984	0.4339859437751004	0.01857429718875502	1854.2685742971887	1864.0	3984	Deletion Not Detected	
FANCL	additional	chr2	58159242	58241372	ENST00000233741.9	1	14	1125	0.4177777777777778	0.0	1445.848	1161.0	1125	Deletion Not Detected	
FANCM	additional	chr14	45135929	45200890	ENST00000267430.10	1	23	6144	0.3785807291666667	0.0	2237.4248046875	1916.0	6144	Deletion Not Detected	
FAS	additional	chr10	88990530	89017059	ENST00000652046.1	1	9	1005	0.417910447761194	0.0	1919.9383084577114	1943.0	1005	not_tested	
FAT1	additional	chr4	186587793	186726722	ENST00000441802.7	1	26	13764	0.4638913106655042	0.0	2774.2652571926765	2611.0	13764	Deletion Not Detected	
FAT3	additional	chr11	92224817	92896473	ENST00000525166.6	1	27	13767	0.4791893658749183	0.0	706.1159293963826	608.0	13767	not_tested	
FBXO11	additional	chr2	47789315	47906498	ENST00000403359.8	1	23	2781	0.4203523912261776	0.06400575332614168	326.0834232290543	319.0	2781	not_tested	
FBXW7	additional	chr4	152320543	152536092	ENST00000281708.10	1	11	2121	0.4436586515794437	0.05421970768505422	1627.6845827439886	1560.0	2121	Deletion Not Detected	
FCRL4	additional	chr1	157573746	157598085	ENST00000271532.2	1	12	1545	0.5119741100323625	0.0	726.0381877022654	625.0	1545	not_tested	
FEN1	additional	chr11	61792910	61797238	ENST00000305885.3	1	1	1140	0.5578947368421052	0.0	1295.8385964912281	1247.0	1140	not_tested	
FGF10	additional	chr5	44300246	44389706	ENST00000264664.5	1	3	624	0.4807692307692308	0.07371794871794872	1219.070512820513	1048.0	624	not_tested	
FGF12	additional	chr3	192139389	192767764	ENST00000445105.7	1	5	543	0.44935543278084716	0.0	457.1731123388582	466.0	543	not_tested	
FGF14	additional	chr13	101710803	102402457	ENST00000376143.5	1	5	741	0.5020242914979757	0.0	429.05802968960865	368.0	741	not_tested	
FGF19	additional	chr11	69698237	69704022	ENST00000294312.4	1	3	648	0.6496913580246914	0.0	1058.8117283950617	1077.5	648	not_tested	
FGF23	additional	chr12	4368226	4379712	ENST00000237837.2	1	3	753	0.6122177954847278	0.0	1250.066401062417	1337.0	753	not_tested	
FGF3	additional	chr11	69809967	69819416	ENST00000334134.4	1	3	717	0.6722454672245467	0.0	744.0320781032078	743.0	717	not_tested	
FGF4	additional	chr11	69771021	69775341	ENST00000168712.3	1	3	618	0.6909385113268608	0.0	934.2362459546925	862.0	618	not_tested	
FGF6	additional	chr12	4428154	4445614	ENST00000228837.2	0	3	624	0.5865384615384616	0.0	960.9855769230769	982.5	624	not_tested	
FGFR1	clinical	chr8	38400214	38468834	ENST00000447712.7	1	17	2466	0.5713706407137064	0.00932684509326845	3870.206407137064	3841.5	2466	not_tested	
FGFR2	additional	chr10	121478331	121598458	ENST00000358487.10	1	17	2463	0.5107592367032074	0.013398294762484775	3144.0921640276088	3134.0	2463	not_tested	
FGFR3	additional	chr4	1793292	1808872	ENST00000440486.8	1	17	2418	0.6583953680727874	0.007030603804797354	3639.495864350703	3734.5	2418	not_tested	
FGFR4	additional	chr5	177086904	177098144	ENST00000292408.9	1	17	2406	0.6359102244389028	0.0	5771.83748960931	5727.0	2406	not_tested	
FH	additional	chr1	241497602	241519755	ENST00000366560.4	1	10	1530	0.46013071895424834	0.00849673202614379	1909.8450980392156	1806.0	1530	Deletion Not Detected	
FHIT	additional	chr3	59747276	61251459	ENST00000492590.6	1	5	441	0.5260770975056689	0.0	510.56009070294783	531.0	441	not_tested	
FIP1L1	additional	chr4	53377640	53460862	ENST00000337488.11	1	18	1782	0.4674523007856341	0.12794612794612795	353.05555555555554	263.5	1782	not_tested	
FLCN	additional	chr17	17212211	17237188	ENST00000285071.9	1	11	1737	0.597006332757628	0.0	4272.886586067933	4387.0	1737	not_tested	
FLI1	additional	chr11	128686534	128813267	ENST00000527786.7	1	9	1356	0.556047197640118	0.0	1483.9550147492625	1512.0	1356	not_tested	
FLT1	additional	chr13	28300345	28495145	ENST00000282397.9	1	30	4014	0.452914798206278	0.0	1749.0473343298456	1618.0	4014	not_tested	
FLT3	additional	chr13	28003273	28100592	ENST00000241453.12	1	24	2979	0.4343739509902652	0.0	1518.6273917421954	1503.0	2979	not_tested	
FLT4	additional	chr5	180601505	180649624	ENST00000261937.11	1	30	4089	0.6250917094644167	0.001467351430667645	1404.4377598434826	1448.0	4089	not_tested	
FNBP1	additional	chr9	129887186	130043194	ENST00000446176.7	1	17	1851	0.4689357104267963	0.022690437601296597	655.3257698541329	592.0	1851	not_tested	
FOCAD	not_in_small_variant_workbook	chr9	20658308	20995955	ENST00000380249.5	0	43	5403	0.4538219507680918	0.01036461225245234	207.1897094206922	185.0	5403	not_tested	
FOXA1	additional	chr14	37589551	37596059	ENST00000250448.5	1	2	1416	0.663135593220339	0.026836158192090395	6308.329096045198	6299.0	1416	not_tested	
FOXL2	additional	chr3	138944223	138947137	ENST00000648323.1	1	1	1128	0.723404255319149	0.18971631205673758	3107.491134751773	3061.0	1128	not_tested	
FOXO1	additional	chr13	40555666	40666641	ENST00000379561.6	1	2	1965	0.5806615776081425	0.08346055979643766	685.7547073791349	684.0	1965	not_tested	
FOXO3	additional	chr6	108559834	108684774	ENST00000406360.2	1	2	2019	0.6097077761267955	0.06537890044576523	692.9148093115404	689.0	1930	not_tested	
FOXO4	additional	chrX	71095850	71103532	ENST00000374259.8	1	3	1515	0.5993399339933994	0.0	877.1234323432343	851.0	1515	not_tested	
FOXP1	additional	chr3	70954707	71583989	ENST00000649528.3	1	16	2031	0.5076317085179715	0.009847365829640572	561.8020679468242	518.0	2031	not_tested	
FRS2	additional	chr12	69470348	69579793	ENST00000549921.6	1	5	1524	0.4389763779527559	0.0	537.6981627296587	540.0	1524	not_tested	
FSTL3	additional	chr19	676391	683392	ENST00000166139.9	1	5	789	0.7084917617237009	0.0076045627376425855	1130.6730038022813	1160.0	789	not_tested	
FUBP1	additional	chr1	77944054	77979110	ENST00000370768.7	1	20	1932	0.4834368530020704	0.017080745341614908	1222.7800207039338	1189.0	1932	not_tested	
FUS	additional	chr16	31180137	31191605	ENST00000254108.12	1	15	1578	0.5754119138149556	0.11913814955640051	933.9321926489226	904.0	1578	not_tested	
FYN	additional	chr6	111660331	111873452	ENST00000354650.7	1	11	1611	0.49844816883923027	0.0	695.4686530105524	644.0	1611	not_tested	
GABRA6	additional	chr5	161547062	161702593	ENST00000274545.10	1	9	1359	0.44150110375275936	0.0	659.8005886681383	622.0	1359	not_tested	
GALNT12	additional	chr9	98807669	98850081	ENST00000375011.4	1	10	1743	0.5725760183591508	0.05966724039013196	894.3849684452094	847.0	1743	not_tested	
GATA1	additional	chrX	48786561	48794311	ENST00000376670.9	1	5	1239	0.6133979015334947	0.0	917.2510088781275	891.0	1239	not_tested	
GATA2	additional	chr3	128479426	128493201	ENST00000341105.7	1	5	1440	0.6486111111111111	0.0	1575.275	1510.0	1440	not_tested	
GATA3	additional	chr10	8045377	8075198	ENST00000379328.9	1	5	1332	0.6418918918918919	0.0	4292.288288288289	4267.5	1332	not_tested	
GATA4	additional	chr8	11676958	11760002	ENST00000532059.6	1	6	1329	0.6892400300978179	0.018811136192626036	840.27539503386	724.0	1329	not_tested	
GATA6	additional	chr18	22169588	22202528	ENST00000269216.10	1	6	1785	0.6901960784313725	0.11988795518207283	678.616806722689	625.0	1785	not_tested	
GEN1	additional	chr2	17753857	17788946	ENST00000381254.7	1	13	2724	0.3854625550660793	0.0	361.2727606461087	354.0	2724	not_tested	
GID4	additional	chr17	18039407	18068405	ENST00000268719.9	1	6	900	0.5955555555555555	0.07	536.4533333333334	502.5	900	not_tested	
GLI1	additional	chr12	57459784	57472268	ENST00000228682.7	1	11	3318	0.5913200723327305	0.008740204942736588	1314.802591922845	1325.5	3318	not_tested	
GLI2	additional	chr2	120735622	120992653	ENST00000361492.9	1	13	4707	0.6647546207775653	0.011472275334608031	1165.3741236456342	1116.0	4707	not_tested	
GLT8D1	not_in_small_variant_workbook	chr3	52694485	52706032	ENST00000266014.11	1	9	1113	0.431266846361186	0.0	113.1203953279425	109.0	1113	not_tested	
GLYCTK	not_in_small_variant_workbook	chr3	52287088	52295257	ENST00000436784.7	1	4	1569	0.6290630975143403	0.0	290.1497769279796	292.0	1569	not_tested	
GMPS	additional	chr3	155870649	155944020	ENST00000496455.7	1	16	2079	0.4208754208754209	0.0	406.41029341029343	377.0	2079	not_tested	
GNA11	additional	chr19	3094361	3123999	ENST00000078429.9	1	7	1077	0.6016713091922006	0.0	4483.9247910863505	4823.0	1077	not_tested	
GNA13	additional	chr17	65009288	65056740	ENST00000439174.7	1	4	1131	0.48364279398762156	0.0008841732979664014	2855.473032714412	2651.0	1131	not_tested	
GNAQ	additional	chr9	77716096	78031811	ENST00000286548.9	1	7	1077	0.47725162488393685	0.0	2138.4586815227485	2268.0	1077	not_tested	
GNAS	additional	chr20	58839717	58911192	ENST00000371085.8	1	13	1182	0.5524534686971235	0.0	3852.5067681895093	4055.0	1182	not_tested	
GNL3	not_in_small_variant_workbook	chr3	52681155	52694497	ENST00000418458.6	1	15	1647	0.4353369763205829	0.0	113.16089860352156	112.0	1647	not_tested	
GOPC	additional	chr6	117560268	117602542	ENST00000368498.7	1	9	1386	0.47186147186147187	0.0	1298.8015873015872	914.0	1386	not_tested	
GPC3	additional	chrX	133535744	133985594	ENST00000370818.8	1	8	1740	0.478735632183908	0.01839080459770115	468.03735632183907	430.5	1740	not_tested	
GPR62	not_in_small_variant_workbook	chr3	51955380	51957499	ENST00000322241.6	1	1	1104	0.740036231884058	0.05344202898550725	206.70652173913044	201.0	1104	not_tested	
GPS2	additional	chr17	7311323	7315564	ENST00000380728.7	1	10	981	0.5606523955147809	0.109072375127421	790.6697247706422	798.0	981	not_tested	
GREM1	additional	chr15	32718003	32745106	ENST00000651154.1	1	1	552	0.5851449275362319	0.0	997.179347826087	1052.5	552	not_tested	
GRIN2A	additional	chr16	9753403	10182928	ENST00000330684.4	1	12	4392	0.5229963570127505	0.0	876.6183970856102	853.0	4392	not_tested	
GRM2	not_in_small_variant_workbook	chr3	51707067	51718613	ENST00000395052.8	1	5	2616	0.6100917431192661	0.0	351.23279816513764	338.5	2616	not_tested	
GRM3	additional	chr7	86643913	86864884	ENST00000361669.6	0	5	2637	0.5119453924914675	0.0	919.3530527114145	868.0	2637	not_tested	
GSK3B	additional	chr3	119821320	120094994	ENST00000264235.13	1	11	1260	0.46825396825396826	0.0	491.7079365079365	370.5	1260	not_tested	
HACD4	not_in_small_variant_workbook	chr9	20999508	21031640	ENST00000495827.3	1	7	696	0.39655172413793105	0.0	125.88074712643679	121.0	696	not_tested	
HDAC1	additional	chr1	32292082	32333635	ENST00000373548.8	1	14	1446	0.5006915629322268	0.0	578.6535269709543	587.5	1446	not_tested	
HEMK1	not_in_small_variant_workbook	chr3	50569151	50596168	ENST00000232854.9	1	10	1014	0.596646942800789	0.0	223.8007889546351	233.0	1014	not_tested	
HEY1	additional	chr8	79762370	79767857	ENST00000354724.8	1	5	912	0.5921052631578947	0.0	770.436403508772	834.5	912	not_tested	
HGF	additional	chr7	81699009	81770438	ENST00000222390.11	1	18	2184	0.43727106227106227	0.0	380.90613553113553	345.5	2184	not_tested	
HIF1A	additional	chr14	61695512	61748259	ENST00000337138.9	1	15	2478	0.40799031476997577	0.011702986279257466	988.637610976594	767.0	2478	Deletion Not Detected	
HLA-A	clinical	chr6	29941259	29945884	ENST00000376809.10	1	8	1095	0.6383561643835617	0.0	903.9050228310502	867.0	1095	not_tested	
HLA-B	clinical	chr6	31353871	31357188	ENST00000412585.7	1	7	1086	0.641804788213628	0.001841620626151013	910.4806629834254	856.0	1086	not_tested	
HLA-C	clinical	chr6	31268748	31272130	ENST00000376228.9	0	8	1098	0.651183970856102	0.0	962.3952641165756	899.0	1098	not_tested	
HLF	additional	chr17	55264959	55325187	ENST00000226067.10	1	4	885	0.5694915254237288	0.0	853.3005649717514	847.0	885	not_tested	
HMGA2	additional	chr12	65824459	65966291	ENST00000403681.7	1	5	327	0.581039755351682	0.0	352.3394495412844	257.0	327	not_tested	
HNF1A	additional	chr12	120978542	121002512	ENST00000257555.11	1	10	1893	0.6439513998943476	0.03169572107765452	5186.582673005811	5181.0	1893	not_tested	
HOOK3	additional	chr8	42896945	43030535	ENST00000307602.9	1	22	2154	0.41225626740947074	0.0	513.3203342618384	475.0	2154	not_tested	
HOXA11	additional	chr7	27181156	27185232	ENST00000006015.4	1	2	939	0.6166134185303515	0.1650692225772098	950.6485623003194	765.0	939	not_tested	
HOXA13	additional	chr7	27193502	27200091	ENST00000649031.1	1	2	1164	0.686426116838488	0.18900343642611683	785.5541237113403	815.5	1164	not_tested	
HOXA9	additional	chr7	27162437	27175180	ENST00000343483.7	1	2	816	0.6200980392156863	0.08333333333333333	1144.2328431372548	1149.5	816	not_tested	
HOXB13	additional	chr17	48724762	48728750	ENST00000290295.8	1	2	852	0.6220657276995305	0.0	4935.656103286385	4976.0	852	not_tested	
HOXD13	additional	chr2	176092720	176095944	ENST00000392539.4	1	2	1029	0.6355685131195336	0.09329446064139942	625.6073858114675	637.0	1029	not_tested	
HRAS	clinical	chr11	532241	537287	ENST00000311189.8	1	4	567	0.5925925925925926	0.0	5179.705467372134	5296.0	567	not_tested	
HRG	additional	chr3	186660215	186678234	ENST00000232003.5	1	7	1575	0.4946031746031746	0.0	887.015873015873	796.0	1575	not_tested	
HSD3B1	additional	chr1	119507197	119515054	ENST00000369413.8	1	3	1119	0.5120643431635389	0.0	595.3226094727435	573.0	1119	not_tested	
HSP90AA1	additional	chr14	102080741	102139699	ENST00000216281.13	1	10	2196	0.4216757741347905	0.12386156648451731	889.9052823315118	823.0	2196	not_tested	
HSP90AB1	additional	chr6	44246165	44253888	ENST00000371646.10	1	11	2172	0.47559852670349906	0.04281767955801105	925.2458563535912	794.5	2172	not_tested	
ID2	additional	chr2	8678844	8684461	ENST00000396290.2	1	2	402	0.554726368159204	0.0	1041.636815920398	1104.0	402	not_tested	
ID3	additional	chr1	23557925	23559501	ENST00000374561.6	1	2	357	0.6414565826330533	0.0	816.498599439776	741.0	357	not_tested	
IDH1	clinical	chr2	208236228	208266074	ENST00000345146.7	1	8	1242	0.44605475040257647	0.0	2021.4001610305959	1984.5	1242	not_tested	
IDH2	clinical	chr15	90083044	90102477	ENST00000330062.8	1	11	1356	0.5825958702064897	0.0	4580.922566371682	4797.5	1356	not_tested	
IFNA1	not_in_small_variant_workbook	chr9	21440438	21441316	ENST00000276927.3	1	1	567	0.4991181657848324	0.0	57.638447971781304	31.0	314	not_tested	
IFNA10	not_in_small_variant_workbook	chr9	21206180	21207143	ENST00000357374.2	1	1	567	0.47971781305114636	0.0	548.8783068783068	558.0	567	not_tested	
IFNA13	not_in_small_variant_workbook	chr9	21367423	21368962	ENST00000610660.1	0	1	570	0.5	0.0	161.05789473684212	91.5	384	not_tested	
IFNA14	not_in_small_variant_workbook	chr9	21239001	21240005	ENST00000380222.4	1	1	567	0.4620811287477954	0.0	559.0687830687831	649.0	567	not_tested	
IFNA16	not_in_small_variant_workbook	chr9	21216372	21217311	ENST00000380216.1	1	1	567	0.47266313932980597	0.0	608.4021164021163	620.0	567	not_tested	
IFNA17	not_in_small_variant_workbook	chr9	21227242	21228222	ENST00000413767.2	1	1	567	0.4708994708994709	0.0	571.8007054673722	628.0	567	not_tested	
IFNA2	not_in_small_variant_workbook	chr9	21384254	21385398	ENST00000380206.4	1	1	564	0.48936170212765956	0.0	244.9450354609929	247.0	564	not_tested	
IFNA21	not_in_small_variant_workbook	chr9	21165636	21166660	ENST00000380225.1	1	1	567	0.47795414462081126	0.0	743.0864197530864	742.0	567	not_tested	
IFNA4	not_in_small_variant_workbook	chr9	21186693	21187671	ENST00000421715.2	0	1	567	0.48324514991181655	0.0	541.5238095238095	556.0	567	not_tested	
IFNA5	not_in_small_variant_workbook	chr9	21304325	21305312	ENST00000610521.1	0	1	567	0.4638447971781305	0.0	606.7213403880071	586.0	567	not_tested	
IFNA6	not_in_small_variant_workbook	chr9	21349834	21351378	ENST00000380210.1	0	1	567	0.49559082892416223	0.0	607.1022927689594	636.0	567	not_tested	
IFNA7	not_in_small_variant_workbook	chr9	21201468	21202205	ENST00000239347.3	1	1	567	0.47266313932980597	0.0	593.8271604938271	597.0	567	not_tested	
IFNA8	not_in_small_variant_workbook	chr9	21409116	21410185	ENST00000380205.2	1	1	567	0.47266313932980597	0.0	212.48500881834215	209.0	567	not_tested	
IFNB1	not_in_small_variant_workbook	chr9	21077103	21077942	ENST00000380232.4	1	1	561	0.4474153297682709	0.0	140.93226381461676	142.0	561	not_tested	
IFNE	not_in_small_variant_workbook	chr9	21480838	21482313	ENST00000448696.4	1	1	624	0.4310897435897436	0.0	58.142628205128204	59.0	624	not_tested	
IFNGR1	additional	chr6	137197484	137219449	ENST00000367739.9	1	7	1467	0.40899795501022496	0.0	357.66394001363324	354.0	1467	not_tested	
IFNW1	not_in_small_variant_workbook	chr9	21140213	21142145	ENST00000380229.3	0	1	585	0.5128205128205128	0.0	198.9008547008547	194.0	585	not_tested	
IGF1R	additional	chr15	98648538	98964530	ENST00000650285.1	1	21	4101	0.5510851011948306	0.0	1221.5386491099732	1240.0	4101	not_tested	
IGF2	additional	chr11	2129111	2141238	ENST00000416167.7	1	3	540	0.6518518518518519	0.05	2357.251851851852	2249.0	540	not_tested	
IKBKE	additional	chr1	206470475	206496889	ENST00000581977.7	1	20	2148	0.5945065176908753	0.0	1300.7220670391062	1313.5	2148	not_tested	
IKZF1	additional	chr7	50304067	50405101	ENST00000331340.8	1	7	1557	0.5793192035966602	0.0	1001.2517662170841	973.0	1557	Deletion Not Detected	
IL17RB	not_in_small_variant_workbook	chr3	53846567	53865794	ENST00000288167.8	1	11	1506	0.4913678618857902	0.0	160.2104913678619	132.5	1506	not_tested	
IL7R	additional	chr5	35852694	35879603	ENST00000303115.8	1	8	1377	0.4400871459694989	0.0	689.9469862018882	672.0	1377	not_tested	
INHBA	additional	chr7	41667167	41705834	ENST00000242208.5	1	2	1278	0.5579029733959311	0.06729264475743349	1057.4068857589984	997.0	1278	not_tested	
INPP4B	additional	chr4	142023159	142847432	ENST00000513000.5	0	23	2772	0.4401154401154401	0.004329004329004329	315.8430735930736	314.0	2772	not_tested	
IQCF1	not_in_small_variant_workbook	chr3	51894875	51903353	ENST00000310914.10	1	4	615	0.5528455284552846	0.0	234.31056910569106	281.0	615	not_tested	
IQCF2	not_in_small_variant_workbook	chr3	51861614	51863424	ENST00000333127.4	1	3	492	0.5203252032520326	0.0	327.640243902439	382.0	492	not_tested	
IQCF3	not_in_small_variant_workbook	chr3	51826882	51830856	ENST00000437810.6	0	3	462	0.5584415584415584	0.0	264.11471861471864	278.0	462	not_tested	
IQCF5	not_in_small_variant_workbook	chr3	51873720	51875601	ENST00000446461.2	1	2	444	0.5337837837837838	0.0	270.75	270.0	444	not_tested	
IQCF6	not_in_small_variant_workbook	chr3	51778560	51779241	ENST00000667863.2	1	2	438	0.5753424657534246	0.0	292.6506849315069	283.5	438	not_tested	
IRF1	additional	chr5	132440439	132508719	ENST00000245414.9	1	9	975	0.5466666666666666	0.0	930.4738461538461	904.0	975	not_tested	
IRF2	additional	chr4	184387728	184474550	ENST00000393593.8	1	8	1047	0.5081184336198663	0.0	842.2502387774595	881.0	1047	not_tested	
IRF4	additional	chr6	391751	411443	ENST00000380956.9	1	8	1353	0.5779748706577975	0.027346637102734665	4529.6319290465635	4752.0	1353	not_tested	
IRS2	additional	chr13	109752694	109786583	ENST00000375856.5	1	2	4014	0.7269556552067763	0.08744394618834081	623.3056801195814	613.0	4014	not_tested	
ITIH1	not_in_small_variant_workbook	chr3	52777594	52792068	ENST00000273283.7	1	22	2733	0.5572630808635199	0.0	245.78960848884012	237.0	2733	not_tested	
ITIH3	not_in_small_variant_workbook	chr3	52794767	52809009	ENST00000449956.2	0	22	2670	0.5441947565543072	0.0	277.3928838951311	270.5	2670	not_tested	
ITIH4	not_in_small_variant_workbook	chr3	52812961	52830688	ENST00000266041.9	1	24	2790	0.5688172043010753	0.0	273.2487455197133	280.0	2790	not_tested	
ITK	additional	chr5	157142932	157255185	ENST00000422843.8	1	17	1860	0.4860215053763441	0.0	554.2908602150537	536.0	1860	not_tested	
JAK1	additional	chr1	64833228	65067754	ENST00000342505.5	1	24	3462	0.47862507221259387	0.0	2586.997111496245	2691.0	3462	Deletion Not Detected	
JAK2	additional	chr9	4984389	5129948	ENST00000381652.4	1	23	3396	0.3875147232037691	0.0	1123.549175500589	1076.0	3396	Deletion Not Detected	
JAK3	additional	chr19	17824779	17848071	ENST00000458235.7	1	23	3372	0.622479240806643	0.0029655990510083037	7322.581257413997	7322.5	3372	not_tested	
JAZF1	additional	chr7	27830572	28180795	ENST00000283928.10	1	5	729	0.5404663923182441	0.0	841.914951989026	878.0	729	not_tested	
JUN	additional	chr1	58776844	58784048	ENST00000371222.4	1	1	993	0.6445115810674723	0.1701913393756294	872.9546827794562	823.0	993	not_tested	
KAT6A	additional	chr8	41929478	42051994	ENST00000265713.8	1	16	6012	0.49318030605455754	0.029773785761809713	930.8060545575515	834.5	6012	not_tested	
KAT6B	additional	chr10	74824926	75032624	ENST00000287239.10	1	16	6219	0.48255346518732917	0.05338478855121402	766.7920887602509	679.0	6219	not_tested	
KBTBD4	clinical	chr11	47572196	47578976	ENST00000430070.7	1	4	1602	0.5218476903870163	0.031835205992509365	389.1710362047441	348.0	1602	not_tested	
KCNJ5	additional	chr11	128891355	128921163	ENST00000529694.6	1	2	1257	0.5672235481304694	0.0	1435.6968973747016	1496.0	1257	not_tested	
KDM5A	additional	chr12	280056	389320	ENST00000399788.7	1	28	5070	0.46646942800788954	0.016765285996055226	607.1966469428008	568.0	5070	not_tested	
KDM5C	additional	chrX	53191320	53225422	ENST00000375401.8	1	26	4680	0.583974358974359	0.013034188034188035	2927.792094017094	2934.0	4680	not_tested	
KDM6A	clinical	chrX	44873187	45112779	ENST00000611820.5	1	30	4359	0.4471208992888277	0.007111722872218399	1406.2931865106675	1138.0	4359	not_tested	
KDR	additional	chr4	55078480	55125595	ENST00000263923.5	0	30	4068	0.4717305801376598	0.0	1669.8623402163225	1594.5	4068	not_tested	
KDSR	additional	chr18	63327725	63367228	ENST00000645214.2	1	10	996	0.4879518072289157	0.0	581.4487951807229	464.0	996	not_tested	
KEAP1	additional	chr19	10486124	10503558	ENST00000171111.10	1	5	1872	0.6175213675213675	0.0	4911.577991452991	5004.0	1872	Deletion Not Detected	
KEL	additional	chr7	142941113	142962363	ENST00000355265.7	1	19	2196	0.5569216757741348	0.0	568.0878870673953	580.0	2196	not_tested	
KIAA1549	additional	chr7	138831380	138981389	ENST00000422774.2	1	20	5850	0.5552136752136753	0.013675213675213675	617.5567521367522	593.0	5850	not_tested	
KIF1B	additional	chr1	10210569	10381603	ENST00000676179.1	1	48	5448	0.4851321585903084	0.004588839941262849	492.1514317180617	450.0	5448	not_tested	
KIF5B	additional	chr10	32009014	32056425	ENST00000302418.5	1	25	2889	0.4035998615437868	0.02353755624783662	1181.2841813776392	1098.0	2889	not_tested	
KIT	clinical	chr4	54657917	54740715	ENST00000288135.6	1	21	2928	0.4494535519125683	0.0	1746.1041666666667	1636.5	2928	not_tested	
KLF4	clinical	chr9	107484851	107490482	ENST00000374672.5	1	5	1437	0.6555323590814196	0.029923451635351428	4252.787752261656	4219.0	1437	not_tested	
KLHL6	additional	chr3	183487550	183555706	ENST00000341319.8	1	7	1863	0.5432098765432098	0.0	1304.6210413311862	1257.0	1863	not_tested	
KLHL9	not_in_small_variant_workbook	chr9	21329664	21335404	ENST00000359039.5	1	1	1851	0.413290113452188	0.03349540788762831	165.1820637493247	169.0	1851	not_tested	
KLK2	additional	chr19	50861567	50880567	ENST00000325321.8	1	5	783	0.5747126436781609	0.0	1446.5185185185185	1406.0	783	not_tested	
KMT2A	clinical	chr11	118436489	118526832	ENST00000534358.8	1	36	11916	0.4812856663309836	0.022322927156764014	2998.6878986236993	2938.0	11916	Deletion Not Detected	
KMT2C	clinical	chr7	152134921	152436641	ENST00000262189.11	1	59	14733	0.45971628317382746	0.012896219371478992	1629.1529220118102	1508.0	14733	Deletion Not Detected	
KMT2D	clinical	chr12	49018977	49060794	ENST00000301067.12	1	54	16611	0.6013485040033713	0.024381433989525015	5346.394919029559	5278.0	16611	Deletion Not Detected	
KMT5C	not_in_small_variant_workbook	chr19	55339852	55348121	ENST00000255613.8	1	8	1386	0.6746031746031746	0.12987012987012986	872.966810966811	865.0	1386	Deletion Not Detected	
KRAS	clinical	chr12	25205245	25250936	ENST00000311936.8	1	4	564	0.3776595744680851	0.0	1491.4397163120568	1467.5	564	not_tested	
LCK	additional	chr1	32251238	32286165	ENST00000336890.10	1	12	1527	0.581532416502947	0.0	934.3752455795678	997.0	1527	not_tested	
LDLR	additional	chr19	11089461	11133820	ENST00000558518.6	1	18	2580	0.5848837209302326	0.0	1156.070542635659	1116.5	2580	not_tested	
LHFPL6	additional	chr13	39209115	39603528	ENST00000379589.4	1	3	600	0.575	0.0	945.9383333333334	975.5	600	not_tested	
LIFR	additional	chr5	38474667	38608354	ENST00000453190.7	1	19	3291	0.38833181403828626	0.0	606.0057733211789	564.0	3291	not_tested	
LIG1	additional	chr19	48115444	48170603	ENST00000263274.12	1	27	2757	0.6035545883206384	0.0	1249.7301414581066	1237.0	2757	not_tested	
LMNA	additional	chr1	156082572	156140081	ENST00000368300.9	1	12	1992	0.6335341365461847	0.0	1149.10140562249	1110.0	1992	not_tested	
LMO1	additional	chr11	8224308	8268716	ENST00000335790.8	1	4	468	0.5683760683760684	0.0	1487.6858974358975	1451.0	468	not_tested	
LMO2	additional	chr11	33858575	33892076	ENST00000257818.3	1	4	681	0.6343612334801763	0.04405286343612335	1008.0205580029368	1135.0	681	not_tested	
LPP	additional	chr3	188153283	188890671	ENST00000640853.1	0	9	1836	0.5484749455337691	0.004901960784313725	1219.9297385620914	1131.5	1836	not_tested	
LRP1B	additional	chr2	140231422	142131016	ENST00000389484.8	1	91	13797	0.42813655142422263	0.007175472928897586	433.95390302239616	423.0	13797	not_tested	
LTK	additional	chr15	41503636	41513887	ENST00000263800.11	1	20	2592	0.6481481481481481	0.024691358024691357	1224.3827160493827	1243.0	2592	not_tested	
LYN	additional	chr8	55879834	56014169	ENST00000519728.6	1	12	1536	0.466796875	0.0	637.2994791666666	570.0	1536	not_tested	
LZTR1	additional	chr22	20982268	20999032	ENST00000646124.2	1	21	2520	0.6071428571428571	0.0	4188.332142857143	4247.5	2520	not_tested	
MAF	additional	chr16	79585842	79600737	ENST00000326043.5	1	2	1209	0.6906534325889164	0.04880066170388751	865.9735318444996	815.0	1209	not_tested	
MAFB	additional	chr20	40685847	40689236	ENST00000373313.3	1	1	969	0.6718266253869969	0.08152734778121776	1080.8214654282765	1006.0	969	not_tested	
MAGI2	additional	chr7	78017054	79453667	ENST00000354212.9	1	22	4365	0.5505154639175258	0.013516609392898053	830.0760595647193	758.0	4365	not_tested	
MALT1	additional	chr18	58671464	58754477	ENST00000649217.2	1	17	2472	0.43972491909385114	0.0008090614886731392	444.49716828478967	390.5	2472	not_tested	
MAML2	additional	chr11	95976597	96343195	ENST00000524717.6	1	5	3468	0.5198961937716263	0.07958477508650519	1063.7961361014993	891.5	3468	not_tested	
MANF	not_in_small_variant_workbook	chr3	51385290	51389397	ENST00000528157.7	1	4	546	0.5164835164835165	0.018315018315018316	208.22893772893772	209.5	546	not_tested	
MAP2K1	additional	chr15	66386836	66491544	ENST00000307102.10	1	11	1179	0.5292620865139949	0.0	3516.117048346056	3537.0	1179	not_tested	
MAP2K2	additional	chr19	4090320	4124122	ENST00000262948.10	1	11	1200	0.6158333333333333	0.0	4356.345833333334	4553.5	1200	not_tested	
MAP2K4	additional	chr17	12020828	12143830	ENST00000353533.10	1	11	1197	0.4519632414369256	0.031746031746031744	1282.814536340852	1317.0	1197	not_tested	
MAP3K1	additional	chr5	56815548	56896152	ENST00000399503.4	1	20	4536	0.4858906525573192	0.04739858906525573	1752.1677689594355	1698.0	4536	not_tested	
MAP3K13	additional	chr3	185282940	185489094	ENST00000265026.8	1	13	2898	0.5020703933747412	0.0	970.0848861283644	885.5	2898	not_tested	
MAPK1	additional	chr22	21759656	21867680	ENST00000215832.11	1	8	1080	0.4759259259259259	0.025925925925925925	2137.3268518518516	2163.5	1080	not_tested	
MAPK3	additional	chr16	30114104	30123506	ENST00000263025.9	1	8	1137	0.5971855760773966	0.0	1076.693051890941	1085.0	1137	not_tested	
MAPKAPK3	not_in_small_variant_workbook	chr3	50611519	50649291	ENST00000621469.5	1	10	1146	0.5698080279232112	0.0	236.07068062827224	234.0	1146	not_tested	
MAX	additional	chr14	65006173	65102695	ENST00000358664.9	1	5	480	0.54375	0.0	5690.385416666667	6301.5	480	not_tested	
MBD4	additional	chr3	129430946	129440179	ENST00000429544.7	1	8	1722	0.4169570267131243	0.01684088269454123	446.38327526132406	435.0	1722	not_tested	
MCL1	additional	chr1	150560894	150579738	ENST00000369026.3	1	3	1050	0.6104761904761905	0.0	948.4047619047619	772.5	1050	not_tested	
MDC1	additional	chr6	30699806	30717447	ENST00000376406.8	1	14	6267	0.5471517472474868	0.0	2440.47598531993	1491.0	6267	not_tested	
MDH2	additional	chr7	76048050	76067508	ENST00000315758.10	1	9	1014	0.5729783037475346	0.0	229.79980276134123	200.0	1014	not_tested	
MDM2	additional	chr12	68808176	68850686	ENST00000539479.6	0	10	1473	0.40054310930074677	0.0	496.54854039375425	482.0	1473	not_tested	
MDM4	additional	chr1	204516378	204558120	ENST00000367182.8	1	10	1470	0.42585034013605444	0.0	448.7360544217687	463.5	1470	not_tested	
MECOM	additional	chr3	169083498	169663775	ENST00000651503.2	1	17	3717	0.4562819478073715	0.025289211729889696	463.78934624697337	491.0	3717	not_tested	
MED12	additional	chrX	71118555	71142454	ENST00000374080.8	1	45	6531	0.5469300260297045	0.04455672944418925	2551.466850405757	2541.0	6531	not_tested	
MEF2B	additional	chr19	19145566	19192131	ENST00000424583.7	1	8	1104	0.6702898550724637	0.0	2408.2753623188405	2169.0	1104	not_tested	
MEF2C	not_in_small_variant_workbook	chr5	88717116	88904257	ENST00000504921.7	1	10	1419	0.5052854122621564	0.0	171.1522198731501	135.0	1419	not_tested	
MEN1	clinical	chr11	64803509	64811294	ENST00000450708.7	1	9	1830	0.6295081967213115	0.007103825136612022	5290.709836065574	5344.5	1830	Deletion Not Detected	
MERTK	additional	chr2	111898606	112029561	ENST00000295408.9	1	19	2997	0.4894894894894895	0.0	701.2105438772105	656.0	2997	not_tested	
MET	clinical	chr7	116672195	116798377	ENST00000397752.8	1	20	4170	0.43597122302158275	0.0	1217.4966426858514	1176.0	4170	not_tested	
MGA	additional	chr15	41621223	41773081	ENST00000219905.11	0	23	9195	0.44045676998368677	0.008809135399673736	538.7847743338771	516.0	9195	not_tested	
MGMT	additional	chr10	129467189	129770983	ENST00000651593.1	1	4	621	0.605475040257649	0.0	1162.438003220612	1172.0	621	Deletion Not Detected	
MITF	additional	chr3	69739463	69968336	ENST00000352241.9	1	10	1578	0.5082382762991128	0.027249683143219267	2641.8593155893536	2533.5	1578	not_tested	
MKNK1	additional	chr1	46557406	46616843	ENST00000371945.10	1	11	1236	0.5509708737864077	0.0	588.2152103559871	461.5	1236	not_tested	
MLF1	additional	chr3	158571162	158607252	ENST00000466246.7	1	8	849	0.41578327444051827	0.0	382.37573616018847	395.0	849	not_tested	
MLH1	additional	chr3	36993349	37050846	ENST00000231790.8	1	19	2268	0.4651675485008818	0.0	2500.132275132275	2462.0	2268	Deletion Not Detected	
MLH3	additional	chr14	75013768	75051532	ENST00000355774.7	1	12	4359	0.40903877036017433	0.0	2840.563661390227	2725.0	4359	not_tested	
MLLT10	additional	chr10	21524645	21743630	ENST00000307729.12	1	22	3204	0.4541198501872659	0.0299625468164794	426.4965667915106	437.0	3204	not_tested	
MLLT11	additional	chr1	151060396	151069544	ENST00000368921.5	1	1	270	0.5333333333333333	0.0	865.337037037037	883.0	270	not_tested	
MLLT3	additional	chr9	20341668	20622499	ENST00000380338.9	1	11	1704	0.4471830985915493	0.0897887323943662	729.987676056338	586.5	1704	not_tested	
MN1	additional	chr22	27748276	27801756	ENST00000302326.5	1	2	3960	0.6840909090909091	0.05404040404040404	1139.5934343434344	1028.5	3960	not_tested	
MPL	additional	chr1	43337817	43354466	ENST00000372470.9	1	12	1905	0.5921259842519685	0.0	3594.566929133858	3689.0	1905	not_tested	
MRE11	additional	chr11	94415569	94493885	ENST00000323929.8	1	19	2124	0.4011299435028249	0.0	977.34934086629	888.5	2124	Deletion Not Detected	
MSH2	additional	chr2	47403066	47663146	ENST00000233146.7	1	16	2802	0.41291934332619556	0.0035688793718772305	2175.5845824411135	1848.5	2802	Deletion Not Detected	
MSH3	additional	chr5	80654651	80876815	ENST00000265081.7	1	24	3411	0.4233362650249194	0.009674582233948988	1174.3066549399002	1130.0	3411	not_tested	
MSH6	additional	chr2	47695529	47810063	ENST00000234420.11	1	10	4080	0.44901960784313727	0.0	2550.327205882353	2532.5	4080	Deletion Not Detected	
MSI2	additional	chr17	57255850	57684689	ENST00000284073.7	1	13	984	0.5284552845528455	0.0	554.905487804878	501.0	984	not_tested	
MST1R	additional	chr3	49887001	49903873	ENST00000296474.8	1	20	4200	0.5983333333333334	0.0	1073.5988095238095	1066.0	4200	not_tested	
MTAP	additional	chr9	21802635	21937651	ENST00000644715.2	1	8	849	0.48056537102473496	0.0	202.90459363957598	220.0	849	Deleted	0.80
MTCP1	additional	chrX	155064033	155147937	ENST00000369476.8	1	3	321	0.5482866043613707	0.0	583.1401869158879	553.0	321	not_tested	
MTOR	additional	chr1	11106534	11262551	ENST00000361445.9	1	57	7647	0.531581012161632	0.006015430887929907	2646.03360795083	2589.0	7647	not_tested	
MUC1	additional	chr1	155185823	155192916	ENST00000337604.6	0	8	819	0.5213675213675214	0.0	893.8583638583639	925.0	819	not_tested	
MUS81	additional	chr11	65857125	65867653	ENST00000308110.9	1	16	1653	0.6291591046581972	0.0	1188.9570477918935	1146.0	1653	not_tested	
MUSTN1	not_in_small_variant_workbook	chr3	52833113	52835019	ENST00000446157.3	1	3	246	0.6056910569105691	0.0	307.0447154471545	285.0	246	not_tested	
MUTYH	additional	chr1	45329162	45340893	ENST00000456914.7	1	15	1563	0.6097248880358286	0.021753039027511197	4782.022392834293	4897.0	1563	not_tested	
MYB	additional	chr6	135181307	135219173	ENST00000341911.10	1	16	2283	0.4734997809899255	0.0	382.4756898817346	392.0	2283	not_tested	
MYC	additional	chr8	127735433	127742951	ENST00000621592.8	1	3	1362	0.5881057268722467	0.039647577092511016	4665.307635829662	4884.0	1362	not_tested	
MYCL	additional	chr1	39895425	39902256	ENST00000372816.3	1	2	1092	0.6144688644688645	0.039377289377289376	1026.224358974359	1030.5	1092	not_tested	
MYCN	additional	chr2	15940549	15947007	ENST00000281043.4	1	2	1392	0.6594827586206896	0.14295977011494254	4602.704741379311	4330.5	1392	not_tested	
MYD88	additional	chr3	38138477	38143022	ENST00000650905.2	1	5	888	0.588963963963964	0.0	3840.9504504504503	3952.0	888	not_tested	
MYH11	additional	chr16	15703134	15857028	ENST00000300036.6	1	40	5916	0.5644016227180527	0.005070993914807302	1084.9680527383366	1091.0	5916	not_tested	
MYH9	additional	chr22	36281279	36387967	ENST00000216181.11	1	40	5880	0.5921768707482993	0.026530612244897958	1363.5559523809525	1331.0	5880	not_tested	
MYOD1	additional	chr11	17719570	17722136	ENST00000250003.4	1	3	960	0.7010416666666667	0.0	294.1010416666667	276.0	960	not_tested	
NBN	additional	chr8	89933330	90003228	ENST00000265433.8	1	16	2262	0.3828470380194518	0.0	1617.5570291777187	1584.0	2262	Deletion Not Detected	
NCOA2	additional	chr8	70109781	70403808	ENST00000452400.7	1	21	4392	0.497040072859745	0.0	874.8458561020036	806.0	4392	not_tested	
NCOA3	additional	chr20	47501886	47656877	ENST00000371998.8	1	21	4272	0.46769662921348315	0.020365168539325844	747.0793539325842	597.0	4272	not_tested	
NCOA4	additional	chr10	46005087	46030623	ENST00000581486.6	1	9	1842	0.46905537459283386	0.0	552.8061889250814	550.0	1842	not_tested	
NCOR1	additional	chr17	16029156	16218185	ENST00000268712.8	1	45	7320	0.48415300546448087	0.018852459016393444	483.246174863388	455.0	7320	not_tested	
NDRG1	additional	chr8	133237174	133302022	ENST00000323851.13	1	15	1182	0.5956006768189509	0.0	1142.2123519458544	1117.5	1182	not_tested	
NEK4	not_in_small_variant_workbook	chr3	52708443	52770946	ENST00000233027.10	1	16	2523	0.47522790328973447	0.054696789536266346	146.418945699564	142.0	2385	not_tested	
NF1	clinical	chr17	31094926	31382116	ENST00000358273.9	1	58	8517	0.42949395326993073	0.0	2133.2463308676765	2085.0	8517	Deletion Not Detected	
NF2	clinical	chr22	29603555	29698598	ENST00000338641.10	1	16	1785	0.5098039215686274	0.0	3393.388795518207	3573.0	1785	Deletion Not Detected	
NFE2L2	clinical	chr2	177227594	177392697	ENST00000397062.8	1	5	1815	0.4308539944903581	0.027548209366391185	2728.31955922865	2651.0	1815	Deletion Not Detected	
NFIB	additional	chr9	14081842	14398983	ENST00000380953.6	1	11	1482	0.48380566801619435	0.0	2147.0209176788126	2145.5	1482	not_tested	
NFKB2	additional	chr10	102394109	102402524	ENST00000661543.1	1	22	2700	0.6118518518518519	0.0	1231.2544444444445	1268.5	2700	not_tested	
NFKBIA	additional	chr14	35401512	35404749	ENST00000216797.10	1	6	951	0.5920084121976866	0.0	5196.617245005257	5187.0	951	not_tested	
NFKBIE	additional	chr6	44258165	44265788	ENST00000619360.6	1	6	1083	0.628808864265928	0.0110803324099723	1610.2068328716528	1621.0	1083	not_tested	
NIN	additional	chr14	50719762	50831162	ENST00000530997.7	1	29	6399	0.46272855133614627	0.08313799031098609	911.2925457102672	877.0	6399	not_tested	
NISCH	not_in_small_variant_workbook	chr3	52455117	52493068	ENST00000345716.9	1	21	4512	0.6061613475177305	0.07424645390070922	286.05895390070924	272.0	4512	not_tested	
NKX2-1	additional	chr14	36516391	36521149	ENST00000354822.7	1	3	1203	0.7082294264339152	0.10058187863674148	1104.9767248545304	1142.0	1203	not_tested	
NONO	additional	chrX	71254813	71301522	ENST00000276079.13	1	10	1413	0.5152158527954707	0.04670912951167728	679.4232130219391	618.0	1413	not_tested	
NOTCH1	clinical	chr9	136494432	136546048	ENST00000651671.1	1	34	7665	0.6584474885844749	0.012785388127853882	4443.277625570776	4518.0	7665	Deletion Not Detected	
NOTCH2	additional	chr1	119911552	120100779	ENST00000256646.7	1	34	7413	0.5374342371509511	0.0	822.4790233373802	808.0	7331	Deletion Not Detected	
NOTCH3	additional	chr19	15159037	15200995	ENST00000263388.7	1	33	6963	0.6643688065489013	0.024414763751256643	1263.0588826655178	1283.0	6963	not_tested	
NPM1	additional	chr5	171387115	171411810	ENST00000296930.10	1	11	882	0.4217687074829932	0.10204081632653061	2241.345804988662	1908.5	882	not_tested	
NR4A3	additional	chr9	99821854	99866891	ENST00000395097.7	1	6	1878	0.582534611288605	0.024494142705005325	619.2561235356762	614.0	1878	not_tested	
NRAS	clinical	chr1	114704468	114716771	ENST00000369535.5	1	4	567	0.4462081128747795	0.0	1847.805996472663	1772.0	567	not_tested	
NSD1	additional	chr5	177133024	177300213	ENST00000439151.7	1	22	8088	0.4725519287833828	0.0	3997.9558605341244	3518.0	8088	not_tested	
NSD2	additional	chr4	1871392	1982207	ENST00000508803.6	1	21	4095	0.525030525030525	0.0	3033.610744810745	3187.0	4095	not_tested	
NSD3	additional	chr8	38269703	38382272	ENST00000317025.13	1	23	4311	0.4453723034098817	0.006263048016701462	278.31570401299	184.0	4311	not_tested	
NT5C2	additional	chr10	103087184	103277605	ENST00000404739.8	1	17	1683	0.4474153297682709	0.023172905525846704	565.2091503267974	507.0	1683	not_tested	
NT5DC2	not_in_small_variant_workbook	chr3	52524384	52535054	ENST00000422318.7	1	14	1671	0.6146020347097546	0.02872531418312388	262.78575703171754	229.0	1671	not_tested	
NTHL1	additional	chr16	2039814	2047866	ENST00000651570.2	1	6	912	0.6414473684210527	0.04057017543859649	4436.774122807017	4650.5	912	not_tested	
NTRK1	clinical	chr1	156815639	156881850	ENST00000524377.7	1	17	2388	0.628140703517588	0.0	4794.114740368509	4840.0	2388	not_tested	
NTRK2	clinical	chr9	84668550	85027054	ENST00000277120.8	1	18	2514	0.5007955449482896	0.0	2755.546937151949	2374.0	2514	not_tested	
NTRK3	clinical	chr15	87859750	88256768	ENST00000394480.6	0	17	2475	0.5462626262626262	0.0	3747.110303030303	3793.0	2475	not_tested	
NUP214	additional	chr9	131125585	131234663	ENST00000359428.10	1	36	6270	0.5185007974481659	0.012440191387559809	742.0341307814992	713.5	6270	not_tested	
NUP93	additional	chr16	56730117	56850286	ENST00000308159.10	1	21	2457	0.5144485144485145	0.0	699.2319902319903	556.0	2457	not_tested	
NUP98	additional	chr11	3671082	3797792	ENST00000324932.12	1	32	5400	0.47555555555555556	0.0	656.7522222222223	596.0	5400	not_tested	
NUTM1	additional	chr15	34343314	34357737	ENST00000537011.6	1	8	3480	0.5522988505747126	0.033045977011494254	1068.5686781609195	1062.5	3480	not_tested	
NYNRIN	additional	chr14	24399002	24419283	ENST00000382554.4	1	8	5694	0.5932560590094836	0.013171759747102213	484.2023182297155	468.0	5694	not_tested	
OLIG2	additional	chr21	33025934	33029196	ENST00000382357.4	1	1	969	0.7069143446852425	0.14035087719298245	683.1919504643963	679.0	969	not_tested	
P2RY8	additional	chrY	1462580	1537185	ENST00000381297.10_PAR_Y	1	1	1077	0.6406685236768802	0.0	0.0	0.0	0	not_tested	
PAFAH1B2	additional	chr11	117144283	117176894	ENST00000527958.6	1	5	687	0.47161572052401746	0.0	818.8049490538574	803.0	687	not_tested	
PAK1	additional	chr11	77322016	77474635	ENST00000356341.8	1	14	1635	0.4782874617737003	0.01712538226299694	608.7455657492354	594.0	1635	not_tested	
PAK3	additional	chrX	110944284	111227361	ENST00000372007.10	1	14	1632	0.4424019607843137	0.024509803921568627	329.2714460784314	322.0	1632	not_tested	
PAK4	not_in_small_variant_workbook	chr19	39125769	39182816	ENST00000358301.7	0	8	1773	0.6683587140439933	0.01804850535815003	372.3581500282008	357.0	1773	Deletion Not Detected	
PALB2	clinical	chr16	23603159	23641310	ENST00000261584.9	1	13	3558	0.4266441821247892	0.00983698707138842	2370.575042158516	2317.0	3558	Deletion Not Detected	
PARP1	additional	chr1	226360209	226408154	ENST00000366794.10	1	23	3042	0.5128205128205128	0.0	920.0029585798817	901.0	3042	not_tested	
PARP2	additional	chr14	20343614	20357904	ENST00000429687.8	1	16	1710	0.4619883040935672	0.023391812865497075	808.693567251462	721.0	1710	not_tested	
PARP3	additional	chr3	51942344	51948867	ENST00000398755.8	1	10	1599	0.5803627267041901	0.020012507817385866	1150.2595372107567	1179.0	1599	not_tested	
PAX3	additional	chr2	222199886	222298998	ENST00000392070.7	1	9	1452	0.5750688705234159	0.0	1066.7741046831957	994.5	1452	not_tested	
PAX5	additional	chr9	36833268	37034268	ENST00000358127.9	1	10	1173	0.5916453537936914	0.0	882.540494458653	892.0	1173	not_tested	
PAX7	additional	chr1	18630845	18748866	ENST00000420770.7	1	9	1515	0.6336633663366337	0.0231023102310231	934.7095709570957	1046.0	1515	not_tested	
PAX8	additional	chr2	113215996	113278921	ENST00000429538.8	1	11	1350	0.6111111111111112	0.0	1121.8585185185186	1191.5	1350	not_tested	
PBRM1	clinical	chr3	52545351	52685917	ENST00000409057.5	0	29	4902	0.441452468380253	0.03406772745818033	1772.7990616075072	1608.5	4902	Deletion Not Detected	
PBX1	additional	chr1	164555583	164899296	ENST00000420696.7	1	9	1290	0.5372093023255814	0.040310077519379844	842.3364341085271	685.0	1290	not_tested	
PCBP4	not_in_small_variant_workbook	chr3	51957453	51974016	ENST00000461554.6	1	12	1209	0.6112489660876758	0.0	222.50454921422664	214.0	1209	not_tested	
PCM1	additional	chr8	17922839	18027975	ENST00000519253.5	0	37	6048	0.4019510582010582	0.013392857142857142	368.9834656084656	348.5	6048	not_tested	
PDCD1	additional	chr2	241849883	241858894	ENST00000334409.10	1	5	864	0.6597222222222222	0.037037037037037035	1199.8645833333333	1181.0	864	not_tested	
PDCD1LG2	additional	chr9	5510530	5571282	ENST00000397747.5	1	6	819	0.4822954822954823	0.0	598.7838827838827	633.0	819	not_tested	
PDE4DIP	additional	chr1	148808180	149048286	ENST00000618462.4	0	46	6720	0.5105654761904762	0.0	303.13065476190474	202.0	4899	not_tested	
PDGFB	additional	chr22	39223358	39244982	ENST00000331163.11	1	6	723	0.623789764868603	0.0	1322.4993084370678	1391.0	723	not_tested	
PDGFRA	clinical	chr4	54229279	54298245	ENST00000257290.10	1	22	3267	0.47444138353229265	0.0	1607.9369452096726	1702.0	3267	not_tested	
PDGFRB	additional	chr5	150113838	150155872	ENST00000261799.9	1	22	3318	0.5828812537673297	0.034659433393610606	3886.6458710066304	3838.5	3318	not_tested	
PDK1	additional	chr2	172555372	172608669	ENST00000282077.8	1	11	1308	0.4801223241590214	0.0	470.0703363914373	494.5	1308	not_tested	
PER1	additional	chr17	8140471	8156506	ENST00000317276.9	1	22	3870	0.6361757105943152	0.07338501291989664	1022.6162790697674	953.0	3870	not_tested	
PHF6	additional	chrX	134373311	134428791	ENST00000370803.8	1	9	1095	0.3972602739726027	0.0	270.351598173516	251.0	1095	not_tested	
PHF7	not_in_small_variant_workbook	chr3	52410659	52423641	ENST00000327906.8	1	10	1143	0.48031496062992124	0.0	176.71478565179353	166.0	1143	not_tested	
PHOX2B	additional	chr4	41744081	41748725	ENST00000226382.4	1	3	942	0.6624203821656051	0.08917197452229299	722.0541401273886	667.5	942	not_tested	
PIK3C2B	additional	chr1	204422627	204494724	ENST00000367187.7	0	32	4902	0.5703794369645043	0.0	1078.6544267645859	1163.0	4902	not_tested	
PIK3C2G	additional	chr12	18242960	18648416	ENST00000538779.6	1	32	4458	0.3959174517720951	0.02041274113952445	425.9650067294751	402.0	4458	not_tested	
PIK3CA	clinical	chr3	179148113	179240093	ENST00000263967.4	1	20	3204	0.39076154806491886	0.0	1474.6981897627966	1456.5	3204	not_tested	
PIK3CB	additional	chr3	138652697	138834928	ENST00000674063.1	1	22	3210	0.40996884735202493	0.0	1611.6691588785047	1629.5	3210	not_tested	
PIK3CD	additional	chr1	9651730	9729114	ENST00000377346.9	1	22	3132	0.60727969348659	0.0	975.3279054916986	939.0	3132	not_tested	
PIK3CG	additional	chr7	106865277	106908980	ENST00000496166.6	1	10	3306	0.5066545674531155	0.0	961.8826376285541	1032.0	3306	not_tested	
PIK3R1	additional	chr5	68215755	68301821	ENST00000521381.6	1	15	2172	0.4198895027624309	0.0	1599.3876611418048	1577.0	2172	not_tested	
PIK3R2	additional	chr19	18153162	18170532	ENST00000222254.13	1	15	2184	0.657967032967033	0.07051282051282051	6701.604853479854	6930.0	2184	not_tested	
PIM1	additional	chr6	37170151	37175428	ENST00000373509.6	1	6	939	0.597444089456869	0.0	5125.845580404686	5014.0	939	not_tested	
PLAG1	additional	chr8	56160908	56211324	ENST00000316981.8	1	2	1500	0.4533333333333333	0.0	655.4986666666666	675.5	1500	not_tested	
PLCB4	additional	chr20	9068762	9481242	ENST00000378473.9	1	37	3618	0.42399115533443893	0.0	222.10475400773907	192.0	3618	not_tested	
PLCG2	additional	chr16	81739096	81962685	ENST00000564138.6	1	32	3795	0.524901185770751	0.006324110671936759	1056.153886693017	1042.0	3795	not_tested	
PML	additional	chr15	73994672	74047827	ENST00000268058.8	1	9	2646	0.6455026455026455	0.0	1052.196523053666	1055.0	2646	not_tested	
PMS1	additional	chr2	189784084	189877629	ENST00000441310.7	1	12	2796	0.35371959942775394	0.0	307.14413447782545	289.0	2796	not_tested	
PMS2	additional	chr7	5970924	6009106	ENST00000265849.12	1	15	2586	0.46365042536736273	0.0	2526.356148491879	2516.5	2537	Deletion Not Detected	
POC1A	not_in_small_variant_workbook	chr3	52075225	52154690	ENST00000296484.7	1	11	1221	0.5683865683865684	0.030303030303030304	274.1220311220311	259.0	1221	not_tested	
POLD1	additional	chr19	50384203	50418018	ENST00000440232.7	1	26	3321	0.649804275820536	0.01656127672387835	5879.409816320385	6033.0	3321	not_tested	
POLD2	additional	chr7	44114679	44124358	ENST00000610533.6	1	10	1407	0.5948827292110874	0.0	1173.1855010660981	1132.0	1407	not_tested	
POLD3	additional	chr11	74493850	74669117	ENST00000263681.7	1	12	1398	0.45565092989985695	0.05150214592274678	505.28040057224604	487.0	1398	not_tested	
POLD4	additional	chr11	67350771	67356972	ENST00000312419.8	1	4	321	0.6697819314641744	0.0	888.5295950155763	915.0	321	not_tested	
POLE	additional	chr12	132623752	132687376	ENST00000320574.10	1	49	6858	0.5613881598133567	0.0	4851.608778069408	4940.0	6858	Deletion Not Detected	
POLH	additional	chr6	43576184	43620523	ENST00000372236.9	1	10	2139	0.4796633941093969	0.015895278167367927	741.8368396446938	736.0	2139	not_tested	
POLQ	additional	chr3	121431426	121546641	ENST00000264233.6	1	30	7770	0.41145431145431144	0.0066924066924066924	442.039897039897	408.5	7770	not_tested	
POT1	additional	chr7	124822385	124929983	ENST00000357628.8	1	15	1902	0.38958990536277605	0.0	841.5420609884333	801.0	1902	not_tested	
POU2AF1	additional	chr11	111352254	111455630	ENST00000393067.8	1	5	768	0.6354166666666666	0.04296875	1218.59375	1155.5	768	not_tested	
PPARG	clinical	chr3	12287367	12434356	ENST00000651735.1	1	6	1425	0.4694736842105263	0.0	2033.6533333333334	2228.0	1425	not_tested	
PPM1D	additional	chr17	60600182	60666280	ENST00000305921.8	1	6	1815	0.512396694214876	0.029201101928374655	651.9603305785124	659.0	1815	not_tested	
PPM1M	not_in_small_variant_workbook	chr3	52245758	52250599	ENST00000323588.9	1	10	1377	0.6122004357298475	0.0	243.47276688453158	230.0	1377	not_tested	
PPP2R1A	additional	chr19	52190047	52229518	ENST00000322088.11	1	15	1767	0.5908319185059423	0.017543859649122806	5518.814940577249	5591.0	1767	not_tested	
PPP2R2A	additional	chr8	26291507	26372680	ENST00000380737.8	1	10	1341	0.3855331841909023	0.017897091722595078	1344.5704697986578	1314.0	1341	not_tested	
PPP6C	additional	chr9	125146572	125189939	ENST00000373547.9	1	7	915	0.42295081967213116	0.0	549.6513661202185	572.0	915	not_tested	
PRCC	additional	chr1	156750609	156800815	ENST00000271526.9	1	7	1473	0.581805838424983	0.0	1019.8262050237611	961.0	1473	not_tested	
PRDM1	additional	chr6	105993462	106109939	ENST00000369096.9	1	7	2475	0.5373737373737374	0.0	3373.5474747474746	3560.0	2475	not_tested	
PRDM6	clinical	chr5	123089240	123194266	ENST00000407847.5	1	7	1785	0.6240896358543417	0.04089635854341737	379.5389355742297	310.0	1785	not_tested	
PREX2	additional	chr8	67952045	68237032	ENST00000288368.5	1	40	4818	0.4402241594022416	0.0	525.3879202988792	494.0	4818	not_tested	
PRF1	additional	chr10	70597347	70602759	ENST00000441259.2	1	2	1665	0.6402402402402403	0.05045045045045045	1274.0564564564565	1266.0	1665	not_tested	
PRKACA	additional	chr19	14091687	14118084	ENST00000308677.9	1	10	1053	0.5318138651471985	0.019943019943019943	3981.9126305792975	4294.0	1053	not_tested	
PRKAR1A	additional	chr17	68511779	68551319	ENST00000589228.6	1	10	1143	0.4715660542432196	0.0	2498.23709536308	2370.0	1143	not_tested	
PRKCD	not_in_small_variant_workbook	chr3	53156008	53192717	ENST00000330452.8	1	17	2028	0.5473372781065089	0.0	293.39497041420117	286.0	2028	not_tested	
PRKCH	additional	chr14	61187558	61550976	ENST00000332981.10	0	14	2049	0.511469009272816	0.0	1120.2767203513908	1134.0	2049	not_tested	
PRKCI	additional	chr3	170222423	170305977	ENST00000295797.5	1	18	1788	0.4356823266219239	0.0	461.90548098434004	390.0	1788	not_tested	
PRKD1	additional	chr14	29576478	30191898	ENST00000331968.11	1	18	2736	0.4872076023391813	0.0	291.70540935672517	293.0	2736	not_tested	
PRKDC	additional	chr8	47773110	47960178	ENST00000314191.7	1	86	12384	0.45938307493540054	0.001614987080103359	2285.2953811369507	2122.0	12384	not_tested	
PRKN	additional	chr6	161347416	162727775	ENST00000366898.6	1	12	1395	0.5491039426523298	0.0	627.1827956989247	592.0	1395	not_tested	
PRRX1	additional	chr1	170662727	170739421	ENST00000239461.11	1	4	735	0.5782312925170068	0.0	917.1414965986395	1039.0	735	not_tested	
PRSS8	additional	chr16	31131432	31135727	ENST00000317508.11	1	6	1029	0.6355685131195336	0.0	1308.4237123420796	1299.0	1029	not_tested	
PTCH1	clinical	chr9	95442979	95517057	ENST00000331920.11	1	23	4341	0.5623128311448975	0.0313291868233126	3843.463487675651	3985.0	4341	Deletion Not Detected	
PTCH2	additional	chr1	44819843	44843253	ENST00000372192.4	1	22	3609	0.6173455250761984	0.011360487669714602	1116.0656691604322	1133.0	3609	not_tested	
PTEN	clinical	chr10	87863624	87971930	ENST00000371953.8	1	9	1209	0.38461538461538464	0.0	1801.616211745244	1813.0	1209	Deletion Not Detected	
PTK2B	additional	chr8	27311481	27459391	ENST00000346049.10	1	30	3027	0.5668979187314173	0.0019821605550049554	990.3095474066732	984.0	3027	not_tested	
PTPN11	additional	chr12	112418350	112509918	ENST00000351677.7	1	15	1779	0.4536256323777403	0.0	2273.336143901068	2139.0	1779	not_tested	
PTPN22	additional	chr1	113813810	113871753	ENST00000359785.10	0	21	2421	0.39818256918628664	0.0	293.9801734820322	281.0	2421	not_tested	
PTPRC	additional	chr1	198638456	198757476	ENST00000442510.8	1	32	3918	0.4165390505359878	0.0	395.71388463501785	330.0	3918	not_tested	
PTPRD	clinical	chr9	8314245	10612723	ENST00000381196.8	0	35	5736	0.4660041841004184	0.0	437.65882147838215	428.0	5736	not_tested	
PTPRO	additional	chr12	15322256	15602175	ENST00000281171.9	1	26	3648	0.4394188596491228	0.0	518.4166666666666	503.0	3648	not_tested	
PTPRT	additional	chr20	42072751	43189970	ENST00000373187.5	0	31	4323	0.5621096460791117	0.0	1054.8093916261855	1049.0	4323	not_tested	
QKI	additional	chr6	163413999	163578592	ENST00000361752.8	1	8	1023	0.4809384164222874	0.0	652.2218963831867	617.0	1023	not_tested	
RABL3	additional	chr3	120684937	120742993	ENST00000273375.8	1	8	708	0.4378531073446328	0.0	465.8997175141243	438.5	708	not_tested	
RAC1	additional	chr7	6374526	6403967	ENST00000348035.9	1	6	576	0.4826388888888889	0.0	2940.1857638888887	2685.0	576	not_tested	
RAD21	additional	chr8	116845933	116874776	ENST00000297338.7	1	13	1893	0.4326465927099842	0.03909138932910724	549.0739566825146	520.0	1893	not_tested	
RAD50	additional	chr5	132556018	132646349	ENST00000378823.8	1	25	3936	0.3798272357723577	0.011178861788617886	740.2342479674796	570.0	3936	Deletion Not Detected	
RAD51	additional	chr15	40694773	40732340	ENST00000267868.8	1	9	1017	0.4778761061946903	0.0	579.007866273353	508.0	1017	Deletion Not Detected	
RAD51B	additional	chr14	67819778	68730218	ENST00000471583.5	0	10	1050	0.44857142857142857	0.0	1906.0819047619048	1783.0	1050	Deletion Not Detected	
RAD51C	clinical	chr17	58692572	58735611	ENST00000337432.9	1	9	1128	0.43882978723404253	0.0	2090.750886524823	1850.0	1128	Deletion Not Detected	
RAD51D	clinical	chr17	35092220	35121522	ENST00000345365.11	1	10	984	0.5741869918699187	0.0	3701.643292682927	4176.0	984	Deletion Not Detected	
RAD52	additional	chr12	911735	990053	ENST00000358495.8	1	11	1254	0.5366826156299841	0.05342902711323764	1162.5693779904307	1163.0	1254	Deletion Not Detected	
RAD54B	additional	chr8	94371959	94475115	ENST00000336148.10	1	14	2730	0.378021978021978	0.0	405.55641025641023	394.0	2730	not_tested	
RAD54L	additional	chr1	46246460	46278480	ENST00000371975.9	1	18	2241	0.5278893351182508	0.0	2384.7175368139224	2389.0	2241	Deletion Not Detected	
RAD54L2	not_in_small_variant_workbook	chr3	51541143	51668667	ENST00000409535.6	0	21	4401	0.5419222903885481	0.02090433992274483	240.60849806862078	207.0	4262	not_tested	
RAF1	additional	chr3	12583600	12664125	ENST00000442415.7	1	17	2004	0.4875249500998004	0.0	2287.2060878243515	2165.0	2004	not_tested	
RANBP2	additional	chr2	108719481	108785809	ENST00000283195.11	1	29	9672	0.4012613730355666	0.0	558.800041356493	546.0	9584	not_tested	
RARA	additional	chr17	40309179	40357643	ENST00000254066.10	1	8	1386	0.6176046176046176	0.0	1183.9834054834055	1137.0	1386	not_tested	
RASA1	clinical	chr5	87267882	87391931	ENST00000274376.11	1	25	3141	0.43966889525628783	0.017191977077363897	390.2741165234002	282.0	3141	not_tested	
RB1	clinical	chr13	48303743	48599436	ENST00000267163.6	1	27	2784	0.3900862068965517	0.021192528735632182	1173.4504310344828	1146.5	2753	Deletion Not Detected	
RBBP8	additional	chr18	22798260	23026488	ENST00000327155.10	1	18	2691	0.3942772203641769	0.0	360.63507989594945	348.0	2691	not_tested	
RBM10	additional	chrX	47145220	47186813	ENST00000377604.8	1	23	2790	0.6046594982078853	0.03620071684587814	1010.4340501792115	937.0	2790	not_tested	
RBM15B	not_in_small_variant_workbook	chr3	51391284	51397908	ENST00000563281.2	1	1	2670	0.651685393258427	0.07565543071161049	325.4355805243446	362.0	2670	not_tested	
RCAN1	additional	chr21	34513141	34615113	ENST00000313806.9	1	4	756	0.5833333333333334	0.03968253968253968	849.3915343915344	934.0	756	not_tested	
RECQL4	additional	chr8	144511287	144517845	ENST00000617875.6	1	21	3624	0.6561810154525386	0.00717439293598234	1088.094646799117	1061.0	3624	not_tested	
REL	additional	chr2	60881520	60931612	ENST00000394479.4	1	10	1761	0.4122657580919932	0.0	473.5105053946621	453.0	1761	not_tested	
RELA	additional	chr11	65653596	65663090	ENST00000406246.8	1	11	1653	0.6110102843315185	0.12462189957652753	1022.4361766485179	999.0	1653	not_tested	
REST	additional	chr4	56907875	56966808	ENST00000309042.12	1	3	3291	0.4560923731388636	0.0	158.6083257368581	135.0	3291	not_tested	
RET	clinical	chr10	43077063	43130351	ENST00000355710.8	1	20	3342	0.6026331538001197	0.014661879114302813	4706.726211849192	4859.0	3342	not_tested	
RFT1	not_in_small_variant_workbook	chr3	53088482	53130453	ENST00000296292.8	1	13	1623	0.5077017868145409	0.0	168.34812076401724	142.0	1623	not_tested	
RHEB	additional	chr7	151466011	151520120	ENST00000262187.10	1	8	552	0.4057971014492754	0.0	350.57971014492756	236.0	552	not_tested	
RHOA	additional	chr3	49359138	49412998	ENST00000418115.6	1	4	579	0.4939550949913644	0.0	567.6476683937824	514.0	579	not_tested	
RHOH	additional	chr4	40191052	40246967	ENST00000381799.10	1	1	573	0.5759162303664922	0.0	1144.2949389179755	1162.0	573	not_tested	
RICTOR	additional	chr5	38937919	39074399	ENST00000357387.8	1	38	5124	0.4055425448868072	0.0	588.3926619828259	576.0	5124	not_tested	
RINT1	additional	chr7	105532168	105567677	ENST00000257700.7	1	15	2376	0.4116161616161616	0.0	544.3152356902357	535.0	2376	not_tested	
RIT1	additional	chr1	155897807	155911404	ENST00000368323.8	1	5	657	0.4733637747336377	0.0	470.751902587519	445.0	657	not_tested	
RMI2	additional	chr16	11249618	11381662	ENST00000312499.6	1	2	441	0.6848072562358276	0.0	618.1587301587301	701.0	441	not_tested	
RNF43	additional	chr17	58353675	58417595	ENST00000407977.7	1	9	2349	0.6057896977437207	0.01319710515112814	4793.746700723712	5151.0	2349	not_tested	
ROS1	additional	chr6	117287352	117425942	ENST00000368507.8	1	44	7023	0.42417770183682185	0.0	1384.63747686174	1328.0	7023	not_tested	
RPA1	additional	chr17	1829701	1900082	ENST00000254719.10	1	17	1848	0.4843073593073593	0.035173160173160176	729.607683982684	751.0	1848	Deletion Not Detected	
RPA2	additional	chr1	27891523	27914746	ENST00000373912.8	1	9	810	0.48271604938271606	0.0	326.54938271604937	293.0	810	not_tested	
RPA3	additional	chr7	7636517	7718607	ENST00000223129.8	1	4	363	0.44077134986225897	0.0	518.1101928374655	413.0	363	not_tested	
RPA4	additional	chrX	96883907	96885467	ENST00000373040.4	1	1	783	0.4827586206896552	0.0	567.0638569604087	558.0	783	not_tested	
RPL10	additional	chrX	154389954	154409168	ENST00000369817.7	1	6	642	0.5482866043613707	0.0	1180.1214953271028	1015.5	642	not_tested	
RPL22	additional	chr1	6185019	6209389	ENST00000234875.9	1	4	384	0.4427083333333333	0.0	504.9401041666667	373.0	384	not_tested	
RPL29	not_in_small_variant_workbook	chr3	51993521	51995895	ENST00000294189.11	1	3	477	0.559748427672956	0.20754716981132076	190.51153039832286	90.0	297	not_tested	
RPL5	additional	chr1	92832012	92841924	ENST00000370321.8	1	8	891	0.44332210998877664	0.0	331.5129068462402	319.0	891	not_tested	
RPN1	additional	chr3	128619968	128681075	ENST00000296255.8	1	10	1821	0.5244371224601867	0.016474464579901153	1076.0939044481054	1004.0	1821	not_tested	
RPTOR	additional	chr17	80544818	80966371	ENST00000306801.8	1	34	4005	0.5905118601747815	0.006991260923845194	1131.6392009987514	1134.0	4005	not_tested	
RRAS2	additional	chr11	14277921	14364506	ENST00000256196.9	1	6	612	0.46895424836601307	0.0	440.6437908496732	394.0	612	not_tested	
RRP9	not_in_small_variant_workbook	chr3	51933428	51941904	ENST00000232888.7	1	15	1425	0.6126315789473684	0.021052631578947368	210.92701754385965	207.0	1425	not_tested	
RSPO1	additional	chr1	37611349	37634892	ENST00000356545.7	1	5	789	0.6223067173637515	0.026615969581749048	916.0671736375158	915.0	789	not_tested	
RSPO2	additional	chr8	107899315	108083642	ENST00000276659.10	1	5	729	0.4554183813443073	0.05898491083676269	584.9135802469136	550.0	729	not_tested	
RSPO3	additional	chr6	127118670	127199481	ENST00000356698.9	1	5	816	0.4252450980392157	0.03431372549019608	479.7377450980392	488.0	816	not_tested	
RUNX1	additional	chr21	34787800	36004667	ENST00000675419.1	1	8	1440	0.6291666666666667	0.024305555555555556	4287.770138888889	4289.5	1440	not_tested	
RXRA	additional	chr9	134317097	134440585	ENST00000481739.2	1	10	1386	0.6327561327561327	0.0	342.6248196248196	332.0	1386	not_tested	
SBDS	additional	chr7	66987679	66995587	ENST00000246868.7	1	5	750	0.436	0.0	665.696	602.5	750	not_tested	
SDC4	additional	chr20	45325287	45348424	ENST00000372733.3	1	5	594	0.5538720538720538	0.0	1133.6599326599326	1136.0	594	not_tested	
SDHA	additional	chr5	218240	257082	ENST00000264932.11	1	15	1992	0.5572289156626506	0.0	5553.070281124498	5587.0	1992	Deletion Not Detected	
SDHAF2	additional	chr11	61430041	61446733	ENST00000301761.7	1	4	498	0.46184738955823296	0.014056224899598393	1522.1967871485945	838.5	498	Deletion Not Detected	
SDHB	additional	chr1	17018721	17054032	ENST00000375499.8	1	8	840	0.5	0.0	2168.8607142857145	2054.0	840	Deletion Not Detected	
SDHC	additional	chr1	161314380	161363206	ENST00000367975.7	1	6	507	0.5128205128205128	0.0	2207.439842209073	2337.0	507	Deletion Not Detected	
SDHD	additional	chr11	112086823	112120016	ENST00000375549.8	1	4	477	0.5345911949685535	0.0	3183.6897274633125	3308.0	477	Deletion Not Detected	
SELENOK	not_in_small_variant_workbook	chr3	53884416	53891962	ENST00000495461.6	1	5	282	0.4574468085106383	0.0	77.71985815602837	73.0	282	not_tested	
SEM1	additional	chr7	96481625	96709891	ENST00000248566.3	0	3	210	0.44285714285714284	0.0	368.46190476190475	338.5	210	not_tested	
SEMA3G	not_in_small_variant_workbook	chr3	52433034	52445103	ENST00000231721.7	1	16	2346	0.639386189258312	0.0247229326513214	308.0375106564365	289.0	2346	not_tested	
SERPINB3	additional	chr18	63655196	63661893	ENST00000283752.10	1	7	1170	0.4205128205128205	0.0	573.574358974359	513.0	1170	not_tested	
SET	additional	chr9	128683423	128696400	ENST00000322030.13	1	8	831	0.4175691937424789	0.1624548736462094	486.4187725631769	476.0	831	not_tested	
SETBP1	additional	chr18	44680172	45068510	ENST00000649279.2	1	5	4788	0.5334168755221387	0.022556390977443608	890.1741854636591	874.0	4788	not_tested	
SETD2	clinical	chr3	47016428	47164113	ENST00000409792.4	1	21	7692	0.42732709308372335	0.01638065522620905	1977.0442017680707	1839.0	7692	Deletion Not Detected	
SF3B1	additional	chr2	197388514	197435079	ENST00000335508.11	1	25	3912	0.4307259713701431	0.0023006134969325155	1733.5255623721882	1643.0	3912	not_tested	
SFMBT1	not_in_small_variant_workbook	chr3	52903571	53046750	ENST00000394752.8	1	20	2598	0.47421093148575827	0.0	133.57698229407237	123.0	2598	not_tested	
SFPQ	additional	chr1	35176377	35193145	ENST00000357214.6	1	10	2121	0.5723715228665723	0.1504007543611504	463.2206506364922	454.0	2121	not_tested	
SGK1	additional	chr6	134169245	134318112	ENST00000237305.11	0	12	1293	0.48414539829853054	0.0	456.7571539056458	434.0	1293	not_tested	
SH2B3	additional	chr12	111405922	111451623	ENST00000341259.7	1	7	1725	0.6742028985507247	0.0	1183.9304347826087	1009.0	1725	not_tested	
SLC34A2	additional	chr4	25648010	25678748	ENST00000382051.8	1	12	2070	0.5439613526570048	0.048792270531400964	851.3144927536232	815.0	2070	not_tested	
SLIT2	additional	chr4	20251904	20620561	ENST00000504154.6	1	37	4587	0.46740789186832354	0.0	510.6341835622411	425.0	4587	not_tested	
SLX4	additional	chr16	3581180	3611606	ENST00000294008.4	1	14	5502	0.5906942929843694	0.0	1136.224282079244	1188.0	5502	not_tested	
SMAD2	additional	chr18	47808956	47931146	ENST00000262160.11	1	10	1401	0.44610992148465384	0.0	1631.6566738044255	1453.0	1401	not_tested	
SMAD3	additional	chr15	67063762	67195173	ENST00000327367.9	1	9	1275	0.5835294117647059	0.0	1402.7592156862745	1469.0	1275	not_tested	
SMAD4	additional	chr18	51028393	51085045	ENST00000342988.8	1	11	1656	0.47101449275362317	0.035628019323671496	2014.8146135265702	1968.0	1656	Deletion Not Detected	
SMARCA1	additional	chrX	129446500	129523500	ENST00000371121.5	1	25	3210	0.41713395638629286	0.011214953271028037	324.64890965732087	322.5	3210	not_tested	
SMARCA2	additional	chr9	1980289	2193624	ENST00000349721.8	1	33	4770	0.5140461215932914	0.07882599580712789	375.6429769392034	186.0	4770	Deletion Not Detected	
SMARCA4	clinical	chr19	10960931	11079426	ENST00000344626.10	1	34	4941	0.6130337988261485	0.0791337785873305	5231.268366727383	5336.0	4941	Deletion Not Detected	
SMARCB1	clinical	chr22	23786930	23838009	ENST00000644036.2	1	9	1155	0.5567099567099567	0.0	4606.234632034632	4768.0	1155	Deletion Not Detected	
SMARCE1	clinical	chr17	40624961	40648654	ENST00000348513.12	1	10	1233	0.48661800486618007	0.0	2639.189781021898	2472.0	1233	not_tested	
SMC3	additional	chr10	110567694	110606048	ENST00000361804.5	1	29	3651	0.390304026294166	0.0	419.7000821692687	428.0	3651	not_tested	
SMIM4	not_in_small_variant_workbook	chr3	52534012	52579237	ENST00000477703.6	1	2	210	0.5285714285714286	0.0	256.18095238095236	299.0	210	not_tested	
SMO	clinical	chr7	129188632	129213545	ENST00000249373.8	1	12	2361	0.6285472257518001	0.06861499364675985	2698.218127911902	2664.0	2361	Deletion Not Detected	
SNCAIP	additional	chr5	122311353	122464219	ENST00000261368.13	1	10	2757	0.4961915125136017	0.0	836.7765687341313	800.0	2757	not_tested	
SNX29	additional	chr16	11976733	12574287	ENST00000566228.6	1	21	2439	0.5453054530545306	0.013120131201312012	910.5059450594506	892.0	2439	not_tested	
SOCS1	additional	chr16	11254407	11256204	ENST00000332029.3	0	1	633	0.7140600315955766	0.12322274881516587	2922.21327014218	2931.0	633	not_tested	
SOS1	additional	chr2	38981548	39124345	ENST00000402219.8	1	23	3999	0.4028507126781695	0.0	462.32483120780194	380.0	3999	not_tested	
SOX10	additional	chr22	37970685	37987422	ENST00000396884.8	1	3	1398	0.6680972818311874	0.0	1200.2861230329042	1240.0	1398	not_tested	
SOX2	additional	chr3	181711924	181714436	ENST00000325404.3	1	1	951	0.6593059936908517	0.04416403785488959	956.3522607781283	925.0	951	not_tested	
SOX9	additional	chr17	72121019	72126416	ENST00000245479.3	1	3	1527	0.6784544859201048	0.0	1120.1846758349704	1133.0	1527	not_tested	
SPCS1	not_in_small_variant_workbook	chr3	52704954	52711148	ENST00000619898.5	1	4	306	0.45098039215686275	0.0	141.76797385620915	169.0	306	not_tested	
SPECC1	additional	chr17	20008864	20319026	ENST00000395527.8	0	14	3204	0.5071785268414482	0.0	517.7331460674158	445.0	3204	not_tested	
SPEN	additional	chr1	15836094	15940456	ENST00000375759.8	1	15	10992	0.5193777292576419	0.008369723435225618	3402.3114082969432	3565.0	10992	not_tested	
SPOP	additional	chr17	49598883	49678163	ENST00000504102.6	1	9	1122	0.4803921568627451	0.0	2146.860071301248	1954.0	1122	not_tested	
SPRED1	additional	chr15	38252835	38357249	ENST00000299084.9	1	7	1332	0.43318318318318316	0.0	488.17492492492494	464.0	1332	not_tested	
SPTA1	additional	chr1	158610703	158686715	ENST00000643759.2	1	52	7257	0.4865646961554361	0.009094667217858619	522.4736116852694	504.0	7257	not_tested	
SRC	additional	chr20	37344684	37406050	ENST00000373578.7	1	11	1608	0.6281094527363185	0.0	4434.424129353234	4303.0	1608	not_tested	
SRGAP3	additional	chr3	8980590	9363053	ENST00000383836.8	1	22	3297	0.5586897179253867	0.02032150439793752	940.2814680012132	971.0	3297	not_tested	
SRSF2	additional	chr17	76734114	76737333	ENST00000359995.10	1	2	663	0.6681749622926093	0.19155354449472098	1053.0708898944192	719.0	663	not_tested	
SRSF3	additional	chr6	36594352	36605600	ENST00000373715.11	1	5	492	0.5020325203252033	0.0	761.8028455284552	799.5	492	not_tested	
SS18	additional	chr18	26016252	26091217	ENST00000415083.7	1	11	1254	0.5047846889952153	0.0	535.2081339712919	494.0	1254	not_tested	
SSBP1	additional	chr7	141738333	141787922	ENST00000265304.11	1	6	444	0.4189189189189189	0.0	271.29954954954957	261.0	444	not_tested	
STAB1	not_in_small_variant_workbook	chr3	52495337	52524495	ENST00000321725.10	1	69	7710	0.6260700389105058	0.0	274.21271076523993	275.0	7710	not_tested	
STAG2	clinical	chrX	123960211	124422664	ENST00000371145.8	1	33	3804	0.39563617245005256	0.0	297.0070977917981	298.0	3804	not_tested	
STAT3	additional	chr17	42313323	42388540	ENST00000264657.10	1	23	2310	0.5121212121212121	0.0	2888.512121212121	2686.5	2310	not_tested	
STAT4	additional	chr2	191029575	191151596	ENST00000392320.7	1	23	2244	0.4273618538324421	0.0	389.7638146167558	381.0	2244	not_tested	
STAT5B	additional	chr17	42199176	42276707	ENST00000293328.8	1	18	2361	0.5510376958915714	0.0	798.7450232952139	609.0	2316	not_tested	
STAT6	additional	chr12	57095407	57132139	ENST00000300134.8	1	21	2541	0.5792994883903975	0.009838646202282565	1289.250295159386	1323.0	2541	not_tested	
STIL	additional	chr1	47250138	47314147	ENST00000371877.8	1	16	3864	0.41459627329192544	0.0	316.71920289855075	319.5	3864	not_tested	
STIMATE	not_in_small_variant_workbook	chr3	52836218	52897548	ENST00000355083.11	1	8	882	0.5634920634920635	0.0	229.80272108843536	215.0	882	not_tested	
STIMATE-MUSTN1	not_in_small_variant_workbook	chr3	52833120	52897562	ENST00000504329.1	0	10	1116	0.5734767025089605	0.0	246.47132616487454	232.0	1116	not_tested	
STK11	additional	chr19	1177557	1228431	ENST00000326873.12	1	9	1299	0.613548883756736	0.0023094688221709007	5478.344110854503	5427.0	1299	Deletion Not Detected	
SUFU	clinical	chr10	102503971	102633535	ENST00000369902.8	1	12	1452	0.5730027548209367	0.09228650137741047	4305.495867768595	4043.0	1452	Deletion Not Detected	
SUZ12	additional	chr17	31937006	32001038	ENST00000322652.10	1	16	2217	0.4248985115020298	0.0	399.76680198466397	368.0	2189	not_tested	
SYK	additional	chr9	90801786	90898549	ENST00000375754.9	1	13	1905	0.5238845144356955	0.0	815.5249343832021	688.0	1905	not_tested	
TAF1	additional	chrX	71366263	71532374	ENST00000423759.6	1	38	5619	0.46912261968321767	0.0201103399181349	477.2710446698701	445.0	5619	not_tested	
TAF15	additional	chr17	35713790	35864615	ENST00000605844.6	1	16	1776	0.5152027027027027	0.0	1595.5765765765766	727.5	1776	not_tested	
TAL1	additional	chr1	47216289	47232220	ENST00000371884.6	0	3	993	0.6998992950654582	0.0755287009063444	563.9224572004028	537.0	993	not_tested	
TAL2	additional	chr9	105662456	105663124	ENST00000334077.6	1	1	324	0.5401234567901234	0.0	1156.5771604938273	1248.5	324	not_tested	
TBX3	additional	chr12	114670254	114684175	ENST00000349155.7	1	7	2169	0.62010142923006	0.0	928.1627478100507	864.0	2169	not_tested	
TBXT	additional	chr6	166157655	166168700	ENST00000366876.7	1	8	1308	0.6039755351681957	0.0	927.1070336391438	945.0	1308	not_tested	
TCEA1	additional	chr8	53966551	54022456	ENST00000521604.7	1	10	903	0.4186046511627907	0.0	460.69435215946845	480.0	903	not_tested	
TCF3	additional	chr19	1609289	1652615	ENST00000262965.12	1	18	1962	0.672782874617737	0.013761467889908258	1152.776758409786	1152.5	1962	not_tested	
TCF7L2	additional	chr10	112950246	113167678	ENST00000627217.3	1	14	1806	0.562015503875969	0.0	3624.825027685493	3525.0	1806	not_tested	
TEK	additional	chr9	27109140	27230174	ENST00000380036.10	1	23	3372	0.47805456702253857	0.0	234.12455516014234	207.0	3372	not_tested	
TERF2IP	additional	chr16	75647772	75761872	ENST00000300086.5	1	3	1197	0.5781119465329991	0.025898078529657476	771.327485380117	723.0	1197	not_tested	
TERT	clinical	chr5	1253146	1295068	ENST00000310581.10	1	16	3396	0.6610718492343934	0.0	5792.336572438163	5942.5	3396	not_tested	
TET1	additional	chr10	68560336	68694487	ENST00000373644.5	1	11	6408	0.4419475655430712	0.001560549313358302	558.7148876404494	454.0	6408	Deletion Not Detected	
TET2	additional	chr4	105145874	105279816	ENST00000380013.9	1	9	6006	0.4508824508824509	0.01998001998001998	2243.6060606060605	2295.0	6006	Deletion Not Detected	
TEX264	not_in_small_variant_workbook	chr3	51662692	51704323	ENST00000341333.10	1	4	939	0.6017039403620873	0.0	385.2555910543131	315.0	939	not_tested	
TFE3	additional	chrX	49028725	49043410	ENST00000315869.8	1	10	1725	0.6173913043478261	0.0336231884057971	869.4498550724637	826.0	1725	not_tested	
TFEB	additional	chr6	41683977	41736259	ENST00000373033.6	1	8	1428	0.6204481792717087	0.022408963585434174	1481.2773109243697	1464.0	1428	not_tested	
TFG	additional	chr3	100709294	100748964	ENST00000240851.9	1	7	1200	0.4633333333333333	0.0	539.5775	484.0	1200	not_tested	
TFRC	additional	chr3	196027182	196082096	ENST00000360110.9	1	18	2280	0.44166666666666665	0.0	650.2912280701754	635.0	2280	not_tested	
TGFBR1	additional	chr9	99104037	99154192	ENST00000374994.9	1	9	1509	0.4486414844267727	0.01855533465871438	493.1795891318754	466.0	1509	not_tested	
TGFBR2	additional	chr3	30606600	30694142	ENST00000295754.10	1	7	1701	0.5243974132863022	0.0	925.6425631981188	1046.0	1701	not_tested	
THRAP3	additional	chr1	36224431	36305357	ENST00000354618.10	1	10	2865	0.4956369982547993	0.0893542757417103	610.3193717277487	471.0	2865	not_tested	
TIPARP	additional	chr3	156673234	156706770	ENST00000295924.12	1	5	1971	0.4256722475900558	0.04058853373921867	521.7194317605276	534.0	1971	not_tested	
TKT	not_in_small_variant_workbook	chr3	53224711	53256052	ENST00000462138.6	1	14	1869	0.5869448903156769	0.0	313.10861423220973	297.0	1869	not_tested	
TLR9	not_in_small_variant_workbook	chr3	52221079	52225645	ENST00000360658.3	1	2	3096	0.6224160206718347	0.011950904392764857	220.76679586563307	223.0	3096	not_tested	
TLX3	additional	chr5	171309247	171312139	ENST00000296921.6	1	3	873	0.6827033218785796	0.0	1212.7800687285223	1205.0	873	not_tested	
TMEM127	additional	chr2	96248513	96265997	ENST00000258439.8	1	3	714	0.6204481792717087	0.0	4991.385154061624	5130.0	714	not_tested	
TMEM161B	not_in_small_variant_workbook	chr5	88189632	88269476	ENST00000296595.11	1	12	1461	0.39082819986310746	0.0	91.22518822724162	89.0	1461	not_tested	
TNF	additional	chr6	31575564	31578336	ENST00000449264.3	1	4	699	0.6137339055793991	0.0	1954.4320457796853	2192.0	699	not_tested	
TNFAIP3	additional	chr6	137867213	137883312	ENST00000612899.5	1	8	2370	0.5240506329113924	0.0	3025.123206751055	2831.0	2370	not_tested	
TNFRSF14	additional	chr1	2555638	2565382	ENST00000355716.5	1	8	849	0.6219081272084805	0.0	3206.21554770318	3231.0	849	not_tested	
TNNC1	not_in_small_variant_workbook	chr3	52451099	52454041	ENST00000232975.8	1	6	483	0.546583850931677	0.0	276.42857142857144	306.0	483	not_tested	
TOP1	additional	chr20	41028821	41124487	ENST00000361337.3	1	21	2295	0.43137254901960786	0.10108932461873639	631.0104575163399	630.0	2295	not_tested	
TOP2A	additional	chr17	40388524	40417896	ENST00000423485.6	1	35	4593	0.3945133899412149	0.02786849553668626	423.20269976050514	396.0	4593	not_tested	
TOP3A	additional	chr17	18271427	18315007	ENST00000321105.10	1	19	3003	0.5497835497835498	0.016317016317016316	827.004995004995	896.0	3003	not_tested	
TOP3B	additional	chr22	21957024	21982813	ENST00000357179.10	1	17	2586	0.5931941221964424	0.0	1045.0873936581593	1042.5	2405	not_tested	
TP53	clinical	chr17	7661778	7687538	ENST00000269305.9	1	10	1179	0.5691263782866837	0.0	4615.168787107718	4665.0	1179	Deletion Not Detected	
TPM3	additional	chr1	154155303	154194648	ENST00000651641.1	1	10	855	0.4888888888888889	0.0	2420.9777777777776	2506.0	855	not_tested	
TPM4	additional	chr19	16067020	16103002	ENST00000643579.2	1	8	744	0.532258064516129	0.051075268817204304	1611.366935483871	1499.5	744	not_tested	
TRAF3	additional	chr14	102777448	102911500	ENST00000392745.8	1	10	1704	0.5187793427230047	0.0	1393.2142018779343	1486.0	1704	not_tested	
TRAF7	clinical	chr16	2155697	2178129	ENST00000326181.11	1	20	2010	0.6034825870646766	0.0	1077.3572139303483	1056.0	2010	not_tested	
TRIM27	additional	chr6	28903001	28923988	ENST00000377199.4	1	8	1539	0.5601039636127355	0.0	956.5477582846004	986.0	1539	not_tested	
TRIM28	additional	chr19	58544063	58550722	ENST00000253024.10	1	17	2505	0.6219560878243513	0.0	650.8375249500998	635.0	2505	not_tested	
TRRAP	additional	chr7	98877932	99050831	ENST00000456197.2	1	72	11619	0.5305103709441432	0.009381185988467166	959.1980376968758	969.0	11619	not_tested	
TSC1	additional	chr9	132891347	132946874	ENST00000298552.9	1	21	3492	0.5071592210767468	0.01804123711340206	3101.4813860252007	2648.5	3492	Deletion Not Detected	
TSC2	additional	chr16	2047966	2089491	ENST00000219476.9	1	41	5421	0.6021029330381849	0.0	5294.814794318391	5420.0	5421	Deletion Not Detected	
TSHR	additional	chr14	80954988	81146306	ENST00000298171.7	1	10	2292	0.47862129144851656	0.009598603839441536	1262.0292321116929	1161.5	2292	not_tested	
TSHZ3	additional	chr19	31149978	31349436	ENST00000240587.5	1	2	3243	0.5652173913043478	0.010792476102374344	1312.3114400246686	1261.0	3243	not_tested	
TWF2	not_in_small_variant_workbook	chr3	52228611	52246788	ENST00000305533.10	1	9	1047	0.6055396370582617	0.0	231.31232091690543	224.0	1047	not_tested	
TYK2	additional	chr19	10350528	10380572	ENST00000525621.6	1	23	3561	0.6208930075821398	0.0	1253.7197416456052	1261.0	3561	not_tested	
TYRO3	additional	chr15	41557674	41583589	ENST00000263798.8	1	19	2670	0.5951310861423221	0.03707865168539326	1118.3348314606742	1027.0	2670	not_tested	
U2AF1	additional	chr21	43092955	43107570	ENST00000291552.9	1	8	720	0.5388888888888889	0.09166666666666666	3556.8694444444445	3566.5	720	not_tested	
UBE2T	additional	chr1	202331656	202341980	ENST00000646651.1	1	6	591	0.4500846023688663	0.0	440.7851099830795	445.0	591	not_tested	
UBR5	additional	chr8	102252272	102412759	ENST00000520539.6	1	59	8397	0.443848993688222	0.02631892342503275	503.3690603787067	485.0	8397	not_tested	
USP6	additional	chr17	5116031	5175034	ENST00000574788.6	1	29	4218	0.4973921289710763	0.007823613086770981	861.7266477003319	714.0	4218	not_tested	
VEGFA	additional	chr6	43770183	43786487	ENST00000523950.5	0	7	573	0.5235602094240838	0.0	1286.4694589877836	1272.0	573	not_tested	
VHL	clinical	chr3	10141777	10153667	ENST00000256474.3	1	3	639	0.6165884194053208	0.0	2786.0453834115806	3193.0	639	Deletion Not Detected	
VTI1A	additional	chr10	112446997	112818744	ENST00000393077.3	1	8	651	0.4838709677419355	0.0	752.6098310291859	723.0	651	not_tested	
WAS	additional	chrX	48676595	48691427	ENST00000376701.5	1	12	1506	0.6254980079681275	0.06772908366533864	835.5325365205844	839.0	1506	not_tested	
WDCP	additional	chr2	24029346	24049575	ENST00000295148.9	1	3	2163	0.44244105409153955	0.014331946370781322	567.6236708275543	442.0	2163	not_tested	
WDR82	not_in_small_variant_workbook	chr3	52254433	52288020	ENST00000296490.8	1	9	939	0.4696485623003195	0.0	140.419595314164	131.0	939	not_tested	
WRN	additional	chr8	31033787	31176138	ENST00000298139.7	1	34	4296	0.3985102420856611	0.012802607076350093	1156.6003258845437	1170.0	4296	not_tested	
WT1	additional	chr11	32387774	32435564	ENST00000452863.10	1	10	1566	0.6174968071519795	0.031289910600255426	3235.184546615581	3179.5	1566	Deletion Not Detected	
WWTR1	additional	chr3	149517234	149736714	ENST00000360632.8	1	6	1200	0.5808333333333333	0.015	847.2183333333334	868.0	1200	not_tested	
XPA	additional	chr9	97674908	97697340	ENST00000375128.5	1	6	819	0.44932844932844934	0.05128205128205128	349.1855921855922	288.0	819	not_tested	
XPC	additional	chr3	14145146	14178621	ENST00000285021.12	1	16	2820	0.5312056737588653	0.005673758865248227	917.3212765957447	885.5	2820	not_tested	
XPO1	additional	chr2	61476031	61538741	ENST00000401558.7	1	24	3213	0.3713040771864301	0.0	1476.8425147836913	1468.0	3213	not_tested	
XRCC1	additional	chr19	43543310	43580473	ENST00000262887.10	1	17	1899	0.5918904686677199	0.025803054239073198	4591.583991574513	4979.0	1899	not_tested	
XRCC2	additional	chr7	152644775	152676141	ENST00000359321.2	1	3	840	0.40595238095238095	0.0	254.07857142857142	251.0	840	not_tested	
XRCC3	additional	chr14	103697608	103715504	ENST00000555055.6	1	7	1038	0.6329479768786127	0.0	1622.267822736031	1548.5	1038	not_tested	
YAP1	additional	chr11	102110446	102233424	ENST00000282441.10	1	9	1512	0.5588624338624338	0.0	700.7275132275132	569.5	1512	not_tested	
YES1	additional	chr18	721587	812546	ENST00000314574.5	1	11	1629	0.4076120319214242	0.0	415.8569674647023	428.0	1629	not_tested	
YWHAE	additional	chr17	1344274	1400222	ENST00000264335.13	1	6	765	0.45098039215686275	0.0	605.5477124183006	577.0	765	not_tested	
ZBTB16	additional	chr11	114059710	114256765	ENST00000335953.9	1	6	2019	0.5993065874195146	0.0	1347.6790490341753	1439.0	2019	not_tested	
ZBTB2	additional	chr6	151364114	151391559	ENST00000325144.5	1	2	1542	0.5188067444876784	0.0	905.3261997405966	926.0	1542	not_tested	
ZFHX3	additional	chr16	72782884	73891871	ENST00000268489.10	1	9	11109	0.5625168782068592	0.055900621118012424	1096.9353677198667	1054.0	11109	not_tested	
ZNF217	additional	chr20	53567070	53609907	ENST00000371471.7	1	4	3144	0.48982188295165396	0.0	944.3813613231553	874.0	3144	not_tested	
ZNF331	additional	chr19	53519526	53580269	ENST00000449416.6	1	3	1389	0.46220302375809935	0.0	761.6637868970482	789.0	1389	not_tested	
ZNF384	additional	chr12	6666476	6689572	ENST00000396801.7	0	9	1731	0.5730791450028885	0.1097631426920855	1369.8659734257656	1367.0	1731	not_tested	
ZNF521	additional	chr18	25061923	25352190	ENST00000361524.8	1	7	3933	0.4853801169590643	0.0	707.9351639969489	631.0	3933	not_tested	
ZNF703	additional	chr8	37695781	37700019	ENST00000331569.6	1	2	1770	0.7237288135593221	0.10282485875706214	818.5435028248587	793.0	1770	not_tested	
ZNRF3	additional	chr22	28883571	29057488	ENST00000544604.7	1	9	2808	0.6574074074074074	0.03917378917378917	1094.8336894586894	1107.0	2808	not_tested	
ZRSR2	additional	chrX	15790471	15823260	ENST00000307771.8	1	11	1446	0.49239280774550487	0.1355463347164592	664.2206085753803	597.0	1446	not_tested	
